user_id,country,current_role,kaggle_tier,years_experience,hours_spent_weekly,gold_medals,silver_medals,datasets_shared,competitions_entered,follower_count,github_link,portfolio_score,total_certifications,monthly_recruiter_pings,salary_usd,experience_years
KAG_2026_10000,India,Researcher,Expert,11,30,2,3,16,26,237,1,57,6,12,101507.0,11.0
KAG_2026_10001,USA,Data Scientist,Contributor,4,18,0,6,6,16,200,1,25,9,5,142205.0,4.0
KAG_2026_10002,India,Student,Contributor,2,10,0,3,11,20,170,1,26,2,4,0.0,2.0
KAG_2026_10003,India,Data Analyst,Master,18,46,6,29,21,58,1063,1,87,3,20,104064.0,18.0
KAG_2026_10004,Nigeria,ML Engineer,Contributor,6,10,0,6,14,10,230,1,29,3,5,73990.0,6.0
KAG_2026_10005,India,ML Engineer,Expert,19,24,3,9,17,33,487,1,72,9,15,136827.0,19.0
KAG_2026_10006,Germany,Student,Novice,0,8,0,0,0,15,8,0,6,1,0,0.0,0.0
KAG_2026_10007,USA,Data Scientist,Contributor,10,16,0,1,9,7,80,1,36,4,7,183025.0,10.0
KAG_2026_10008,India,Student,Novice,2,11,0,0,2,5,5,1,10,2,0,0.0,2.0
KAG_2026_10009,USA,Data Scientist,Master,18,44,19,24,24,58,978,1,92,8,26,201648.0,18.0
KAG_2026_10010,UK,ML Engineer,Expert,7,30,1,4,16,26,235,1,43,6,10,145595.0,7.0
KAG_2026_10011,UK,Student,Novice,1,6,0,0,9,11,8,0,12,2,0,0.0,1.0
KAG_2026_10012,USA,Student,Expert,0,33,2,8,18,26,374,1,35,3,9,0.0,0.0
KAG_2026_10013,India,Data Scientist,Contributor,11,10,0,1,14,21,334,0,42,5,7,93698.0,11.0
KAG_2026_10014,India,Student,Novice,1,2,0,0,0,5,13,1,3,2,0,0.0,1.0
KAG_2026_10015,Spain,ML Engineer,Contributor,19,12,0,4,6,9,434,1,48,7,9,158695.0,19.0
KAG_2026_10016,USA,Data Scientist,Contributor,5,9,0,3,14,8,186,0,36,5,5,146914.0,5.0
KAG_2026_10017,Japan,Data Analyst,Expert,14,31,3,3,16,37,261,1,61,10,13,110607.0,14.0
KAG_2026_10018,Germany,Data Analyst,Grandmaster,19,52,13,18,22,114,2651,1,97,6,28,148851.0,19.0
KAG_2026_10019,Nigeria,ML Engineer,Contributor,10,20,0,8,8,10,151,1,32,5,7,76614.0,10.0
KAG_2026_10020,USA,Data Analyst,Novice,4,3,0,0,0,4,13,1,6,10,1,77206.0,4.0
KAG_2026_10021,UK,Data Scientist,Expert,4,32,2,6,15,33,413,1,39,4,10,120171.0,4.0
KAG_2026_10022,France,Student,Contributor,0,9,0,3,8,20,56,1,15,1,4,0.0,0.0
KAG_2026_10023,USA,Data Scientist,Expert,8,31,2,5,12,36,265,1,43,9,11,163970.0,8.0
KAG_2026_10024,India,Student,Novice,1,9,0,0,5,10,7,1,3,1,0,12455.0,1.0
KAG_2026_10025,India,Data Scientist,Contributor,19,13,0,9,10,5,209,1,55,9,9,129282.0,19.0
KAG_2026_10026,Brazil,Researcher,Expert,10,27,1,4,10,23,549,1,58,10,11,86919.0,10.0
KAG_2026_10027,Nigeria,ML Engineer,Expert,20,20,2,6,14,29,202,1,68,5,15,121435.0,20.0
KAG_2026_10028,Spain,ML Engineer,Master,19,46,24,25,16,57,957,1,94,4,29,160980.0,19.0
KAG_2026_10029,India,Data Scientist,Expert,8,29,4,5,10,28,150,1,53,11,12,92174.0,8.0
KAG_2026_10030,USA,Student,Contributor,0,12,0,7,9,20,286,0,27,1,4,9249.0,0.0
KAG_2026_10031,Canada,Student,Novice,0,4,0,0,3,17,9,1,11,3,0,0.0,0.0
KAG_2026_10032,India,Researcher,Expert,13,34,4,2,13,24,399,1,60,7,13,122795.0,13.0
KAG_2026_10033,India,Researcher,Master,20,42,6,26,18,65,977,1,89,9,21,148649.0,20.0
KAG_2026_10034,USA,Researcher,Master,9,45,5,17,24,50,1084,1,72,4,17,173635.0,9.0
KAG_2026_10035,USA,Data Analyst,Novice,19,7,0,0,9,17,9,0,40,4,5,137312.0,19.0
KAG_2026_10036,USA,ML Engineer,Expert,21,23,1,5,18,23,506,1,71,9,14,239428.0,21.0
KAG_2026_10037,France,Student,Contributor,1,20,0,8,11,11,307,1,20,1,4,0.0,1.0
KAG_2026_10038,Canada,Student,Novice,0,5,0,0,8,20,10,1,12,2,0,5395.0,0.0
KAG_2026_10039,Brazil,Student,Novice,1,9,0,0,2,20,4,0,15,3,0,9491.0,1.0
KAG_2026_10040,UK,ML Engineer,Grandmaster,21,59,17,30,29,116,2897,1,100,10,30,210363.0,21.0
KAG_2026_10041,India,Researcher,Expert,21,26,2,1,15,29,290,1,75,10,15,132232.0,21.0
KAG_2026_10042,India,Data Scientist,Expert,8,25,3,8,10,25,294,1,46,6,11,101046.0,8.0
KAG_2026_10043,Spain,ML Engineer,Expert,15,33,3,3,16,26,322,1,56,7,14,130603.0,15.0
KAG_2026_10044,India,Data Analyst,Contributor,10,19,0,1,7,11,229,1,41,10,7,66398.0,10.0
KAG_2026_10045,USA,Student,Novice,1,5,0,0,4,12,10,0,5,2,0,0.0,1.0
KAG_2026_10046,Canada,Student,Contributor,0,12,0,1,9,18,298,0,20,1,4,0.0,0.0
KAG_2026_10047,India,ML Engineer,Contributor,10,18,0,8,14,8,67,1,31,11,7,86748.0,10.0
KAG_2026_10048,Spain,Student,Novice,0,12,0,0,2,13,1,1,5,4,0,0.0,0.0
KAG_2026_10049,Nigeria,Data Analyst,Master,17,45,5,27,15,50,1081,1,77,6,19,102742.0,17.0
KAG_2026_10050,Spain,Data Scientist,Expert,4,26,3,1,14,28,346,1,42,3,10,109719.0,4.0
KAG_2026_10051,Spain,Researcher,Master,9,48,23,26,19,59,1165,1,78,11,26,131614.0,9.0
KAG_2026_10052,USA,ML Engineer,Contributor,19,16,0,8,11,6,201,1,52,9,9,211488.0,19.0
KAG_2026_10053,India,Student,Contributor,0,11,0,7,9,21,105,1,28,2,4,0.0,0.0
KAG_2026_10054,UK,Data Analyst,Novice,3,14,0,0,2,15,3,1,5,3,0,56127.0,3.0
KAG_2026_10055,Nigeria,Data Analyst,Expert,8,20,4,1,19,29,489,1,55,5,12,64716.0,8.0
KAG_2026_10056,Spain,Researcher,Expert,14,34,1,7,16,34,523,1,61,4,12,142416.0,14.0
KAG_2026_10057,USA,ML Engineer,Contributor,5,11,0,3,7,22,131,0,26,4,5,158517.0,5.0
KAG_2026_10058,Germany,Researcher,Expert,17,28,2,9,19,36,270,1,70,3,14,176384.0,17.0
KAG_2026_10059,India,Data Scientist,Grandmaster,18,52,5,17,20,113,2679,1,100,2,23,136335.0,18.0
KAG_2026_10060,India,Data Analyst,Contributor,16,13,0,8,7,6,150,1,41,9,8,94863.0,16.0
KAG_2026_10061,USA,Data Analyst,Novice,4,6,0,0,8,15,11,0,10,4,1,72321.0,4.0
KAG_2026_10062,USA,Data Analyst,Contributor,19,19,0,3,13,8,150,1,44,5,9,142866.0,19.0
KAG_2026_10063,Germany,Student,Contributor,1,16,0,6,8,9,354,1,17,1,4,0.0,1.0
KAG_2026_10064,USA,Researcher,Expert,19,28,2,8,16,30,536,1,65,5,14,216556.0,19.0
KAG_2026_10065,India,ML Engineer,Grandmaster,11,55,15,13,25,129,2593,1,84,3,26,121209.0,11.0
KAG_2026_10066,UK,Student,Contributor,2,16,0,5,10,23,363,1,23,4,4,0.0,2.0
KAG_2026_10067,USA,Student,Contributor,1,7,0,4,7,15,217,1,21,1,4,0.0,1.0
KAG_2026_10068,Germany,Data Analyst,Novice,3,8,0,0,4,1,8,1,4,5,0,58345.0,3.0
KAG_2026_10069,India,Student,Expert,1,22,1,2,12,30,445,1,32,2,8,0.0,1.0
KAG_2026_10070,USA,Researcher,Expert,12,24,4,3,14,33,488,1,54,6,13,198343.0,12.0
KAG_2026_10071,Germany,ML Engineer,Contributor,12,13,0,8,12,22,53,1,40,10,7,159560.0,12.0
KAG_2026_10072,Germany,Student,Novice,0,7,0,0,4,2,2,1,7,3,0,0.0,0.0
KAG_2026_10073,India,Data Scientist,Contributor,17,19,0,7,8,24,136,1,45,2,9,119500.0,17.0
KAG_2026_10074,USA,ML Engineer,Expert,13,32,1,6,15,29,452,1,64,6,12,213858.0,13.0
KAG_2026_10075,USA,Researcher,Master,19,37,17,11,17,61,1091,1,85,5,26,240987.0,19.0
KAG_2026_10076,Germany,ML Engineer,Contributor,12,13,0,6,12,10,385,0,47,9,7,160967.0,12.0
KAG_2026_10077,Germany,Data Analyst,Contributor,17,11,0,4,8,15,332,0,47,9,9,118985.0,17.0
KAG_2026_10078,Germany,Data Analyst,Novice,20,10,0,0,5,9,0,1,36,9,6,107719.0,20.0
KAG_2026_10079,Brazil,Student,Novice,1,14,0,0,7,19,14,1,5,3,0,13393.0,1.0
KAG_2026_10080,USA,Student,Novice,0,2,0,0,5,11,1,1,6,2,0,0.0,0.0
KAG_2026_10081,Germany,Data Scientist,Expert,10,20,1,8,10,25,212,1,57,5,11,134489.0,10.0
KAG_2026_10082,USA,Data Analyst,Contributor,9,10,0,9,5,24,381,1,33,2,6,96750.0,9.0
KAG_2026_10083,India,Student,Novice,1,2,0,0,7,19,13,0,14,3,0,0.0,1.0
KAG_2026_10084,India,Data Scientist,Contributor,16,12,0,2,6,19,152,1,50,4,8,109041.0,16.0
KAG_2026_10085,USA,Student,Novice,2,9,0,0,9,3,13,1,5,3,0,0.0,2.0
KAG_2026_10086,Spain,Data Analyst,Expert,11,25,4,7,17,22,388,1,56,2,13,93531.0,11.0
KAG_2026_10087,Nigeria,ML Engineer,Contributor,4,10,0,8,8,18,221,0,25,4,5,58577.0,4.0
KAG_2026_10088,Nigeria,Data Analyst,Novice,20,2,0,0,1,4,14,0,30,4,6,91476.0,20.0
KAG_2026_10089,Brazil,Data Scientist,Expert,15,21,1,6,18,24,504,1,57,5,13,120955.0,15.0
KAG_2026_10090,France,Student,Expert,2,33,2,3,10,36,189,1,42,2,9,0.0,2.0
KAG_2026_10091,India,Student,Novice,2,9,0,0,9,4,12,1,15,2,0,0.0,2.0
KAG_2026_10092,Brazil,Researcher,Grandmaster,14,55,21,14,28,111,2575,1,100,7,30,127544.0,14.0
KAG_2026_10093,USA,Researcher,Expert,9,26,4,9,14,21,322,1,54,9,12,193773.0,9.0
KAG_2026_10094,India,Data Analyst,Novice,3,2,0,0,0,11,3,0,8,7,0,37160.0,3.0
KAG_2026_10095,Brazil,Data Scientist,Expert,20,26,3,6,11,27,301,1,75,8,15,140813.0,20.0
KAG_2026_10096,Canada,Student,Novice,2,3,0,0,2,19,0,1,13,4,0,0.0,2.0
KAG_2026_10097,India,Data Analyst,Novice,10,2,0,0,0,8,12,1,23,10,3,62001.0,10.0
KAG_2026_10098,USA,Data Scientist,Contributor,14,11,0,2,7,10,344,1,47,4,8,169707.0,14.0
KAG_2026_10099,India,ML Engineer,Expert,11,25,3,5,15,36,174,1,55,6,12,116442.0,11.0
KAG_2026_10100,UK,Data Scientist,Grandmaster,18,50,14,25,26,124,2781,1,100,11,28,190656.0,18.0
KAG_2026_10101,Nigeria,Researcher,Master,20,41,22,39,18,67,902,1,88,9,29,130212.0,20.0
KAG_2026_10102,Germany,Data Scientist,Expert,16,26,1,8,19,22,513,1,60,3,13,164093.0,16.0
KAG_2026_10103,France,ML Engineer,Master,17,46,20,22,24,50,1110,1,93,3,27,178381.0,17.0
KAG_2026_10104,Spain,Data Scientist,Master,17,47,11,23,18,52,1117,1,89,3,22,156617.0,17.0
KAG_2026_10105,UK,ML Engineer,Grandmaster,15,63,24,14,20,116,2502,1,94,10,32,189552.0,15.0
KAG_2026_10106,India,Data Analyst,Novice,6,4,0,0,0,16,14,0,22,10,1,45089.0,6.0
KAG_2026_10107,UK,ML Engineer,Grandmaster,10,64,10,16,27,120,2843,1,93,6,24,165215.0,10.0
KAG_2026_10108,UK,Student,Contributor,2,9,0,6,9,24,405,0,30,4,4,0.0,2.0
KAG_2026_10109,USA,Student,Master,1,43,19,32,15,54,819,1,58,1,21,0.0,1.0
KAG_2026_10110,USA,Data Analyst,Contributor,20,19,0,3,10,7,420,1,52,2,10,145064.0,20.0
KAG_2026_10111,Germany,Data Analyst,Novice,4,2,0,0,8,3,9,1,17,10,1,64510.0,4.0
KAG_2026_10112,Germany,Data Scientist,Contributor,17,8,0,5,14,12,76,1,45,7,9,147977.0,17.0
KAG_2026_10113,USA,Student,Novice,0,2,0,0,9,19,7,1,7,4,0,0.0,0.0
KAG_2026_10114,USA,Data Scientist,Master,5,39,15,22,23,62,1155,1,69,10,21,179151.0,5.0
KAG_2026_10115,Canada,Researcher,Grandmaster,15,63,14,19,24,128,2581,1,95,10,27,202614.0,15.0
KAG_2026_10116,Brazil,Researcher,Expert,5,31,1,8,11,28,514,1,45,2,10,82365.0,5.0
KAG_2026_10117,USA,Data Analyst,Novice,3,3,0,0,3,4,3,1,5,6,0,73454.0,3.0
KAG_2026_10118,USA,Data Analyst,Novice,19,10,0,0,3,14,3,0,30,3,5,139343.0,19.0
KAG_2026_10119,USA,Data Scientist,Contributor,4,19,0,1,7,8,78,1,29,3,5,148799.0,4.0
KAG_2026_10120,India,Data Analyst,Contributor,13,21,0,8,9,21,123,0,38,4,7,76647.0,13.0
KAG_2026_10121,Spain,Student,Novice,1,2,0,0,2,2,7,1,9,3,0,0.0,1.0
KAG_2026_10122,India,ML Engineer,Contributor,19,13,0,2,8,12,388,0,45,6,9,116938.0,19.0
KAG_2026_10123,Japan,Data Scientist,Contributor,17,20,0,7,5,18,379,0,51,10,9,147317.0,17.0
KAG_2026_10124,India,Researcher,Expert,11,33,1,2,11,27,244,1,61,2,11,109137.0,11.0
KAG_2026_10125,UK,Student,Expert,1,27,3,6,12,27,225,1,41,1,9,0.0,1.0
KAG_2026_10126,USA,ML Engineer,Expert,13,20,4,1,11,37,382,1,51,9,13,195480.0,13.0
KAG_2026_10127,USA,ML Engineer,Expert,10,29,3,2,11,25,454,1,52,3,12,207704.0,10.0
KAG_2026_10128,USA,Data Scientist,Contributor,8,18,0,9,6,11,367,1,34,10,6,168936.0,8.0
KAG_2026_10129,India,Data Scientist,Expert,14,25,4,6,19,35,532,1,62,5,14,117530.0,14.0
KAG_2026_10130,Germany,Data Analyst,Novice,19,11,0,0,6,12,8,0,40,7,5,121670.0,19.0
KAG_2026_10131,Spain,ML Engineer,Expert,15,24,2,3,15,25,510,1,60,3,13,144056.0,15.0
KAG_2026_10132,USA,Data Scientist,Expert,18,34,4,1,14,26,173,1,68,2,15,203915.0,18.0
KAG_2026_10133,India,ML Engineer,Master,21,36,8,35,19,58,865,1,83,4,22,156245.0,21.0
KAG_2026_10134,France,Data Analyst,Grandmaster,15,57,7,22,21,121,2898,1,90,7,24,122420.0,15.0
KAG_2026_10135,France,ML Engineer,Grandmaster,12,56,18,23,21,121,2824,1,91,11,28,154665.0,12.0
KAG_2026_10136,India,ML Engineer,Expert,17,26,1,4,11,26,294,1,61,9,13,124967.0,17.0
KAG_2026_10137,Spain,Data Analyst,Expert,8,32,4,8,13,27,452,1,50,2,12,77411.0,8.0
KAG_2026_10138,Nigeria,Data Analyst,Novice,13,3,0,0,4,1,10,0,26,10,3,70559.0,13.0
KAG_2026_10139,India,ML Engineer,Contributor,7,7,0,5,5,16,83,1,32,6,6,83346.0,7.0
KAG_2026_10140,Germany,Data Scientist,Contributor,20,16,0,5,8,13,40,1,57,3,10,154609.0,20.0
KAG_2026_10141,Japan,Researcher,Expert,17,30,1,2,17,39,275,1,66,11,13,176420.0,17.0
KAG_2026_10142,UK,Student,Contributor,2,10,0,7,10,22,423,0,24,3,4,0.0,2.0
KAG_2026_10143,Japan,ML Engineer,Expert,21,24,3,8,15,20,235,1,77,6,15,171856.0,21.0
KAG_2026_10144,UK,Data Analyst,Novice,19,7,0,0,9,17,7,0,42,3,5,117593.0,19.0
KAG_2026_10145,France,ML Engineer,Expert,19,33,1,9,19,35,341,1,70,6,14,153956.0,19.0
KAG_2026_10146,Spain,Student,Grandmaster,0,51,13,20,23,122,2601,1,78,1,22,0.0,0.0
KAG_2026_10147,UK,Data Analyst,Contributor,11,20,0,1,12,23,128,1,36,8,7,88455.0,11.0
KAG_2026_10148,Germany,Researcher,Expert,4,30,3,6,19,36,259,1,39,2,10,128564.0,4.0
KAG_2026_10149,Canada,Student,Novice,1,5,0,0,1,16,4,0,12,4,0,0.0,1.0
KAG_2026_10150,USA,Researcher,Expert,7,26,2,2,14,25,485,1,51,8,11,178617.0,7.0
KAG_2026_10151,Nigeria,Student,Contributor,2,9,0,5,10,8,373,0,19,3,4,0.0,2.0
KAG_2026_10152,India,Data Scientist,Grandmaster,17,63,20,19,23,117,2501,1,96,4,31,141985.0,17.0
KAG_2026_10153,India,Student,Contributor,2,21,0,7,11,16,280,0,25,3,4,0.0,2.0
KAG_2026_10154,Spain,ML Engineer,Contributor,3,12,0,7,10,17,253,1,23,9,4,94994.0,3.0
KAG_2026_10155,UK,Data Analyst,Novice,11,9,0,0,0,16,4,1,26,9,3,80290.0,11.0
KAG_2026_10156,Brazil,Data Analyst,Expert,7,34,3,2,14,20,257,1,42,11,11,68643.0,7.0
KAG_2026_10157,USA,Student,Novice,0,10,0,0,6,3,8,1,9,3,0,0.0,0.0
KAG_2026_10158,India,Data Analyst,Novice,8,9,0,0,2,18,12,1,17,6,2,55045.0,8.0
KAG_2026_10159,Spain,ML Engineer,Master,8,42,14,16,18,55,1152,1,68,11,21,136311.0,8.0
KAG_2026_10160,India,Student,Novice,0,11,0,0,0,4,11,0,1,3,0,0.0,0.0
KAG_2026_10161,Germany,Data Analyst,Contributor,14,8,0,6,10,7,211,1,42,11,8,107108.0,14.0
KAG_2026_10162,Canada,ML Engineer,Contributor,14,13,0,5,13,8,197,1,45,11,8,158906.0,14.0
KAG_2026_10163,India,ML Engineer,Grandmaster,8,53,12,31,24,128,2747,1,85,8,24,118690.0,8.0
KAG_2026_10164,Brazil,Researcher,Expert,21,31,4,1,14,26,375,1,68,9,16,123660.0,21.0
KAG_2026_10165,USA,Data Analyst,Novice,10,8,0,0,8,2,10,0,15,6,3,107570.0,10.0
KAG_2026_10166,Japan,Data Analyst,Contributor,5,10,0,6,9,15,51,0,31,7,5,74290.0,5.0
KAG_2026_10167,France,Data Scientist,Expert,13,33,4,7,13,22,548,1,59,7,13,139489.0,13.0
KAG_2026_10168,USA,Data Analyst,Novice,15,8,0,0,9,18,8,0,23,5,4,118010.0,15.0
KAG_2026_10169,Germany,Student,Contributor,1,15,0,3,7,24,64,0,21,2,4,0.0,1.0
KAG_2026_10170,India,ML Engineer,Contributor,6,18,0,6,6,22,326,1,30,5,5,73665.0,6.0
KAG_2026_10171,India,Data Analyst,Novice,19,6,0,0,8,15,8,0,30,9,5,84721.0,19.0
KAG_2026_10172,India,Data Scientist,Contributor,18,14,0,4,11,8,140,0,42,2,9,120974.0,18.0
KAG_2026_10173,UK,ML Engineer,Master,9,48,11,36,20,52,1028,1,70,5,20,151792.0,9.0
KAG_2026_10174,Spain,Data Analyst,Novice,7,9,0,0,6,10,6,0,17,6,2,61683.0,7.0
KAG_2026_10175,Brazil,Researcher,Grandmaster,7,50,8,26,22,122,2894,1,85,6,22,103546.0,7.0
KAG_2026_10176,Brazil,Researcher,Expert,7,22,4,2,17,39,370,1,50,3,12,84674.0,7.0
KAG_2026_10177,India,Researcher,Grandmaster,6,51,13,18,20,126,2547,1,86,10,24,103651.0,6.0
KAG_2026_10178,Brazil,Data Analyst,Novice,9,2,0,0,6,11,10,0,20,6,2,52966.0,9.0
KAG_2026_10179,Nigeria,Researcher,Expert,15,26,4,8,18,24,534,1,64,2,14,99671.0,15.0
KAG_2026_10180,USA,Student,Master,0,49,8,20,18,63,1190,1,51,4,16,0.0,0.0
KAG_2026_10181,India,Data Analyst,Novice,9,14,0,0,0,6,7,0,20,11,2,57652.0,9.0
KAG_2026_10182,USA,Student,Novice,1,9,0,0,8,9,13,0,7,1,0,0.0,1.0
KAG_2026_10183,USA,Data Scientist,Grandmaster,11,64,6,20,29,125,2682,1,79,6,22,183340.0,11.0
KAG_2026_10184,India,ML Engineer,Expert,21,31,2,4,14,39,323,1,64,7,15,128386.0,21.0
KAG_2026_10185,Spain,Data Analyst,Expert,10,32,1,2,14,31,298,1,58,2,11,95598.0,10.0
KAG_2026_10186,Canada,ML Engineer,Contributor,13,19,0,2,6,17,322,1,38,10,7,171605.0,13.0
KAG_2026_10187,USA,ML Engineer,Expert,14,22,4,3,15,20,179,1,59,6,14,220306.0,14.0
KAG_2026_10188,UK,Researcher,Expert,13,22,4,1,14,35,537,1,51,11,13,141378.0,13.0
KAG_2026_10189,India,Data Analyst,Contributor,12,15,0,7,6,18,432,0,45,6,7,75560.0,12.0
KAG_2026_10190,France,ML Engineer,Expert,17,30,1,9,13,21,372,1,58,10,13,155941.0,17.0
KAG_2026_10191,Nigeria,Researcher,Expert,18,22,2,8,15,39,442,1,67,5,14,122364.0,18.0
KAG_2026_10192,USA,Researcher,Expert,17,26,4,1,16,32,370,1,60,5,15,215463.0,17.0
KAG_2026_10193,USA,Data Analyst,Contributor,6,21,0,2,7,6,99,1,35,9,5,91620.0,6.0
KAG_2026_10194,USA,Researcher,Master,10,48,23,25,18,53,912,1,77,6,26,199827.0,10.0
KAG_2026_10195,USA,ML Engineer,Contributor,17,12,0,1,5,17,187,0,43,10,9,217240.0,17.0
KAG_2026_10196,India,ML Engineer,Expert,12,32,1,9,13,35,199,1,57,11,12,102869.0,12.0
KAG_2026_10197,Canada,Researcher,Master,17,37,14,12,24,68,1148,1,81,4,24,188049.0,17.0
KAG_2026_10198,India,Researcher,Expert,8,26,2,4,16,25,278,1,44,5,11,99796.0,8.0
KAG_2026_10199,USA,Student,Novice,0,8,0,0,7,20,4,0,3,3,0,14067.0,0.0
KAG_2026_10200,USA,Data Scientist,Contributor,16,15,0,6,14,14,109,1,51,9,8,173483.0,16.0
KAG_2026_10201,USA,ML Engineer,Expert,14,25,2,1,16,23,548,1,66,10,13,184490.0,14.0
KAG_2026_10202,UK,ML Engineer,Contributor,18,11,0,8,13,14,60,1,51,8,9,157250.0,18.0
KAG_2026_10203,USA,Student,Novice,0,12,0,0,8,12,0,0,8,1,0,0.0,0.0
KAG_2026_10204,USA,Student,Contributor,0,12,0,9,11,6,56,0,15,1,4,0.0,0.0
KAG_2026_10205,Brazil,Data Analyst,Novice,3,2,0,0,8,16,1,1,13,7,0,34852.0,3.0
KAG_2026_10206,Canada,ML Engineer,Contributor,10,21,0,3,7,14,71,0,30,7,7,139427.0,10.0
KAG_2026_10207,India,ML Engineer,Expert,11,27,2,4,18,34,433,1,56,6,12,113084.0,11.0
KAG_2026_10208,USA,Student,Novice,2,9,0,0,0,12,2,1,6,4,0,0.0,2.0
KAG_2026_10209,Brazil,Data Analyst,Novice,6,11,0,0,7,11,7,1,18,4,1,41169.0,6.0
KAG_2026_10210,Germany,Researcher,Expert,12,31,2,4,15,37,412,1,50,9,12,155960.0,12.0
KAG_2026_10211,India,Data Scientist,Contributor,10,14,0,1,11,5,419,0,34,7,7,96032.0,10.0
KAG_2026_10212,France,Data Scientist,Master,16,39,5,22,21,65,957,1,75,8,19,165593.0,16.0
KAG_2026_10213,USA,Data Analyst,Novice,6,3,0,0,0,3,3,0,17,10,1,93790.0,6.0
KAG_2026_10214,Canada,Researcher,Expert,12,31,2,6,12,25,526,1,60,5,12,157088.0,12.0
KAG_2026_10215,Brazil,ML Engineer,Contributor,4,16,0,5,12,7,202,0,34,7,5,63130.0,4.0
KAG_2026_10216,India,Data Analyst,Contributor,18,7,0,5,7,21,420,0,45,7,9,99123.0,18.0
KAG_2026_10217,UK,ML Engineer,Expert,9,26,4,1,17,39,277,1,51,10,12,147909.0,9.0
KAG_2026_10218,Canada,Student,Novice,2,4,0,0,8,3,13,1,7,3,0,0.0,2.0
KAG_2026_10219,USA,Student,Contributor,0,12,0,3,5,22,258,0,25,3,4,0.0,0.0
KAG_2026_10220,India,ML Engineer,Expert,6,28,3,4,10,33,493,1,47,4,11,81715.0,6.0
KAG_2026_10221,Spain,Student,Novice,2,8,0,0,2,10,3,1,14,3,0,0.0,2.0
KAG_2026_10222,Germany,ML Engineer,Master,19,42,10,30,18,63,1085,1,78,5,22,175707.0,19.0
KAG_2026_10223,Germany,ML Engineer,Contributor,13,10,0,9,13,7,107,1,44,6,7,162661.0,13.0
KAG_2026_10224,India,Student,Grandmaster,2,60,21,25,22,125,2549,1,86,3,27,0.0,2.0
KAG_2026_10225,UK,ML Engineer,Contributor,14,9,0,9,8,13,255,0,36,2,8,165093.0,14.0
KAG_2026_10226,Canada,ML Engineer,Grandmaster,19,57,24,38,25,128,2806,1,100,10,33,211656.0,19.0
KAG_2026_10227,France,Data Scientist,Contributor,9,18,0,3,10,16,201,1,29,5,6,117609.0,9.0
KAG_2026_10228,USA,Student,Novice,0,10,0,0,9,6,2,1,7,4,0,0.0,0.0
KAG_2026_10229,India,Student,Contributor,1,7,0,4,12,20,228,0,28,3,4,6325.0,1.0
KAG_2026_10230,Brazil,ML Engineer,Contributor,9,15,0,6,13,21,76,1,35,6,6,81816.0,9.0
KAG_2026_10231,Germany,Data Scientist,Expert,12,27,4,3,10,32,168,1,61,8,13,146593.0,12.0
KAG_2026_10232,Nigeria,Researcher,Expert,19,24,2,7,19,32,302,1,66,2,14,125328.0,19.0
KAG_2026_10233,USA,Researcher,Grandmaster,6,63,22,11,23,127,2626,1,80,5,28,202376.0,6.0
KAG_2026_10234,USA,ML Engineer,Expert,20,26,2,3,18,31,434,1,62,2,15,233040.0,20.0
KAG_2026_10235,India,Data Scientist,Expert,17,26,2,9,18,38,408,1,67,3,14,129293.0,17.0
KAG_2026_10236,USA,Data Analyst,Contributor,5,20,0,1,13,6,274,1,33,9,5,91243.0,5.0
KAG_2026_10237,USA,Researcher,Grandmaster,20,52,15,27,23,115,2874,1,100,10,29,243554.0,20.0
KAG_2026_10238,Brazil,ML Engineer,Contributor,5,14,0,9,11,16,87,0,32,4,5,64526.0,5.0
KAG_2026_10239,USA,ML Engineer,Expert,10,27,3,4,14,24,342,1,46,3,12,207517.0,10.0
KAG_2026_10240,India,Data Analyst,Contributor,5,14,0,6,9,21,215,1,23,2,5,47414.0,5.0
KAG_2026_10241,India,ML Engineer,Contributor,20,17,0,4,14,7,402,0,58,6,10,126843.0,20.0
KAG_2026_10242,USA,Data Scientist,Contributor,12,13,0,5,7,9,235,1,38,6,7,193419.0,12.0
KAG_2026_10243,USA,Data Scientist,Grandmaster,9,54,20,31,23,122,2804,1,87,2,28,200787.0,9.0
KAG_2026_10244,USA,Researcher,Grandmaster,8,59,6,22,22,119,2840,1,75,4,21,188855.0,8.0
KAG_2026_10245,USA,ML Engineer,Master,8,45,7,22,16,50,1072,1,63,4,17,202578.0,8.0
KAG_2026_10246,India,Student,Contributor,2,18,0,5,12,11,184,1,22,1,4,0.0,2.0
KAG_2026_10247,USA,Data Scientist,Grandmaster,16,54,19,21,25,122,2894,1,98,7,30,225704.0,16.0
KAG_2026_10248,USA,ML Engineer,Expert,15,31,3,3,19,36,457,1,65,7,14,223123.0,15.0
KAG_2026_10249,Germany,Data Analyst,Novice,12,2,0,0,8,15,0,1,19,2,3,95238.0,12.0
KAG_2026_10250,India,Data Scientist,Expert,18,27,1,3,18,26,486,1,60,5,13,130304.0,18.0
KAG_2026_10251,India,Data Scientist,Contributor,5,12,0,7,6,17,253,1,34,6,5,75990.0,5.0
KAG_2026_10252,USA,Researcher,Expert,5,22,4,9,12,22,413,1,40,10,11,184070.0,5.0
KAG_2026_10253,USA,Data Scientist,Expert,8,24,1,8,17,34,277,1,53,2,10,181043.0,8.0
KAG_2026_10254,Nigeria,Data Scientist,Expert,11,30,2,4,15,28,221,1,49,8,12,85072.0,11.0
KAG_2026_10255,France,Researcher,Master,17,35,20,11,22,55,961,1,86,4,27,186366.0,17.0
KAG_2026_10256,Canada,ML Engineer,Contributor,15,9,0,2,11,19,254,1,44,9,8,178078.0,15.0
KAG_2026_10257,Nigeria,Researcher,Master,11,47,13,39,19,66,852,1,72,2,21,105696.0,11.0
KAG_2026_10258,Canada,Student,Contributor,1,12,0,4,12,14,187,0,19,2,4,0.0,1.0
KAG_2026_10259,Canada,ML Engineer,Contributor,17,8,0,7,12,8,158,1,51,7,9,159324.0,17.0
KAG_2026_10260,Brazil,Data Scientist,Contributor,19,12,0,2,10,21,382,1,43,10,9,118440.0,19.0
KAG_2026_10261,India,ML Engineer,Expert,14,30,3,3,18,20,249,1,53,10,13,127880.0,14.0
KAG_2026_10262,Japan,Data Scientist,Grandmaster,21,59,23,14,20,121,2717,1,100,9,33,201470.0,21.0
KAG_2026_10263,Japan,Student,Contributor,1,14,0,5,5,15,50,1,27,3,4,0.0,1.0
KAG_2026_10264,India,Researcher,Expert,15,26,1,5,15,29,190,1,64,6,13,117930.0,15.0
KAG_2026_10265,USA,Data Scientist,Expert,10,34,2,5,13,32,165,1,47,10,12,173413.0,10.0
KAG_2026_10266,Brazil,Student,Contributor,2,14,0,2,13,17,302,1,25,1,4,0.0,2.0
KAG_2026_10267,Spain,ML Engineer,Expert,11,32,4,5,12,20,198,1,56,7,13,121052.0,11.0
KAG_2026_10268,India,ML Engineer,Contributor,12,12,0,8,6,10,395,0,33,6,7,110884.0,12.0
KAG_2026_10269,Canada,Student,Master,0,41,10,10,18,53,1071,1,61,3,17,0.0,0.0
KAG_2026_10270,Germany,Data Analyst,Expert,13,24,1,6,16,21,182,1,58,10,12,113948.0,13.0
KAG_2026_10271,USA,Student,Novice,2,3,0,0,6,4,2,1,17,1,0,9426.0,2.0
KAG_2026_10272,Germany,Researcher,Expert,7,21,1,9,11,22,354,1,52,9,10,141156.0,7.0
KAG_2026_10273,India,Data Analyst,Contributor,10,8,0,8,8,9,182,1,40,10,7,68580.0,10.0
KAG_2026_10274,USA,Data Analyst,Novice,11,10,0,0,2,10,4,1,28,10,3,105069.0,11.0
KAG_2026_10275,USA,Data Scientist,Contributor,19,18,0,8,10,10,86,1,51,5,9,182881.0,19.0
KAG_2026_10276,Canada,Data Analyst,Novice,21,5,0,0,7,11,1,1,31,10,6,118127.0,21.0
KAG_2026_10277,India,Data Analyst,Contributor,7,20,0,6,6,10,341,0,34,7,6,56480.0,7.0
KAG_2026_10278,USA,Researcher,Expert,16,28,4,2,15,36,504,1,59,2,14,205927.0,16.0
KAG_2026_10279,India,Data Scientist,Grandmaster,14,55,23,32,26,127,2653,1,97,6,31,126171.0,14.0
KAG_2026_10280,Brazil,Researcher,Grandmaster,7,51,15,30,21,120,2507,1,84,2,25,100692.0,7.0
KAG_2026_10281,India,ML Engineer,Contributor,3,8,0,4,12,21,132,0,24,8,4,70234.0,3.0
KAG_2026_10282,USA,Researcher,Expert,13,26,4,8,11,29,240,1,58,6,13,185874.0,13.0
KAG_2026_10283,USA,Researcher,Expert,16,26,1,6,17,23,183,1,64,11,13,224674.0,16.0
KAG_2026_10284,USA,Researcher,Expert,6,20,1,3,12,39,240,1,45,5,10,161891.0,6.0
KAG_2026_10285,UK,Researcher,Expert,21,29,2,1,19,20,265,1,74,5,15,163624.0,21.0
KAG_2026_10286,Brazil,Student,Novice,1,2,0,0,5,17,12,1,8,1,0,0.0,1.0
KAG_2026_10287,Canada,Data Scientist,Expert,15,26,3,7,16,38,189,1,63,11,14,161240.0,15.0
KAG_2026_10288,France,Data Analyst,Expert,21,22,1,8,18,32,195,1,68,5,14,123560.0,21.0
KAG_2026_10289,USA,ML Engineer,Contributor,5,17,0,3,12,5,228,1,29,6,5,170914.0,5.0
KAG_2026_10290,India,ML Engineer,Contributor,19,21,0,7,9,24,220,0,56,8,9,132955.0,19.0
KAG_2026_10291,India,Researcher,Master,12,37,10,30,18,56,1141,1,70,8,20,126027.0,12.0
KAG_2026_10292,Spain,Data Scientist,Expert,18,21,1,7,19,24,339,1,70,10,13,157147.0,18.0
KAG_2026_10293,USA,Data Scientist,Contributor,18,12,0,7,12,8,349,1,46,7,9,200571.0,18.0
KAG_2026_10294,USA,Data Analyst,Contributor,4,7,0,6,13,21,87,1,24,10,5,84419.0,4.0
KAG_2026_10295,Canada,Student,Contributor,0,21,0,1,13,8,233,1,22,3,4,0.0,0.0
KAG_2026_10296,India,Student,Novice,1,10,0,0,1,17,12,0,9,3,0,0.0,1.0
KAG_2026_10297,UK,Researcher,Grandmaster,20,50,20,24,26,121,2770,1,100,2,32,202469.0,20.0
KAG_2026_10298,India,ML Engineer,Expert,14,32,4,1,11,22,537,1,59,5,14,120150.0,14.0
KAG_2026_10299,India,Student,Contributor,2,14,0,5,10,5,279,1,30,1,4,0.0,2.0
KAG_2026_10300,India,Data Scientist,Master,8,42,23,34,19,51,1005,1,74,8,25,113515.0,8.0
KAG_2026_10301,Germany,Data Scientist,Expert,19,30,1,5,14,20,539,1,70,9,14,166533.0,19.0
KAG_2026_10302,Canada,Researcher,Expert,4,24,1,3,15,35,196,1,46,3,9,126429.0,4.0
KAG_2026_10303,Spain,ML Engineer,Expert,18,32,3,3,15,33,178,1,65,8,14,149824.0,18.0
KAG_2026_10304,Japan,Student,Grandmaster,1,59,21,11,25,119,2817,1,76,2,26,0.0,1.0
KAG_2026_10305,USA,ML Engineer,Expert,20,22,2,2,18,22,273,1,62,8,15,227232.0,20.0
KAG_2026_10306,UK,Data Analyst,Contributor,9,10,0,9,10,24,123,1,39,7,6,77698.0,9.0
KAG_2026_10307,UK,Data Scientist,Expert,13,30,4,6,18,20,208,1,54,10,13,152522.0,13.0
KAG_2026_10308,Brazil,Student,Novice,0,2,0,0,5,15,10,1,4,2,0,0.0,0.0
KAG_2026_10309,India,Researcher,Expert,20,22,1,9,13,26,287,1,60,5,14,133253.0,20.0
KAG_2026_10310,Brazil,Data Analyst,Contributor,8,8,0,2,10,21,283,1,29,7,6,60881.0,8.0
KAG_2026_10311,India,ML Engineer,Expert,12,28,4,1,18,38,361,1,59,11,13,105134.0,12.0
KAG_2026_10312,UK,Researcher,Grandmaster,21,60,5,34,24,124,2795,1,95,5,24,192446.0,21.0
KAG_2026_10313,India,Data Analyst,Contributor,18,8,0,7,14,20,166,1,47,3,9,101935.0,18.0
KAG_2026_10314,Germany,Data Scientist,Expert,4,20,4,3,19,33,539,1,46,8,11,128518.0,4.0
KAG_2026_10315,India,ML Engineer,Expert,8,32,4,5,11,37,512,1,53,10,12,100447.0,8.0
KAG_2026_10316,Brazil,ML Engineer,Expert,14,34,4,2,11,34,288,1,58,6,14,115233.0,14.0
KAG_2026_10317,USA,Researcher,Expert,7,28,2,6,11,22,251,1,41,2,11,161684.0,7.0
KAG_2026_10318,USA,Researcher,Master,11,37,19,29,17,62,868,1,74,4,24,183924.0,11.0
KAG_2026_10319,Japan,Data Scientist,Expert,16,23,4,7,14,33,326,1,69,8,14,156075.0,16.0
KAG_2026_10320,Japan,Student,Novice,0,12,0,0,2,6,6,1,2,1,0,0.0,0.0
KAG_2026_10321,UK,Student,Novice,2,6,0,0,4,9,13,1,15,2,0,0.0,2.0
KAG_2026_10322,India,Researcher,Master,10,37,21,39,24,50,921,1,83,3,25,115531.0,10.0
KAG_2026_10323,USA,ML Engineer,Contributor,12,12,0,6,7,19,421,1,47,8,7,205290.0,12.0
KAG_2026_10324,Germany,Student,Novice,2,14,0,0,7,10,0,0,12,3,0,0.0,2.0
KAG_2026_10325,Germany,Student,Contributor,2,19,0,1,9,20,334,1,30,1,4,0.0,2.0
KAG_2026_10326,USA,Researcher,Master,7,35,11,30,15,66,816,1,74,8,19,199291.0,7.0
KAG_2026_10327,UK,Data Scientist,Expert,14,27,1,6,18,35,470,1,58,11,12,150540.0,14.0
KAG_2026_10328,Nigeria,Student,Novice,2,13,0,0,6,9,2,1,15,2,0,0.0,2.0
KAG_2026_10329,India,Data Scientist,Contributor,10,12,0,2,12,23,243,1,35,3,7,84505.0,10.0
KAG_2026_10330,Brazil,ML Engineer,Expert,16,32,1,6,13,21,383,1,64,3,13,114261.0,16.0
KAG_2026_10331,USA,Data Scientist,Expert,7,28,2,2,10,30,308,1,52,5,11,177700.0,7.0
KAG_2026_10332,France,Student,Contributor,0,10,0,7,14,9,394,1,15,2,4,0.0,0.0
KAG_2026_10333,Canada,ML Engineer,Contributor,8,11,0,7,7,21,331,1,36,11,6,149337.0,8.0
KAG_2026_10334,Canada,ML Engineer,Expert,16,27,4,8,18,35,535,1,68,7,14,174832.0,16.0
KAG_2026_10335,Nigeria,ML Engineer,Expert,19,26,2,3,19,21,467,1,60,2,14,131081.0,19.0
KAG_2026_10336,USA,Student,Novice,1,9,0,0,4,1,12,1,14,3,0,0.0,1.0
KAG_2026_10337,USA,Researcher,Grandmaster,9,53,24,35,24,115,2660,1,96,8,30,204692.0,9.0
KAG_2026_10338,USA,Researcher,Grandmaster,8,58,22,25,25,123,2865,1,90,6,29,218757.0,8.0
KAG_2026_10339,India,Researcher,Expert,16,25,2,8,10,37,405,1,67,7,13,133947.0,16.0
KAG_2026_10340,Brazil,ML Engineer,Contributor,12,9,0,3,5,17,226,1,36,4,7,102704.0,12.0
KAG_2026_10341,USA,ML Engineer,Expert,6,20,3,8,11,25,332,1,43,7,11,188400.0,6.0
KAG_2026_10342,UK,Data Scientist,Grandmaster,10,62,23,34,23,119,2882,1,98,6,30,172270.0,10.0
KAG_2026_10343,UK,Researcher,Expert,19,31,2,2,16,30,340,1,63,4,14,163682.0,19.0
KAG_2026_10344,Spain,ML Engineer,Expert,20,30,2,9,11,39,331,1,67,11,15,157645.0,20.0
KAG_2026_10345,Japan,Researcher,Master,13,35,14,31,17,58,1059,1,77,10,22,159502.0,13.0
KAG_2026_10346,USA,Data Analyst,Contributor,16,13,0,2,5,24,82,1,49,3,8,128793.0,16.0
KAG_2026_10347,UK,Data Scientist,Expert,16,23,1,6,11,24,175,1,59,3,13,166230.0,16.0
KAG_2026_10348,USA,Data Scientist,Contributor,10,13,0,4,8,21,357,1,43,9,7,172271.0,10.0
KAG_2026_10349,Spain,Data Scientist,Expert,12,20,4,5,19,38,372,1,64,4,13,140392.0,12.0
KAG_2026_10350,India,Researcher,Expert,10,33,1,1,19,31,160,1,57,6,11,106846.0,10.0
KAG_2026_10351,India,Data Analyst,Novice,21,9,0,0,7,6,14,1,34,3,6,91318.0,21.0
KAG_2026_10352,Canada,ML Engineer,Contributor,10,10,0,7,5,14,52,0,42,9,7,133683.0,10.0
KAG_2026_10353,France,Data Analyst,Novice,3,5,0,0,4,11,7,0,13,8,0,49717.0,3.0
KAG_2026_10354,USA,ML Engineer,Expert,20,24,1,7,19,29,375,1,67,2,14,222633.0,20.0
KAG_2026_10355,Canada,Data Analyst,Contributor,10,19,0,7,11,19,71,0,30,2,7,99706.0,10.0
KAG_2026_10356,USA,Data Analyst,Novice,10,8,0,0,6,19,1,1,17,7,3,93389.0,10.0
KAG_2026_10357,India,Researcher,Grandmaster,6,61,23,22,28,115,2769,1,89,6,29,117300.0,6.0
KAG_2026_10358,USA,Student,Contributor,2,20,0,8,9,10,170,1,20,2,4,0.0,2.0
KAG_2026_10359,India,Researcher,Master,12,37,18,12,24,55,875,1,82,10,24,125913.0,12.0
KAG_2026_10360,Brazil,Researcher,Expert,12,32,3,6,13,39,276,1,61,6,13,105575.0,12.0
KAG_2026_10361,USA,ML Engineer,Master,8,42,19,22,15,50,1127,1,75,2,23,216287.0,8.0
KAG_2026_10362,USA,Data Scientist,Contributor,15,19,0,1,13,9,41,1,43,8,8,196213.0,15.0
KAG_2026_10363,Canada,Researcher,Master,18,41,15,30,19,62,915,1,79,3,24,200080.0,18.0
KAG_2026_10364,India,ML Engineer,Expert,4,31,1,6,10,39,480,1,38,10,9,81411.0,4.0
KAG_2026_10365,USA,ML Engineer,Expert,17,29,4,1,17,27,520,1,70,10,15,226308.0,17.0
KAG_2026_10366,USA,Student,Novice,1,7,0,0,6,8,5,1,6,1,0,13100.0,1.0
KAG_2026_10367,India,Student,Novice,2,2,0,0,4,17,14,0,4,3,0,14062.0,2.0
KAG_2026_10368,UK,Data Scientist,Contributor,4,10,0,3,8,9,257,0,26,7,5,117027.0,4.0
KAG_2026_10369,India,Data Analyst,Contributor,11,18,0,3,14,18,277,1,33,5,7,65249.0,11.0
KAG_2026_10370,USA,Data Analyst,Grandmaster,6,61,22,13,25,125,2636,1,90,9,28,123239.0,6.0
KAG_2026_10371,Canada,Researcher,Expert,5,29,1,4,17,29,472,1,40,4,10,127527.0,5.0
KAG_2026_10372,USA,Data Scientist,Contributor,17,18,0,9,9,16,214,1,49,4,9,189723.0,17.0
KAG_2026_10373,Nigeria,ML Engineer,Contributor,18,11,0,3,14,6,379,0,50,2,9,118613.0,18.0
KAG_2026_10374,Canada,Student,Novice,0,14,0,0,3,14,8,0,13,3,0,0.0,0.0
KAG_2026_10375,Germany,Student,Novice,2,4,0,0,1,4,2,1,14,3,0,0.0,2.0
KAG_2026_10376,Nigeria,Data Analyst,Contributor,19,19,0,5,14,15,350,0,47,9,9,91153.0,19.0
KAG_2026_10377,Germany,Researcher,Expert,19,29,4,3,16,20,528,1,72,3,15,186834.0,19.0
KAG_2026_10378,Germany,Researcher,Grandmaster,15,64,19,11,26,116,2844,1,95,10,30,194700.0,15.0
KAG_2026_10379,India,Researcher,Master,5,40,14,30,15,59,898,1,64,10,20,95076.0,5.0
KAG_2026_10380,India,Student,Novice,1,2,0,0,5,17,12,0,14,1,0,0.0,1.0
KAG_2026_10381,India,Researcher,Master,17,44,10,14,20,52,1016,1,75,2,22,140806.0,17.0
KAG_2026_10382,Japan,Data Analyst,Novice,7,2,0,0,3,18,13,0,18,3,2,72048.0,7.0
KAG_2026_10383,USA,Data Scientist,Master,19,38,7,28,18,66,921,1,79,4,21,234680.0,19.0
KAG_2026_10384,France,Researcher,Expert,10,29,3,4,15,20,517,1,59,3,12,127357.0,10.0
KAG_2026_10385,India,Data Scientist,Contributor,18,12,0,2,7,17,319,0,49,5,9,129334.0,18.0
KAG_2026_10386,India,Data Analyst,Expert,15,33,2,9,12,26,379,1,62,4,13,94839.0,15.0
KAG_2026_10387,UK,Researcher,Expert,5,29,2,6,17,24,257,1,50,8,10,121683.0,5.0
KAG_2026_10388,Nigeria,Data Analyst,Expert,11,27,1,4,15,28,472,1,57,11,11,79128.0,11.0
KAG_2026_10389,Canada,ML Engineer,Contributor,19,14,0,5,10,23,330,1,48,10,9,193904.0,19.0
KAG_2026_10390,France,Data Scientist,Expert,13,21,4,7,10,28,400,1,51,4,13,154726.0,13.0
KAG_2026_10391,USA,Data Scientist,Master,9,44,17,33,23,51,1113,1,80,5,23,183940.0,9.0
KAG_2026_10392,France,Student,Contributor,1,12,0,5,9,7,430,0,28,2,4,0.0,1.0
KAG_2026_10393,Brazil,ML Engineer,Contributor,20,8,0,1,7,15,226,0,47,7,10,126064.0,20.0
KAG_2026_10394,France,Data Analyst,Contributor,15,16,0,6,6,11,322,1,47,5,8,103094.0,15.0
KAG_2026_10395,USA,ML Engineer,Expert,14,27,4,4,14,36,239,1,57,2,14,188409.0,14.0
KAG_2026_10396,India,Researcher,Master,9,47,18,19,21,65,923,1,70,8,23,119907.0,9.0
KAG_2026_10397,Canada,ML Engineer,Expert,16,32,3,7,13,24,430,1,58,11,14,168793.0,16.0
KAG_2026_10398,India,Data Analyst,Novice,5,12,0,0,5,2,5,0,10,4,1,40875.0,5.0
KAG_2026_10399,USA,Data Scientist,Expert,9,28,3,9,13,34,199,1,48,5,12,171394.0,9.0
KAG_2026_10400,USA,Data Scientist,Expert,7,34,2,9,19,32,217,1,47,3,11,183488.0,7.0
KAG_2026_10401,France,Data Scientist,Expert,5,20,2,2,17,29,394,1,51,5,10,111655.0,5.0
KAG_2026_10402,USA,Data Scientist,Expert,7,30,2,1,10,34,470,1,52,8,11,172595.0,7.0
KAG_2026_10403,France,Data Analyst,Contributor,6,17,0,8,6,15,234,1,34,4,5,67781.0,6.0
KAG_2026_10404,Germany,Data Analyst,Contributor,4,19,0,6,13,24,337,1,30,7,5,65083.0,4.0
KAG_2026_10405,Canada,Data Analyst,Novice,17,10,0,0,1,20,8,0,35,7,5,119832.0,17.0
KAG_2026_10406,Germany,ML Engineer,Contributor,14,10,0,9,6,13,99,1,42,11,8,163337.0,14.0
KAG_2026_10407,Canada,Data Scientist,Expert,17,32,4,5,13,34,429,1,63,3,15,167278.0,17.0
KAG_2026_10408,Germany,Researcher,Master,18,40,10,13,18,61,926,1,90,3,22,192839.0,18.0
KAG_2026_10409,Nigeria,Student,Novice,0,5,0,0,1,20,6,0,2,4,0,9218.0,0.0
KAG_2026_10410,Japan,Researcher,Master,18,47,10,21,15,63,941,1,83,8,22,164549.0,18.0
KAG_2026_10411,USA,ML Engineer,Grandmaster,11,56,17,36,23,114,2755,1,92,3,27,229144.0,11.0
KAG_2026_10412,USA,Student,Novice,2,13,0,0,5,19,7,1,9,1,0,0.0,2.0
KAG_2026_10413,Nigeria,Researcher,Expert,5,31,3,1,13,27,245,1,45,6,11,68750.0,5.0
KAG_2026_10414,Spain,Data Scientist,Expert,19,34,2,3,10,39,260,1,68,4,14,146235.0,19.0
KAG_2026_10415,India,ML Engineer,Expert,19,30,3,3,14,20,353,1,71,4,15,137722.0,19.0
KAG_2026_10416,USA,ML Engineer,Expert,9,30,3,5,15,39,349,1,47,10,12,204334.0,9.0
KAG_2026_10417,USA,Data Analyst,Novice,14,2,0,0,7,20,2,1,27,10,4,116968.0,14.0
KAG_2026_10418,USA,Data Analyst,Novice,12,5,0,0,2,2,3,1,31,7,3,103847.0,12.0
KAG_2026_10419,Nigeria,Data Scientist,Contributor,17,15,0,7,8,11,193,0,51,9,9,109888.0,17.0
KAG_2026_10420,Japan,Researcher,Expert,19,28,1,6,15,32,267,1,62,10,14,173125.0,19.0
KAG_2026_10421,Japan,Data Analyst,Novice,10,2,0,0,6,13,10,0,26,8,3,85212.0,10.0
KAG_2026_10422,USA,Data Scientist,Contributor,16,19,0,3,8,21,118,1,51,4,8,188179.0,16.0
KAG_2026_10423,USA,Data Scientist,Expert,9,21,3,6,10,29,318,1,45,8,12,163818.0,9.0
KAG_2026_10424,USA,Researcher,Expert,4,20,1,2,13,31,367,1,39,2,9,153234.0,4.0
KAG_2026_10425,USA,Data Analyst,Expert,6,30,4,2,13,38,432,1,51,9,11,106948.0,6.0
KAG_2026_10426,USA,ML Engineer,Contributor,18,7,0,4,9,19,343,1,48,4,9,201439.0,18.0
KAG_2026_10427,India,Data Scientist,Master,16,49,11,38,15,67,1145,1,83,5,22,145253.0,16.0
KAG_2026_10428,USA,ML Engineer,Contributor,21,16,0,5,13,22,268,1,46,6,10,232052.0,21.0
KAG_2026_10429,India,Researcher,Expert,4,24,2,4,16,34,423,1,48,6,10,82101.0,4.0
KAG_2026_10430,Nigeria,ML Engineer,Master,5,38,8,36,16,60,897,1,56,11,17,90891.0,5.0
KAG_2026_10431,Germany,ML Engineer,Grandmaster,15,56,18,16,22,125,2764,1,91,10,29,172929.0,15.0
KAG_2026_10432,France,Researcher,Master,14,47,11,35,21,59,1166,1,81,6,21,149503.0,14.0
KAG_2026_10433,Canada,Researcher,Expert,9,27,1,3,12,32,271,1,51,7,11,136572.0,9.0
KAG_2026_10434,India,Researcher,Expert,11,31,1,3,18,35,482,1,60,8,11,96422.0,11.0
KAG_2026_10435,Nigeria,Data Analyst,Novice,18,9,0,0,0,12,13,1,37,6,5,81497.0,18.0
KAG_2026_10436,Japan,Student,Novice,1,3,0,0,8,16,6,1,9,2,0,0.0,1.0
KAG_2026_10437,Japan,Data Analyst,Master,15,38,19,18,22,68,867,1,88,3,26,120575.0,15.0
KAG_2026_10438,USA,Data Scientist,Grandmaster,11,58,11,39,24,125,2617,1,85,9,24,206748.0,11.0
KAG_2026_10439,USA,Data Analyst,Contributor,20,17,0,9,11,19,74,1,47,3,10,138957.0,20.0
KAG_2026_10440,Spain,Researcher,Expert,12,26,3,7,15,38,424,1,56,2,13,126655.0,12.0
KAG_2026_10441,Canada,ML Engineer,Expert,4,29,1,1,14,39,247,1,38,4,9,138080.0,4.0
KAG_2026_10442,India,Researcher,Master,20,41,18,17,21,62,884,1,89,4,27,150488.0,20.0
KAG_2026_10443,USA,Student,Novice,2,13,0,0,6,11,10,0,15,3,0,0.0,2.0
KAG_2026_10444,UK,Data Scientist,Expert,21,29,3,8,12,38,199,1,69,9,15,160924.0,21.0
KAG_2026_10445,Canada,Data Scientist,Expert,16,23,4,1,16,27,395,1,60,10,14,165773.0,16.0
KAG_2026_10446,Germany,Student,Novice,1,10,0,0,5,9,12,0,9,2,0,0.0,1.0
KAG_2026_10447,Germany,Data Scientist,Contributor,5,10,0,2,5,23,383,1,34,2,5,115240.0,5.0
KAG_2026_10448,USA,Researcher,Expert,14,22,2,3,16,35,165,1,60,3,13,189911.0,14.0
KAG_2026_10449,USA,Data Analyst,Novice,3,8,0,0,1,18,12,1,16,9,0,77846.0,3.0
KAG_2026_10450,UK,Data Scientist,Contributor,12,10,0,2,12,24,368,0,45,11,7,138953.0,12.0
KAG_2026_10451,Brazil,Researcher,Master,8,38,19,12,23,65,1046,1,70,2,23,108930.0,8.0
KAG_2026_10452,France,Data Analyst,Expert,7,22,2,9,17,32,515,1,55,11,11,75420.0,7.0
KAG_2026_10453,USA,Data Scientist,Contributor,12,18,0,5,14,17,112,0,40,5,7,185152.0,12.0
KAG_2026_10454,India,Researcher,Grandmaster,19,64,9,32,28,128,2775,1,94,11,26,149253.0,19.0
KAG_2026_10455,USA,Data Analyst,Master,11,36,7,35,17,55,1173,1,75,11,18,127070.0,11.0
KAG_2026_10456,UK,Data Scientist,Contributor,17,18,0,4,13,13,74,0,46,9,9,164232.0,17.0
KAG_2026_10457,Japan,Data Scientist,Master,20,46,23,17,16,57,882,1,89,7,29,201473.0,20.0
KAG_2026_10458,India,Researcher,Grandmaster,15,56,10,33,21,113,2784,1,92,3,25,134222.0,15.0
KAG_2026_10459,USA,Data Scientist,Expert,5,24,2,3,19,30,333,1,43,4,10,152013.0,5.0
KAG_2026_10460,Japan,Data Scientist,Grandmaster,21,62,13,22,20,116,2699,1,100,7,28,200792.0,21.0
KAG_2026_10461,USA,Data Scientist,Expert,16,26,3,1,15,26,236,1,66,9,14,186264.0,16.0
KAG_2026_10462,Brazil,Researcher,Master,8,37,21,12,19,58,974,1,70,6,24,98095.0,8.0
KAG_2026_10463,Brazil,Researcher,Grandmaster,20,63,22,27,25,129,2834,1,100,2,33,143526.0,20.0
KAG_2026_10464,India,Data Analyst,Contributor,10,14,0,9,6,19,391,1,37,4,7,68869.0,10.0
KAG_2026_10465,Nigeria,Researcher,Grandmaster,19,62,22,31,26,111,2691,1,100,10,32,148229.0,19.0
KAG_2026_10466,USA,Data Scientist,Contributor,19,20,0,9,12,18,379,1,55,6,9,197379.0,19.0
KAG_2026_10467,USA,Data Analyst,Contributor,19,10,0,7,6,20,389,1,47,2,9,143199.0,19.0
KAG_2026_10468,India,ML Engineer,Contributor,21,11,0,8,13,9,224,1,55,10,10,122734.0,21.0
KAG_2026_10469,India,Data Analyst,Novice,7,2,0,0,6,18,0,0,24,2,2,51274.0,7.0
KAG_2026_10470,USA,Data Scientist,Expert,4,33,3,4,15,28,236,1,38,11,10,165383.0,4.0
KAG_2026_10471,USA,Student,Novice,1,4,0,0,0,13,6,1,11,2,0,0.0,1.0
KAG_2026_10472,France,Data Scientist,Contributor,4,14,0,3,11,8,145,0,22,11,5,102007.0,4.0
KAG_2026_10473,France,ML Engineer,Grandmaster,9,52,18,18,29,120,2678,1,89,3,27,143455.0,9.0
KAG_2026_10474,Nigeria,Data Scientist,Contributor,3,21,0,1,12,21,122,0,25,7,4,54456.0,3.0
KAG_2026_10475,USA,Researcher,Grandmaster,9,64,14,11,20,118,2611,1,93,4,25,210960.0,9.0
KAG_2026_10476,Spain,Student,Expert,1,21,1,2,12,38,534,1,44,3,8,0.0,1.0
KAG_2026_10477,Germany,Researcher,Expert,4,29,4,6,17,35,214,1,49,6,11,133944.0,4.0
KAG_2026_10478,India,Student,Expert,2,33,1,7,11,31,355,1,45,3,9,0.0,2.0
KAG_2026_10479,USA,Data Scientist,Expert,21,28,4,6,15,24,278,1,66,2,16,202526.0,21.0
KAG_2026_10480,Germany,Data Scientist,Expert,16,32,3,1,13,32,341,1,61,2,14,150245.0,16.0
KAG_2026_10481,Canada,Data Analyst,Contributor,3,9,0,7,14,10,106,0,33,8,4,63811.0,3.0
KAG_2026_10482,Japan,Data Scientist,Master,15,40,5,38,18,58,809,1,76,8,19,149588.0,15.0
KAG_2026_10483,Germany,ML Engineer,Expert,20,28,3,3,17,29,211,1,75,2,15,197254.0,20.0
KAG_2026_10484,USA,Data Scientist,Master,6,41,11,22,23,67,1077,1,70,5,19,161401.0,6.0
KAG_2026_10485,Germany,Data Scientist,Contributor,7,14,0,9,12,10,159,0,38,6,6,122820.0,7.0
KAG_2026_10486,Brazil,Student,Novice,0,4,0,0,0,17,13,1,1,4,0,0.0,0.0
KAG_2026_10487,Germany,Researcher,Master,17,39,14,25,18,67,881,1,89,2,24,173006.0,17.0
KAG_2026_10488,Nigeria,Researcher,Expert,21,26,3,9,14,34,495,1,65,5,15,140357.0,21.0
KAG_2026_10489,India,Data Analyst,Novice,18,2,0,0,1,3,2,1,36,3,5,88960.0,18.0
KAG_2026_10490,France,Data Scientist,Expert,6,26,4,5,15,39,451,1,54,9,11,118800.0,6.0
KAG_2026_10491,USA,Student,Novice,1,7,0,0,9,16,6,1,13,2,0,0.0,1.0
KAG_2026_10492,USA,Student,Novice,1,2,0,0,6,14,8,0,10,2,0,0.0,1.0
KAG_2026_10493,Spain,Researcher,Expert,5,33,2,1,17,31,385,1,39,2,10,98017.0,5.0
KAG_2026_10494,USA,ML Engineer,Contributor,12,20,0,7,5,19,169,1,44,10,7,174958.0,12.0
KAG_2026_10495,Germany,ML Engineer,Expert,7,25,4,6,13,21,161,1,43,4,12,149846.0,7.0
KAG_2026_10496,UK,Researcher,Expert,10,26,4,5,14,25,218,1,57,4,13,134087.0,10.0
KAG_2026_10497,India,Data Analyst,Contributor,7,7,0,3,10,19,367,1,34,10,6,55212.0,7.0
KAG_2026_10498,Brazil,Researcher,Expert,17,33,2,6,16,33,318,1,57,8,14,128251.0,17.0
KAG_2026_10499,USA,Data Scientist,Contributor,21,16,0,7,8,16,393,1,58,2,10,202509.0,21.0
KAG_2026_10500,Spain,Researcher,Expert,15,32,2,6,17,29,416,1,55,2,13,144479.0,15.0
KAG_2026_10501,Germany,Student,Novice,1,4,0,0,9,4,7,0,4,3,0,0.0,1.0
KAG_2026_10502,India,Data Analyst,Novice,13,7,0,0,3,7,6,1,25,3,3,67269.0,13.0
KAG_2026_10503,Brazil,Researcher,Expert,15,25,1,3,11,25,200,1,60,11,13,103630.0,15.0
KAG_2026_10504,Spain,Researcher,Expert,10,31,3,2,17,20,393,1,54,9,12,132369.0,10.0
KAG_2026_10505,USA,Data Scientist,Contributor,12,15,0,7,6,15,271,0,36,11,7,187762.0,12.0
KAG_2026_10506,USA,Student,Expert,1,22,1,2,13,20,519,1,34,3,8,0.0,1.0
KAG_2026_10507,UK,Researcher,Grandmaster,10,59,21,20,21,129,2663,1,94,11,29,168257.0,10.0
KAG_2026_10508,India,Student,Novice,2,9,0,0,2,5,10,0,9,2,0,0.0,2.0
KAG_2026_10509,Japan,Researcher,Expert,21,32,1,6,12,35,239,1,64,10,14,176338.0,21.0
KAG_2026_10510,USA,ML Engineer,Grandmaster,17,64,9,31,21,122,2890,1,94,3,25,254244.0,17.0
KAG_2026_10511,Germany,ML Engineer,Master,19,38,9,20,24,62,968,1,90,6,22,178536.0,19.0
KAG_2026_10512,India,Data Analyst,Novice,8,4,0,0,3,3,0,1,17,9,2,49680.0,8.0
KAG_2026_10513,Japan,Researcher,Expert,16,27,4,7,13,26,458,1,70,2,14,153980.0,16.0
KAG_2026_10514,USA,Data Analyst,Expert,19,23,4,5,15,28,433,1,65,2,15,160419.0,19.0
KAG_2026_10515,USA,Data Analyst,Contributor,12,11,0,6,8,18,110,1,33,11,7,120658.0,12.0
KAG_2026_10516,Japan,Data Analyst,Novice,16,12,0,0,4,15,5,0,26,7,4,94603.0,16.0
KAG_2026_10517,Spain,Data Analyst,Novice,5,3,0,0,1,12,2,1,11,10,1,54745.0,5.0
KAG_2026_10518,Canada,Student,Novice,0,14,0,0,8,4,1,0,12,2,0,0.0,0.0
KAG_2026_10519,USA,Researcher,Expert,4,33,4,8,12,36,395,1,47,8,11,152577.0,4.0
KAG_2026_10520,Germany,ML Engineer,Expert,12,27,3,2,10,26,396,1,56,5,13,166603.0,12.0
KAG_2026_10521,India,Data Scientist,Expert,20,22,1,4,13,35,518,1,65,11,14,122601.0,20.0
KAG_2026_10522,Brazil,ML Engineer,Contributor,6,11,0,7,9,24,184,1,38,11,5,74541.0,6.0
KAG_2026_10523,India,Data Analyst,Novice,5,2,0,0,3,20,11,0,19,5,1,39947.0,5.0
KAG_2026_10524,India,Data Analyst,Expert,13,29,1,7,14,28,159,1,59,11,12,90387.0,13.0
KAG_2026_10525,Spain,Data Scientist,Expert,4,20,2,5,14,26,294,1,45,2,10,104698.0,4.0
KAG_2026_10526,USA,ML Engineer,Expert,9,20,2,1,17,23,370,1,57,4,11,197391.0,9.0
KAG_2026_10527,Spain,ML Engineer,Expert,9,33,3,5,17,20,521,1,51,10,12,122582.0,9.0
KAG_2026_10528,USA,ML Engineer,Contributor,20,19,0,1,5,23,316,1,47,7,10,211345.0,20.0
KAG_2026_10529,Canada,Researcher,Master,16,47,10,28,19,65,886,1,74,3,21,194825.0,16.0
KAG_2026_10530,UK,Data Scientist,Grandmaster,12,58,14,36,23,119,2782,1,85,7,26,159000.0,12.0
KAG_2026_10531,India,ML Engineer,Expert,8,20,1,6,16,37,185,1,48,8,10,88491.0,8.0
KAG_2026_10532,USA,Student,Expert,0,21,3,8,14,23,206,1,40,1,9,0.0,0.0
KAG_2026_10533,USA,Data Scientist,Contributor,19,18,0,9,12,19,253,0,55,2,9,212395.0,19.0
KAG_2026_10534,Canada,Researcher,Expert,4,21,3,7,15,34,176,1,50,11,10,135901.0,4.0
KAG_2026_10535,UK,Student,Contributor,1,8,0,7,8,6,77,1,27,3,4,0.0,1.0
KAG_2026_10536,Canada,Data Scientist,Grandmaster,10,60,24,34,21,116,2649,1,100,5,31,165406.0,10.0
KAG_2026_10537,USA,Researcher,Expert,7,24,3,9,19,20,327,1,53,9,11,156836.0,7.0
KAG_2026_10538,France,Data Analyst,Contributor,17,20,0,4,11,21,291,1,48,11,9,106159.0,17.0
KAG_2026_10539,USA,Data Analyst,Contributor,21,11,0,6,6,16,42,1,47,3,10,136696.0,21.0
KAG_2026_10540,USA,ML Engineer,Expert,20,29,4,2,13,32,237,1,68,8,16,214191.0,20.0
KAG_2026_10541,USA,Researcher,Master,13,37,8,33,17,55,1156,1,71,4,19,187746.0,13.0
KAG_2026_10542,India,ML Engineer,Expert,16,23,2,6,10,33,390,1,62,5,13,113794.0,16.0
KAG_2026_10543,Canada,Student,Contributor,1,9,0,6,11,15,435,1,18,4,4,0.0,1.0
KAG_2026_10544,Spain,Student,Novice,0,9,0,0,7,13,8,1,0,4,0,0.0,0.0
KAG_2026_10545,USA,Data Scientist,Contributor,13,9,0,4,6,14,70,1,41,8,7,169909.0,13.0
KAG_2026_10546,India,Student,Novice,0,11,0,0,8,18,6,1,6,2,0,0.0,0.0
KAG_2026_10547,Canada,Data Scientist,Expert,9,24,1,1,17,39,201,1,44,3,11,135818.0,9.0
KAG_2026_10548,France,Researcher,Expert,9,34,2,3,19,24,272,1,53,7,11,136021.0,9.0
KAG_2026_10549,France,Student,Novice,1,13,0,0,1,2,8,1,13,3,0,0.0,1.0
KAG_2026_10550,India,Researcher,Master,17,45,14,24,19,56,1025,1,82,11,24,153145.0,17.0
KAG_2026_10551,India,Data Scientist,Expert,10,25,4,4,10,22,352,1,56,5,13,104767.0,10.0
KAG_2026_10552,Brazil,Data Analyst,Novice,12,2,0,0,2,1,11,1,32,3,3,70175.0,12.0
KAG_2026_10553,India,Data Scientist,Contributor,4,8,0,5,13,16,227,1,22,3,5,73187.0,4.0
KAG_2026_10554,USA,ML Engineer,Expert,20,24,1,3,19,35,367,1,73,7,14,232694.0,20.0
KAG_2026_10555,UK,ML Engineer,Contributor,7,10,0,5,7,20,390,1,39,2,6,138790.0,7.0
KAG_2026_10556,India,Data Analyst,Contributor,8,14,0,9,12,10,156,0,27,11,6,62835.0,8.0
KAG_2026_10557,USA,Researcher,Master,12,49,22,34,23,63,953,1,87,11,26,219580.0,12.0
KAG_2026_10558,Canada,ML Engineer,Contributor,7,14,0,7,13,11,375,0,37,7,6,136692.0,7.0
KAG_2026_10559,USA,Researcher,Expert,12,30,2,3,10,32,369,1,60,10,12,199236.0,12.0
KAG_2026_10560,UK,Data Analyst,Novice,5,8,0,0,1,14,4,0,15,10,1,64099.0,5.0
KAG_2026_10561,India,Student,Novice,2,2,0,0,4,6,9,1,12,2,0,0.0,2.0
KAG_2026_10562,UK,ML Engineer,Master,20,39,5,26,15,50,1036,1,80,5,20,193844.0,20.0
KAG_2026_10563,USA,Data Scientist,Contributor,14,21,0,1,12,17,74,0,45,11,8,200424.0,14.0
KAG_2026_10564,USA,Data Scientist,Expert,18,22,3,1,19,21,448,1,61,10,14,224176.0,18.0
KAG_2026_10565,USA,Data Scientist,Contributor,9,13,0,2,11,14,78,0,38,10,6,179246.0,9.0
KAG_2026_10566,Nigeria,Researcher,Grandmaster,7,54,8,29,21,116,2787,1,77,10,22,102501.0,7.0
KAG_2026_10567,India,Data Scientist,Contributor,6,11,0,3,5,20,61,1,26,10,5,75523.0,6.0
KAG_2026_10568,Brazil,ML Engineer,Contributor,6,8,0,2,13,22,105,1,29,5,5,77656.0,6.0
KAG_2026_10569,UK,Researcher,Expert,20,21,3,1,14,28,325,1,64,4,15,183894.0,20.0
KAG_2026_10570,Spain,Data Scientist,Contributor,17,15,0,2,7,24,162,0,42,4,9,146886.0,17.0
KAG_2026_10571,UK,ML Engineer,Contributor,19,19,0,1,9,14,176,1,52,11,9,172990.0,19.0
KAG_2026_10572,Nigeria,Student,Novice,1,7,0,0,5,15,12,0,10,2,0,0.0,1.0
KAG_2026_10573,India,Student,Expert,2,25,3,2,19,22,511,1,46,2,10,0.0,2.0
KAG_2026_10574,USA,Data Analyst,Novice,7,11,0,0,0,14,4,1,13,5,2,82969.0,7.0
KAG_2026_10575,UK,Researcher,Grandmaster,14,61,7,39,21,110,2630,1,96,11,23,164349.0,14.0
KAG_2026_10576,USA,Student,Novice,1,8,0,0,3,14,12,0,3,3,0,0.0,1.0
KAG_2026_10577,USA,Data Analyst,Novice,10,9,0,0,4,18,11,1,24,3,3,103245.0,10.0
KAG_2026_10578,India,Data Analyst,Contributor,9,15,0,3,14,7,92,0,41,7,6,62255.0,9.0
KAG_2026_10579,Nigeria,ML Engineer,Expert,5,23,2,2,14,21,195,1,45,8,10,76898.0,5.0
KAG_2026_10580,USA,Data Analyst,Novice,9,2,0,0,8,15,7,1,16,3,2,104593.0,9.0
KAG_2026_10581,France,Data Scientist,Contributor,10,19,0,2,14,23,227,1,36,11,7,127059.0,10.0
KAG_2026_10582,Canada,Data Analyst,Novice,9,4,0,0,4,10,9,1,13,6,2,82581.0,9.0
KAG_2026_10583,USA,Data Scientist,Expert,14,29,1,7,10,37,390,1,51,3,12,194022.0,14.0
KAG_2026_10584,Nigeria,Data Analyst,Novice,19,2,0,0,9,8,13,1,34,10,5,81390.0,19.0
KAG_2026_10585,India,Data Analyst,Contributor,5,14,0,7,11,23,128,1,23,7,5,51485.0,5.0
KAG_2026_10586,France,Data Scientist,Contributor,4,16,0,2,7,17,330,0,22,10,5,101098.0,4.0
KAG_2026_10587,Spain,Student,Contributor,1,9,0,4,9,13,160,1,26,3,4,0.0,1.0
KAG_2026_10588,UK,Researcher,Grandmaster,18,52,9,22,27,111,2855,1,96,10,25,208517.0,18.0
KAG_2026_10589,France,Researcher,Expert,18,21,3,1,12,28,364,1,65,11,14,179234.0,18.0
KAG_2026_10590,Brazil,Data Analyst,Grandmaster,15,55,5,30,22,125,2892,1,94,10,23,111697.0,15.0
KAG_2026_10591,USA,Student,Novice,1,11,0,0,6,6,11,1,4,3,0,0.0,1.0
KAG_2026_10592,USA,ML Engineer,Contributor,9,20,0,6,11,18,432,0,32,3,6,193151.0,9.0
KAG_2026_10593,Germany,Data Analyst,Contributor,3,18,0,5,7,18,70,0,30,8,4,65284.0,3.0
KAG_2026_10594,Canada,Data Scientist,Grandmaster,12,62,24,22,24,114,2754,1,93,6,31,191985.0,12.0
KAG_2026_10595,UK,Student,Contributor,1,7,0,9,7,13,346,0,16,2,4,0.0,1.0
KAG_2026_10596,Germany,Student,Master,1,49,11,22,23,51,1186,1,57,1,17,0.0,1.0
KAG_2026_10597,Japan,Researcher,Expert,4,31,4,2,13,37,514,1,50,9,11,106034.0,4.0
KAG_2026_10598,Spain,ML Engineer,Contributor,20,7,0,2,8,22,364,1,59,8,10,144675.0,20.0
KAG_2026_10599,Nigeria,Student,Novice,1,9,0,0,2,16,12,0,2,1,0,0.0,1.0
KAG_2026_10600,India,Student,Novice,2,9,0,0,0,11,12,1,16,1,0,0.0,2.0
KAG_2026_10601,India,Researcher,Grandmaster,19,50,12,27,28,116,2516,1,100,2,27,166867.0,19.0
KAG_2026_10602,Nigeria,Researcher,Master,8,47,15,36,24,59,1021,1,76,11,21,94218.0,8.0
KAG_2026_10603,USA,Data Scientist,Expert,11,20,1,2,13,36,283,1,55,4,11,179471.0,11.0
KAG_2026_10604,Canada,Data Analyst,Novice,7,6,0,0,5,20,6,0,10,4,2,74943.0,7.0
KAG_2026_10605,Canada,Researcher,Grandmaster,19,60,18,35,27,116,2784,1,100,11,30,191080.0,19.0
KAG_2026_10606,USA,ML Engineer,Contributor,18,17,0,6,13,17,377,1,45,9,9,193418.0,18.0
KAG_2026_10607,India,Data Scientist,Grandmaster,9,61,23,39,24,119,2734,1,87,7,30,134461.0,9.0
KAG_2026_10608,France,ML Engineer,Expert,15,31,3,2,19,24,233,1,55,6,14,143822.0,15.0
KAG_2026_10609,India,Data Analyst,Novice,20,12,0,0,7,2,4,0,40,9,6,99611.0,20.0
KAG_2026_10610,USA,Data Analyst,Contributor,5,15,0,8,11,11,433,0,26,4,5,95586.0,5.0
KAG_2026_10611,Brazil,ML Engineer,Grandmaster,21,58,9,13,27,122,2870,1,100,3,26,158075.0,21.0
KAG_2026_10612,UK,Data Analyst,Novice,20,5,0,0,1,17,13,0,35,2,6,116517.0,20.0
KAG_2026_10613,USA,Data Analyst,Contributor,19,9,0,1,10,18,301,0,50,8,9,133666.0,19.0
KAG_2026_10614,USA,Data Analyst,Grandmaster,20,60,22,21,28,110,2879,1,100,7,33,161145.0,20.0
KAG_2026_10615,Nigeria,Data Scientist,Expert,6,31,4,2,11,29,285,1,48,5,11,75697.0,6.0
KAG_2026_10616,USA,ML Engineer,Expert,8,34,2,8,16,36,431,1,57,2,11,170241.0,8.0
KAG_2026_10617,France,ML Engineer,Master,11,36,10,13,24,67,911,1,77,6,20,153847.0,11.0
KAG_2026_10618,India,Researcher,Master,19,37,23,25,22,69,1062,1,91,11,29,156524.0,19.0
KAG_2026_10619,USA,Data Analyst,Contributor,11,15,0,9,14,22,117,1,34,4,7,103188.0,11.0
KAG_2026_10620,USA,Data Scientist,Contributor,6,16,0,5,5,23,325,0,26,4,5,155610.0,6.0
KAG_2026_10621,India,Data Analyst,Novice,7,8,0,0,1,12,1,1,24,9,2,48784.0,7.0
KAG_2026_10622,Spain,Researcher,Master,5,45,12,22,17,61,1034,1,58,7,19,116237.0,5.0
KAG_2026_10623,India,Researcher,Expert,11,26,2,9,17,29,391,1,49,10,12,114485.0,11.0
KAG_2026_10624,India,ML Engineer,Expert,6,30,4,2,15,33,444,1,48,8,11,90482.0,6.0
KAG_2026_10625,France,Researcher,Expert,11,34,4,1,10,34,457,1,61,3,13,145350.0,11.0
KAG_2026_10626,India,Student,Master,0,37,14,15,22,54,940,1,60,1,19,0.0,0.0
KAG_2026_10627,India,Data Analyst,Contributor,11,7,0,9,5,15,50,0,39,4,7,69630.0,11.0
KAG_2026_10628,India,Student,Novice,0,2,0,0,7,12,3,1,12,2,0,0.0,0.0
KAG_2026_10629,India,Researcher,Grandmaster,6,56,16,16,26,116,2561,1,86,11,25,120852.0,6.0
KAG_2026_10630,Germany,Student,Master,0,47,16,26,16,53,892,1,67,3,20,0.0,0.0
KAG_2026_10631,France,Student,Expert,0,24,4,9,16,27,180,1,44,1,10,0.0,0.0
KAG_2026_10632,USA,Researcher,Expert,14,25,3,7,16,38,211,1,54,10,13,208132.0,14.0
KAG_2026_10633,USA,Data Analyst,Novice,9,13,0,0,0,20,9,1,13,2,2,96387.0,9.0
KAG_2026_10634,Brazil,ML Engineer,Master,21,42,20,26,17,69,1191,1,93,3,28,147807.0,21.0
KAG_2026_10635,India,Student,Contributor,2,21,0,7,5,16,215,1,26,4,4,0.0,2.0
KAG_2026_10636,France,Data Analyst,Expert,6,33,4,6,18,25,359,1,45,3,11,78440.0,6.0
KAG_2026_10637,France,Data Analyst,Novice,12,11,0,0,4,12,10,0,23,11,3,86011.0,12.0
KAG_2026_10638,Japan,Researcher,Master,18,39,24,28,21,57,961,1,85,7,29,202127.0,18.0
KAG_2026_10639,India,Data Scientist,Expert,5,33,2,1,15,26,195,1,44,3,10,83394.0,5.0
KAG_2026_10640,USA,Researcher,Expert,9,22,1,1,19,21,194,1,47,5,11,181372.0,9.0
KAG_2026_10641,USA,Data Scientist,Grandmaster,20,60,15,15,25,119,2689,1,100,8,29,242562.0,20.0
KAG_2026_10642,Canada,Student,Novice,1,2,0,0,2,8,4,0,2,4,0,0.0,1.0
KAG_2026_10643,USA,Data Analyst,Novice,12,11,0,0,0,17,9,0,30,8,3,112449.0,12.0
KAG_2026_10644,India,Researcher,Expert,10,26,1,7,10,36,429,1,54,11,11,91101.0,10.0
KAG_2026_10645,USA,ML Engineer,Master,17,42,14,14,21,68,1195,1,77,8,24,207041.0,17.0
KAG_2026_10646,USA,Researcher,Expert,16,26,3,9,11,26,480,1,58,3,14,204336.0,16.0
KAG_2026_10647,Japan,Researcher,Grandmaster,10,51,10,17,24,116,2702,1,88,4,24,171250.0,10.0
KAG_2026_10648,USA,Student,Novice,1,2,0,0,6,11,3,1,3,3,0,0.0,1.0
KAG_2026_10649,Spain,ML Engineer,Expert,12,25,3,1,12,20,159,1,50,10,13,132694.0,12.0
KAG_2026_10650,India,Researcher,Expert,4,26,2,9,10,22,242,1,50,5,10,77009.0,4.0
KAG_2026_10651,Nigeria,Student,Novice,0,3,0,0,3,5,3,1,5,2,0,0.0,0.0
KAG_2026_10652,India,Data Analyst,Contributor,3,20,0,1,9,8,311,0,32,9,4,39444.0,3.0
KAG_2026_10653,Japan,Data Scientist,Master,5,48,14,27,20,64,890,1,59,3,20,136112.0,5.0
KAG_2026_10654,India,Researcher,Master,18,48,19,28,15,52,847,1,83,9,26,157944.0,18.0
KAG_2026_10655,USA,ML Engineer,Grandmaster,6,58,24,20,28,126,2701,1,82,9,29,193190.0,6.0
KAG_2026_10656,France,ML Engineer,Grandmaster,16,55,9,15,20,122,2521,1,89,8,25,184569.0,16.0
KAG_2026_10657,Germany,Data Analyst,Novice,17,2,0,0,5,6,0,0,34,7,5,113015.0,17.0
KAG_2026_10658,France,Data Scientist,Contributor,20,21,0,4,8,11,180,1,45,8,10,157523.0,20.0
KAG_2026_10659,India,Researcher,Expert,5,27,3,6,12,34,352,1,53,7,11,82989.0,5.0
KAG_2026_10660,Nigeria,Data Analyst,Novice,19,2,0,0,1,7,8,0,31,3,5,80233.0,19.0
KAG_2026_10661,India,Data Analyst,Novice,11,2,0,0,0,11,0,0,23,6,3,67150.0,11.0
KAG_2026_10662,France,Researcher,Master,16,42,22,10,15,69,1091,1,93,7,27,164698.0,16.0
KAG_2026_10663,USA,Researcher,Master,17,35,20,15,15,51,962,1,90,9,27,216902.0,17.0
KAG_2026_10664,Canada,Data Analyst,Novice,11,10,0,0,9,20,13,0,25,4,3,86508.0,11.0
KAG_2026_10665,India,Data Analyst,Contributor,21,20,0,2,5,14,270,0,53,2,10,95708.0,21.0
KAG_2026_10666,India,Student,Contributor,0,15,0,8,8,8,189,0,23,3,4,0.0,0.0
KAG_2026_10667,USA,Data Scientist,Expert,18,24,1,1,12,35,360,1,63,8,13,215599.0,18.0
KAG_2026_10668,USA,Data Analyst,Contributor,10,17,0,4,6,6,241,0,38,2,7,105612.0,10.0
KAG_2026_10669,Germany,Student,Novice,0,9,0,0,0,2,8,1,2,3,0,0.0,0.0
KAG_2026_10670,India,Student,Expert,0,24,3,3,18,34,469,1,39,4,9,0.0,0.0
KAG_2026_10671,USA,ML Engineer,Expert,12,20,3,9,10,21,337,1,51,7,13,184230.0,12.0
KAG_2026_10672,India,Student,Contributor,1,21,0,4,9,8,193,1,23,2,4,0.0,1.0
KAG_2026_10673,France,ML Engineer,Expert,11,29,1,2,19,29,406,1,53,7,11,140738.0,11.0
KAG_2026_10674,India,ML Engineer,Contributor,12,8,0,2,5,13,356,0,39,8,7,98350.0,12.0
KAG_2026_10675,USA,Researcher,Expert,20,21,1,1,10,35,547,1,72,8,14,201480.0,20.0
KAG_2026_10676,USA,Data Scientist,Expert,20,24,4,5,11,29,179,1,67,10,16,194933.0,20.0
KAG_2026_10677,UK,Student,Contributor,0,15,0,6,14,8,304,1,17,4,4,0.0,0.0
KAG_2026_10678,Japan,Data Analyst,Master,10,39,6,19,15,51,1105,1,70,3,18,96277.0,10.0
KAG_2026_10679,India,Data Analyst,Master,19,39,15,29,18,60,1112,1,82,7,25,128131.0,19.0
KAG_2026_10680,Canada,Student,Novice,2,13,0,0,5,4,9,0,6,2,0,0.0,2.0
KAG_2026_10681,UK,Data Scientist,Contributor,13,14,0,7,14,12,384,0,39,10,7,152380.0,13.0
KAG_2026_10682,Germany,Researcher,Expert,5,25,3,9,14,32,464,1,40,10,11,126821.0,5.0
KAG_2026_10683,USA,Data Analyst,Novice,10,6,0,0,9,9,2,0,18,2,3,108159.0,10.0
KAG_2026_10684,Japan,ML Engineer,Expert,19,32,3,9,12,21,169,1,61,4,15,169655.0,19.0
KAG_2026_10685,India,Data Analyst,Novice,19,11,0,0,7,19,14,1,35,10,5,96046.0,19.0
KAG_2026_10686,India,ML Engineer,Master,13,37,9,20,18,61,974,1,73,6,20,122721.0,13.0
KAG_2026_10687,Canada,ML Engineer,Grandmaster,13,53,16,25,24,124,2823,1,90,7,27,190868.0,13.0
KAG_2026_10688,UK,ML Engineer,Expert,16,22,2,7,19,25,360,1,62,11,13,165482.0,16.0
KAG_2026_10689,USA,ML Engineer,Master,14,49,13,10,18,62,951,1,72,7,22,201687.0,14.0
KAG_2026_10690,USA,Data Scientist,Grandmaster,21,52,15,17,23,126,2767,1,100,3,29,257524.0,21.0
KAG_2026_10691,UK,Data Scientist,Expert,14,34,2,1,11,38,428,1,63,2,13,162520.0,14.0
KAG_2026_10692,India,ML Engineer,Contributor,8,12,0,9,8,16,352,1,34,9,6,90773.0,8.0
KAG_2026_10693,Canada,Student,Expert,1,25,3,9,17,24,265,1,45,1,9,0.0,1.0
KAG_2026_10694,India,Data Scientist,Contributor,16,9,0,9,6,22,88,0,48,5,8,118388.0,16.0
KAG_2026_10695,UK,Data Scientist,Master,11,41,7,24,19,64,957,1,76,4,18,143224.0,11.0
KAG_2026_10696,USA,Data Analyst,Novice,3,12,0,0,8,16,10,1,15,8,0,74302.0,3.0
KAG_2026_10697,Germany,Student,Novice,2,6,0,0,7,13,14,1,15,1,0,6645.0,2.0
KAG_2026_10698,USA,Data Scientist,Expert,13,33,2,9,11,39,378,1,61,5,12,202183.0,13.0
KAG_2026_10699,USA,Researcher,Expert,12,20,4,1,10,22,477,1,58,3,13,204650.0,12.0
KAG_2026_10700,India,Data Scientist,Expert,21,29,2,1,19,21,549,1,70,2,15,124393.0,21.0
KAG_2026_10701,India,Researcher,Expert,18,22,2,2,19,27,477,1,64,4,14,127750.0,18.0
KAG_2026_10702,UK,Researcher,Master,5,41,21,35,15,50,991,1,69,5,24,149739.0,5.0
KAG_2026_10703,India,ML Engineer,Contributor,21,21,0,8,10,17,336,1,55,9,10,146430.0,21.0
KAG_2026_10704,Canada,Student,Novice,1,14,0,0,1,5,6,0,6,3,0,0.0,1.0
KAG_2026_10705,USA,ML Engineer,Grandmaster,11,59,11,35,28,124,2752,1,91,5,24,210401.0,11.0
KAG_2026_10706,Canada,Data Scientist,Expert,18,34,1,8,13,39,380,1,65,6,13,180701.0,18.0
KAG_2026_10707,Germany,Researcher,Expert,15,20,2,1,15,38,211,1,61,7,13,152318.0,15.0
KAG_2026_10708,Canada,Data Analyst,Novice,7,12,0,0,8,10,14,0,18,8,2,76501.0,7.0
KAG_2026_10709,Japan,Student,Novice,2,2,0,0,8,2,7,1,17,4,0,0.0,2.0
KAG_2026_10710,USA,ML Engineer,Expert,5,28,2,6,13,30,503,1,42,4,10,157668.0,5.0
KAG_2026_10711,Brazil,Researcher,Master,13,42,18,37,24,55,812,1,85,6,24,130287.0,13.0
KAG_2026_10712,India,Researcher,Master,17,47,16,13,24,67,867,1,78,9,25,138449.0,17.0
KAG_2026_10713,France,Researcher,Expert,6,30,2,8,12,36,295,1,48,3,10,120618.0,6.0
KAG_2026_10714,USA,Data Scientist,Expert,12,21,3,8,15,38,205,1,51,6,13,190543.0,12.0
KAG_2026_10715,Nigeria,Student,Master,1,41,23,29,24,56,822,1,65,1,23,0.0,1.0
KAG_2026_10716,India,Student,Contributor,2,17,0,4,11,21,288,1,32,1,4,0.0,2.0
KAG_2026_10717,Germany,Data Analyst,Expert,12,30,1,8,11,23,498,1,48,11,12,110820.0,12.0
KAG_2026_10718,India,Data Scientist,Contributor,5,14,0,9,6,18,359,1,35,7,5,65801.0,5.0
KAG_2026_10719,Canada,Researcher,Expert,10,20,4,4,18,20,455,1,57,11,13,165053.0,10.0
KAG_2026_10720,UK,Data Scientist,Expert,7,30,2,5,18,34,219,1,51,9,11,135689.0,7.0
KAG_2026_10721,India,Researcher,Expert,21,23,4,5,19,33,213,1,64,5,16,127560.0,21.0
KAG_2026_10722,India,Data Analyst,Contributor,15,15,0,1,10,5,98,1,46,2,8,91746.0,15.0
KAG_2026_10723,Brazil,Student,Contributor,0,12,0,5,12,5,320,1,23,3,4,0.0,0.0
KAG_2026_10724,Nigeria,Data Scientist,Expert,21,32,4,1,13,28,198,1,63,3,16,116466.0,21.0
KAG_2026_10725,Nigeria,Data Scientist,Expert,21,34,2,5,19,36,485,1,62,5,15,121244.0,21.0
KAG_2026_10726,USA,Researcher,Grandmaster,21,63,13,31,20,110,2560,1,100,3,28,229742.0,21.0
KAG_2026_10727,France,Data Analyst,Contributor,14,19,0,3,9,17,380,0,49,10,8,93024.0,14.0
KAG_2026_10728,USA,Student,Contributor,1,12,0,3,13,21,156,1,21,2,4,0.0,1.0
KAG_2026_10729,India,Student,Novice,0,9,0,0,2,4,12,1,0,2,0,0.0,0.0
KAG_2026_10730,USA,ML Engineer,Expert,7,24,1,8,15,21,286,1,53,6,10,181832.0,7.0
KAG_2026_10731,USA,Data Scientist,Expert,15,26,2,9,10,30,344,1,60,9,13,190134.0,15.0
KAG_2026_10732,USA,Student,Contributor,1,8,0,7,6,22,242,1,17,4,4,0.0,1.0
KAG_2026_10733,USA,Researcher,Expert,17,30,4,3,10,30,283,1,66,6,15,217445.0,17.0
KAG_2026_10734,India,Student,Contributor,2,9,0,4,8,9,255,1,27,2,4,0.0,2.0
KAG_2026_10735,India,Researcher,Expert,21,27,1,1,19,22,474,1,76,5,14,130795.0,21.0
KAG_2026_10736,UK,ML Engineer,Expert,7,21,3,8,16,31,440,1,42,2,11,127669.0,7.0
KAG_2026_10737,India,Data Scientist,Contributor,5,7,0,3,13,9,228,1,25,4,5,78742.0,5.0
KAG_2026_10738,India,Data Analyst,Contributor,18,11,0,7,8,13,210,1,46,4,9,89911.0,18.0
KAG_2026_10739,India,Data Scientist,Master,19,37,5,29,20,52,1077,1,89,8,20,136527.0,19.0
KAG_2026_10740,Nigeria,ML Engineer,Expert,16,25,4,7,12,36,310,1,62,7,14,121514.0,16.0
KAG_2026_10741,USA,Student,Contributor,0,15,0,8,14,24,116,0,29,1,4,0.0,0.0
KAG_2026_10742,USA,ML Engineer,Contributor,15,11,0,1,12,6,106,1,44,2,8,213735.0,15.0
KAG_2026_10743,Brazil,Researcher,Expert,21,31,1,5,10,26,281,1,74,9,14,142921.0,21.0
KAG_2026_10744,USA,Researcher,Master,5,38,5,10,22,56,972,1,59,5,16,159194.0,5.0
KAG_2026_10745,USA,Data Analyst,Expert,13,29,1,3,12,29,255,1,58,2,12,129544.0,13.0
KAG_2026_10746,Canada,Researcher,Master,5,49,17,11,21,58,946,1,65,3,22,159010.0,5.0
KAG_2026_10747,USA,Student,Expert,0,28,4,5,18,39,407,1,40,3,10,0.0,0.0
KAG_2026_10748,India,Student,Novice,1,13,0,0,3,6,2,1,4,1,0,0.0,1.0
KAG_2026_10749,India,Student,Contributor,0,16,0,4,10,5,149,0,22,1,4,0.0,0.0
KAG_2026_10750,Canada,Researcher,Grandmaster,13,53,6,28,23,115,2769,1,89,9,22,186921.0,13.0
KAG_2026_10751,India,ML Engineer,Expert,14,25,4,3,14,20,158,1,61,5,14,109728.0,14.0
KAG_2026_10752,Germany,Student,Novice,1,11,0,0,0,1,8,1,6,1,0,0.0,1.0
KAG_2026_10753,Nigeria,Data Analyst,Expert,11,21,3,8,12,24,522,1,49,4,12,72428.0,11.0
KAG_2026_10754,Nigeria,Researcher,Master,20,49,11,23,19,58,959,1,88,7,23,135162.0,20.0
KAG_2026_10755,USA,ML Engineer,Expert,15,27,4,9,17,24,417,1,58,2,14,194206.0,15.0
KAG_2026_10756,Canada,Student,Contributor,0,17,0,2,11,22,212,0,18,1,4,0.0,0.0
KAG_2026_10757,Spain,Data Scientist,Contributor,20,8,0,9,13,14,167,1,51,8,10,137852.0,20.0
KAG_2026_10758,UK,ML Engineer,Expert,5,30,1,6,17,37,417,1,38,9,10,133850.0,5.0
KAG_2026_10759,UK,Researcher,Expert,10,25,1,1,18,24,357,1,53,8,11,148118.0,10.0
KAG_2026_10760,Brazil,Researcher,Expert,16,29,2,8,13,30,502,1,64,9,13,127873.0,16.0
KAG_2026_10761,USA,Data Scientist,Contributor,6,19,0,8,7,19,398,0,37,4,5,147940.0,6.0
KAG_2026_10762,UK,Student,Contributor,0,17,0,3,8,23,274,1,29,3,4,0.0,0.0
KAG_2026_10763,India,ML Engineer,Expert,8,23,3,7,17,33,488,1,49,6,11,98303.0,8.0
KAG_2026_10764,France,Data Scientist,Contributor,11,16,0,7,10,17,204,1,45,6,7,116346.0,11.0
KAG_2026_10765,USA,Researcher,Grandmaster,7,57,12,31,21,110,2547,1,81,4,24,191448.0,7.0
KAG_2026_10766,Canada,Data Scientist,Expert,11,29,3,8,18,23,485,1,49,7,12,161775.0,11.0
KAG_2026_10767,Germany,Data Analyst,Novice,9,7,0,0,4,16,14,1,22,9,2,75139.0,9.0
KAG_2026_10768,Germany,Student,Novice,0,3,0,0,0,10,11,0,8,2,0,0.0,0.0
KAG_2026_10769,India,Student,Contributor,1,10,0,6,6,22,215,1,30,2,4,6654.0,1.0
KAG_2026_10770,Brazil,Student,Contributor,1,20,0,9,11,23,68,0,21,3,4,0.0,1.0
KAG_2026_10771,Japan,Data Scientist,Contributor,21,8,0,3,14,11,367,1,51,6,10,156481.0,21.0
KAG_2026_10772,India,Data Scientist,Master,17,38,23,38,15,50,802,1,91,6,28,154595.0,17.0
KAG_2026_10773,USA,ML Engineer,Grandmaster,12,54,5,25,27,121,2733,1,88,10,22,206572.0,12.0
KAG_2026_10774,USA,Researcher,Grandmaster,17,56,7,35,28,121,2870,1,89,3,24,208994.0,17.0
KAG_2026_10775,India,Researcher,Master,6,35,15,20,16,56,966,1,62,2,21,106391.0,6.0
KAG_2026_10776,Germany,Data Scientist,Master,7,49,20,29,16,53,965,1,68,10,24,148584.0,7.0
KAG_2026_10777,UK,Data Scientist,Expert,20,27,2,3,11,22,354,1,75,10,15,177065.0,20.0
KAG_2026_10778,Brazil,Data Analyst,Novice,5,6,0,0,8,10,11,1,21,10,1,37886.0,5.0
KAG_2026_10779,India,Researcher,Master,15,46,14,38,22,65,933,1,82,8,23,129665.0,15.0
KAG_2026_10780,USA,Data Analyst,Novice,10,10,0,0,7,18,8,1,21,8,3,97541.0,10.0
KAG_2026_10781,Nigeria,Researcher,Master,8,45,10,15,24,69,816,1,71,10,19,95740.0,8.0
KAG_2026_10782,Germany,Researcher,Grandmaster,21,58,9,25,20,124,2746,1,100,3,26,186210.0,21.0
KAG_2026_10783,Canada,Data Scientist,Master,10,37,19,30,18,61,896,1,78,10,24,153909.0,10.0
KAG_2026_10784,USA,Researcher,Expert,4,31,1,7,16,35,384,1,50,4,9,167998.0,4.0
KAG_2026_10785,Canada,Student,Contributor,0,12,0,7,8,13,366,0,15,4,4,0.0,0.0
KAG_2026_10786,USA,Data Scientist,Contributor,5,7,0,5,12,22,181,0,25,2,5,158413.0,5.0
KAG_2026_10787,Spain,Student,Novice,2,6,0,0,7,6,5,0,12,1,0,0.0,2.0
KAG_2026_10788,India,ML Engineer,Grandmaster,17,56,6,13,22,128,2866,1,97,11,24,133296.0,17.0
KAG_2026_10789,Nigeria,Data Analyst,Expert,10,26,4,8,13,26,277,1,50,11,13,73670.0,10.0
KAG_2026_10790,USA,Researcher,Master,9,43,15,16,15,52,1096,1,74,4,22,204036.0,9.0
KAG_2026_10791,Canada,Researcher,Expert,11,27,1,3,15,29,244,1,59,5,11,158767.0,11.0
KAG_2026_10792,USA,ML Engineer,Expert,21,23,2,3,12,21,398,1,68,10,15,237882.0,21.0
KAG_2026_10793,Canada,Data Analyst,Contributor,19,14,0,4,6,24,169,1,57,11,9,132417.0,19.0
KAG_2026_10794,UK,Data Scientist,Expert,11,31,3,6,19,25,383,1,52,3,12,142039.0,11.0
KAG_2026_10795,Brazil,ML Engineer,Expert,12,23,2,2,14,38,274,1,61,5,12,105513.0,12.0
KAG_2026_10796,France,ML Engineer,Expert,13,34,3,2,17,33,159,1,56,10,13,150249.0,13.0
KAG_2026_10797,USA,Student,Novice,1,11,0,0,2,15,13,0,1,2,0,0.0,1.0
KAG_2026_10798,India,ML Engineer,Contributor,21,12,0,1,7,16,235,0,53,10,10,137054.0,21.0
KAG_2026_10799,Brazil,ML Engineer,Contributor,17,8,0,8,13,9,302,1,50,6,9,109717.0,17.0
KAG_2026_10800,Germany,Data Analyst,Novice,2,8,0,0,6,2,9,1,8,11,0,54927.0,2.0
KAG_2026_10801,India,Researcher,Grandmaster,16,53,22,13,28,118,2596,1,97,2,31,145998.0,16.0
KAG_2026_10802,Brazil,ML Engineer,Contributor,15,10,0,8,7,10,164,0,46,5,8,111787.0,15.0
KAG_2026_10803,USA,Data Analyst,Grandmaster,19,59,15,13,26,117,2812,1,98,10,29,171822.0,19.0
KAG_2026_10804,Canada,Researcher,Master,20,38,14,26,20,60,865,1,84,7,25,209244.0,20.0
KAG_2026_10805,USA,Student,Contributor,2,10,0,7,13,15,162,1,26,1,4,0.0,2.0
KAG_2026_10806,USA,Student,Contributor,1,11,0,4,10,9,363,1,26,1,4,0.0,1.0
KAG_2026_10807,India,Data Analyst,Novice,20,4,0,0,0,6,5,1,39,11,6,91030.0,20.0
KAG_2026_10808,India,Student,Novice,1,10,0,0,7,4,2,1,8,1,0,0.0,1.0
KAG_2026_10809,India,Data Scientist,Expert,5,25,1,1,16,36,500,1,44,10,10,84265.0,5.0
KAG_2026_10810,India,Data Scientist,Expert,21,31,3,7,16,27,283,1,71,11,15,151588.0,21.0
KAG_2026_10811,USA,Data Scientist,Contributor,17,16,0,3,9,15,307,0,47,8,9,179926.0,17.0
KAG_2026_10812,Japan,Data Analyst,Novice,7,2,0,0,4,18,9,0,23,2,2,65752.0,7.0
KAG_2026_10813,UK,Researcher,Master,20,47,5,27,19,52,1028,1,86,7,20,196820.0,20.0
KAG_2026_10814,India,Student,Novice,1,6,0,0,3,10,4,1,8,3,0,0.0,1.0
KAG_2026_10815,India,Data Analyst,Contributor,17,13,0,6,6,14,74,0,52,6,9,89332.0,17.0
KAG_2026_10816,Germany,Data Scientist,Contributor,8,13,0,8,9,19,292,0,35,5,6,127515.0,8.0
KAG_2026_10817,Germany,Data Scientist,Grandmaster,19,51,7,26,21,127,2779,1,99,5,25,200063.0,19.0
KAG_2026_10818,India,Researcher,Expert,8,26,3,3,13,22,371,1,54,6,11,85702.0,8.0
KAG_2026_10819,UK,Student,Grandmaster,0,63,12,30,27,116,2558,1,80,4,22,0.0,0.0
KAG_2026_10820,USA,ML Engineer,Contributor,12,15,0,4,9,16,411,0,39,8,7,182077.0,12.0
KAG_2026_10821,USA,Data Analyst,Expert,7,32,4,1,18,38,414,1,42,11,12,98195.0,7.0
KAG_2026_10822,Canada,Data Analyst,Contributor,14,10,0,5,14,14,203,0,37,11,8,97360.0,14.0
KAG_2026_10823,France,ML Engineer,Master,12,44,22,18,21,51,989,1,82,7,26,170063.0,12.0
KAG_2026_10824,USA,ML Engineer,Expert,9,26,4,3,12,38,528,1,54,4,12,178900.0,9.0
KAG_2026_10825,USA,Data Analyst,Master,7,48,24,16,23,61,871,1,74,8,26,127601.0,7.0
KAG_2026_10826,Canada,Researcher,Grandmaster,21,64,8,17,26,121,2753,1,100,9,26,213480.0,21.0
KAG_2026_10827,France,Researcher,Master,8,43,21,27,19,60,906,1,76,9,24,135245.0,8.0
KAG_2026_10828,USA,Data Analyst,Master,20,46,12,16,16,61,1197,1,85,7,24,181348.0,20.0
KAG_2026_10829,Brazil,Data Analyst,Contributor,14,19,0,9,9,23,98,1,41,7,8,73604.0,14.0
KAG_2026_10830,USA,ML Engineer,Contributor,7,15,0,2,10,8,376,0,36,6,6,174535.0,7.0
KAG_2026_10831,USA,ML Engineer,Expert,18,30,2,2,19,22,376,1,68,3,14,203202.0,18.0
KAG_2026_10832,India,Researcher,Expert,15,33,4,9,12,31,514,1,60,2,14,110151.0,15.0
KAG_2026_10833,Japan,ML Engineer,Contributor,18,21,0,8,12,10,209,1,46,5,9,171948.0,18.0
KAG_2026_10834,India,Researcher,Expert,10,23,3,6,10,37,449,1,48,6,12,98945.0,10.0
KAG_2026_10835,India,ML Engineer,Grandmaster,20,54,20,18,22,120,2641,1,100,9,32,168020.0,20.0
KAG_2026_10836,Nigeria,Data Scientist,Master,12,47,17,25,15,54,810,1,85,4,24,101154.0,12.0
KAG_2026_10837,USA,ML Engineer,Contributor,5,18,0,5,13,24,273,1,30,5,5,153024.0,5.0
KAG_2026_10838,Germany,Student,Contributor,2,19,0,3,11,21,95,0,26,3,4,0.0,2.0
KAG_2026_10839,Brazil,Researcher,Grandmaster,20,63,18,36,24,126,2730,1,100,9,31,149074.0,20.0
KAG_2026_10840,UK,Data Scientist,Contributor,3,17,0,4,12,20,257,1,31,3,4,105072.0,3.0
KAG_2026_10841,USA,Researcher,Expert,16,27,4,5,16,34,527,1,60,10,14,192866.0,16.0
KAG_2026_10842,France,Student,Novice,0,2,0,0,3,1,7,0,3,2,0,0.0,0.0
KAG_2026_10843,India,ML Engineer,Expert,19,31,1,1,14,25,274,1,64,11,14,146147.0,19.0
KAG_2026_10844,Nigeria,Data Scientist,Expert,13,21,4,9,14,24,164,1,53,8,13,107191.0,13.0
KAG_2026_10845,India,Researcher,Master,11,45,20,17,23,59,820,1,74,11,25,126393.0,11.0
KAG_2026_10846,UK,Researcher,Expert,14,23,1,4,14,24,225,1,52,10,12,160735.0,14.0
KAG_2026_10847,France,Data Scientist,Expert,7,24,4,7,10,35,163,1,56,7,12,133201.0,7.0
KAG_2026_10848,Germany,Data Analyst,Contributor,11,15,0,9,9,24,347,1,38,6,7,92975.0,11.0
KAG_2026_10849,Nigeria,Researcher,Expert,12,21,3,2,12,23,347,1,53,10,13,101481.0,12.0
KAG_2026_10850,USA,Researcher,Expert,21,20,1,4,10,22,460,1,76,4,14,238586.0,21.0
KAG_2026_10851,France,Researcher,Master,7,49,10,13,22,52,1100,1,72,4,19,137165.0,7.0
KAG_2026_10852,Germany,Student,Novice,0,4,0,0,9,15,9,0,14,3,0,0.0,0.0
KAG_2026_10853,India,Data Scientist,Contributor,12,11,0,7,9,13,297,0,33,5,7,89588.0,12.0
KAG_2026_10854,Japan,ML Engineer,Master,19,37,15,37,23,50,945,1,83,6,25,169695.0,19.0
KAG_2026_10855,Germany,Researcher,Expert,10,25,2,6,10,38,440,1,58,9,12,154491.0,10.0
KAG_2026_10856,France,Data Analyst,Contributor,13,19,0,5,8,17,137,1,42,11,7,91073.0,13.0
KAG_2026_10857,Germany,Data Analyst,Novice,12,2,0,0,1,12,12,1,26,4,3,88376.0,12.0
KAG_2026_10858,India,Data Analyst,Expert,6,22,3,5,13,25,159,1,47,4,11,57090.0,6.0
KAG_2026_10859,USA,Data Analyst,Expert,13,34,3,7,16,21,168,1,60,5,13,134416.0,13.0
KAG_2026_10860,Germany,Researcher,Grandmaster,18,55,23,13,25,127,2600,1,100,2,32,204248.0,18.0
KAG_2026_10861,Germany,Data Analyst,Contributor,14,16,0,6,5,14,275,1,38,3,8,112330.0,14.0
KAG_2026_10862,India,Student,Expert,1,33,2,5,15,20,250,1,42,1,9,0.0,1.0
KAG_2026_10863,India,Data Analyst,Expert,6,31,4,7,10,38,314,1,53,11,11,68858.0,6.0
KAG_2026_10864,Brazil,Researcher,Master,16,43,16,21,17,61,1043,1,77,2,24,124442.0,16.0
KAG_2026_10865,UK,Data Scientist,Contributor,10,15,0,4,12,12,117,0,36,11,7,126288.0,10.0
KAG_2026_10866,USA,Researcher,Expert,6,31,2,2,12,33,457,1,48,8,10,178862.0,6.0
KAG_2026_10867,India,Student,Novice,1,2,0,0,5,5,11,1,14,4,0,0.0,1.0
KAG_2026_10868,USA,Student,Novice,2,10,0,0,9,20,4,0,8,3,0,0.0,2.0
KAG_2026_10869,India,Student,Master,2,39,10,30,24,61,973,1,61,3,17,0.0,2.0
KAG_2026_10870,India,Data Analyst,Expert,16,29,4,7,14,34,458,1,58,4,14,91118.0,16.0
KAG_2026_10871,India,Student,Contributor,1,8,0,4,12,24,150,0,19,4,4,0.0,1.0
KAG_2026_10872,France,ML Engineer,Contributor,14,14,0,6,12,22,53,0,39,8,8,150924.0,14.0
KAG_2026_10873,USA,Researcher,Master,11,49,16,29,19,50,806,1,72,2,23,205620.0,11.0
KAG_2026_10874,India,Researcher,Master,10,42,10,19,20,57,1108,1,65,9,20,109937.0,10.0
KAG_2026_10875,India,Data Scientist,Contributor,20,20,0,5,12,17,344,0,49,8,10,121550.0,20.0
KAG_2026_10876,Germany,Researcher,Grandmaster,21,51,9,28,29,127,2620,1,100,5,26,209711.0,21.0
KAG_2026_10877,USA,Student,Novice,2,11,0,0,7,9,13,1,16,1,0,0.0,2.0
KAG_2026_10878,Germany,Student,Novice,2,11,0,0,5,8,10,1,16,2,0,0.0,2.0
KAG_2026_10879,Germany,Researcher,Master,7,45,11,20,24,54,1114,1,71,3,19,156156.0,7.0
KAG_2026_10880,Nigeria,Researcher,Grandmaster,18,57,5,39,29,110,2889,1,94,11,23,141388.0,18.0
KAG_2026_10881,India,ML Engineer,Expert,15,33,1,9,17,39,236,1,53,8,13,121407.0,15.0
KAG_2026_10882,India,Data Analyst,Master,8,46,23,25,22,67,1081,1,76,5,25,86981.0,8.0
KAG_2026_10883,USA,Data Analyst,Novice,18,12,0,0,0,12,11,0,29,10,5,129698.0,18.0
KAG_2026_10884,UK,Student,Novice,0,8,0,0,5,14,13,0,6,2,0,0.0,0.0
KAG_2026_10885,USA,Data Analyst,Novice,7,7,0,0,7,20,7,0,22,3,2,88495.0,7.0
KAG_2026_10886,India,ML Engineer,Contributor,16,12,0,7,7,12,390,1,43,7,8,127025.0,16.0
KAG_2026_10887,USA,Researcher,Expert,5,29,1,4,11,25,282,1,43,8,10,156513.0,5.0
KAG_2026_10888,India,ML Engineer,Contributor,11,13,0,5,13,21,189,0,36,11,7,89736.0,11.0
KAG_2026_10889,Germany,Student,Novice,0,11,0,0,8,1,11,1,3,4,0,0.0,0.0
KAG_2026_10890,India,Data Scientist,Master,20,46,16,37,17,60,1172,1,84,11,26,151867.0,20.0
KAG_2026_10891,USA,Data Scientist,Expert,7,32,3,5,14,35,317,1,42,8,11,154826.0,7.0
KAG_2026_10892,Japan,Researcher,Expert,15,20,2,6,10,34,169,1,61,2,13,144789.0,15.0
KAG_2026_10893,USA,Student,Novice,1,2,0,0,0,19,13,1,13,1,0,9960.0,1.0
KAG_2026_10894,India,Data Analyst,Novice,20,2,0,0,3,4,10,1,39,8,6,92513.0,20.0
KAG_2026_10895,USA,Researcher,Expert,12,20,1,2,15,29,546,1,53,5,12,195608.0,12.0
KAG_2026_10896,Spain,Researcher,Grandmaster,7,57,8,35,21,112,2803,1,83,10,22,133244.0,7.0
KAG_2026_10897,USA,Student,Novice,1,2,0,0,6,14,14,1,7,3,0,0.0,1.0
KAG_2026_10898,India,Data Analyst,Novice,13,10,0,0,0,2,4,1,31,10,3,64726.0,13.0
KAG_2026_10899,Brazil,Data Analyst,Contributor,17,19,0,7,10,17,266,0,41,2,9,94063.0,17.0
KAG_2026_10900,USA,Researcher,Grandmaster,17,64,14,33,27,127,2615,1,96,4,28,220769.0,17.0
KAG_2026_10901,USA,ML Engineer,Master,10,36,14,32,20,56,1164,1,74,4,22,216698.0,10.0
KAG_2026_10902,USA,Researcher,Expert,21,33,3,1,17,34,285,1,74,8,15,225257.0,21.0
KAG_2026_10903,USA,Researcher,Expert,20,32,4,1,15,32,287,1,72,8,16,223739.0,20.0
KAG_2026_10904,UK,ML Engineer,Contributor,6,20,0,4,14,18,136,1,35,6,5,130597.0,6.0
KAG_2026_10905,France,Data Scientist,Expert,13,27,1,2,14,29,536,1,55,11,12,138494.0,13.0
KAG_2026_10906,India,Researcher,Expert,5,23,2,2,19,36,217,1,38,8,10,78440.0,5.0
KAG_2026_10907,USA,Data Analyst,Novice,18,5,0,0,8,2,13,0,28,6,5,135944.0,18.0
KAG_2026_10908,Spain,Researcher,Expert,14,26,1,5,13,20,538,1,64,9,12,124130.0,14.0
KAG_2026_10909,France,Student,Novice,2,7,0,0,2,15,2,1,15,1,0,0.0,2.0
KAG_2026_10910,USA,Student,Contributor,0,19,0,5,13,23,128,1,15,2,4,0.0,0.0
KAG_2026_10911,Germany,Data Analyst,Expert,9,33,2,4,12,31,223,1,44,9,11,103739.0,9.0
KAG_2026_10912,India,Data Scientist,Expert,17,22,2,6,12,22,474,1,67,3,14,125107.0,17.0
KAG_2026_10913,France,Data Scientist,Expert,14,25,3,6,17,22,339,1,64,7,13,146200.0,14.0
KAG_2026_10914,India,Researcher,Expert,14,28,4,6,18,30,408,1,62,4,14,107706.0,14.0
KAG_2026_10915,Japan,Data Scientist,Expert,14,32,4,5,11,25,184,1,58,9,14,149301.0,14.0
KAG_2026_10916,USA,Data Analyst,Novice,15,10,0,0,8,14,11,0,29,6,4,121664.0,15.0
KAG_2026_10917,India,Data Scientist,Master,10,47,10,29,21,57,1058,1,79,4,20,107485.0,10.0
KAG_2026_10918,USA,Student,Novice,2,9,0,0,4,5,1,1,16,4,0,0.0,2.0
KAG_2026_10919,UK,Researcher,Grandmaster,9,55,21,24,23,125,2537,1,96,5,29,174883.0,9.0
KAG_2026_10920,France,Data Analyst,Expert,17,32,4,4,11,31,323,1,69,5,15,117973.0,17.0
KAG_2026_10921,Germany,Student,Contributor,1,10,0,4,5,7,198,0,16,2,4,0.0,1.0
KAG_2026_10922,USA,Data Analyst,Novice,18,4,0,0,3,11,10,1,32,8,5,130419.0,18.0
KAG_2026_10923,Germany,Data Scientist,Master,21,36,24,27,20,62,881,1,92,9,30,197253.0,21.0
KAG_2026_10924,USA,Data Scientist,Contributor,16,11,0,1,13,12,260,1,43,7,8,195041.0,16.0
KAG_2026_10925,India,Data Scientist,Expert,12,28,2,4,10,22,395,1,53,9,12,113821.0,12.0
KAG_2026_10926,USA,Data Analyst,Novice,2,7,0,0,5,9,0,0,12,11,0,68453.0,2.0
KAG_2026_10927,Germany,Researcher,Expert,21,29,1,7,17,33,253,1,76,3,14,197212.0,21.0
KAG_2026_10928,USA,Data Analyst,Contributor,21,9,0,4,5,17,176,0,56,3,10,149803.0,21.0
KAG_2026_10929,Germany,ML Engineer,Master,20,39,14,27,21,62,1053,1,86,4,25,218570.0,20.0
KAG_2026_10930,USA,Data Scientist,Expert,10,22,4,8,16,36,408,1,56,10,13,171625.0,10.0
KAG_2026_10931,Germany,Student,Novice,0,3,0,0,4,17,6,0,4,2,0,0.0,0.0
KAG_2026_10932,UK,Student,Novice,2,2,0,0,2,16,5,0,16,1,0,0.0,2.0
KAG_2026_10933,USA,Data Analyst,Contributor,19,11,0,4,6,20,96,1,44,10,9,145042.0,19.0
KAG_2026_10934,USA,Researcher,Master,20,48,18,25,21,51,812,1,87,7,27,213594.0,20.0
KAG_2026_10935,Spain,Data Analyst,Novice,15,7,0,0,7,4,5,0,27,5,4,87155.0,15.0
KAG_2026_10936,USA,Data Analyst,Novice,18,9,0,0,9,18,3,1,31,2,5,135079.0,18.0
KAG_2026_10937,France,Student,Contributor,0,11,0,7,10,9,343,0,22,4,4,0.0,0.0
KAG_2026_10938,Nigeria,Researcher,Grandmaster,8,64,22,22,29,118,2651,1,85,2,29,102058.0,8.0
KAG_2026_10939,USA,Data Scientist,Contributor,17,11,0,7,8,18,395,0,47,2,9,193552.0,17.0
KAG_2026_10940,India,ML Engineer,Expert,8,25,2,2,16,26,317,1,47,2,11,97072.0,8.0
KAG_2026_10941,Canada,ML Engineer,Expert,17,25,3,2,10,34,506,1,59,7,14,164675.0,17.0
KAG_2026_10942,Japan,Data Analyst,Contributor,19,12,0,2,5,14,155,1,56,5,9,113228.0,19.0
KAG_2026_10943,Japan,Data Scientist,Contributor,15,8,0,9,13,9,97,0,43,3,8,154743.0,15.0
KAG_2026_10944,Brazil,Student,Novice,0,2,0,0,6,9,2,0,12,2,0,0.0,0.0
KAG_2026_10945,France,Data Analyst,Novice,6,2,0,0,7,10,0,1,23,8,1,67805.0,6.0
KAG_2026_10946,UK,Data Analyst,Novice,2,4,0,0,9,20,4,1,4,11,0,56077.0,2.0
KAG_2026_10947,Germany,ML Engineer,Expert,15,20,2,4,17,20,420,1,63,11,13,163977.0,15.0
KAG_2026_10948,USA,Data Analyst,Novice,13,14,0,0,1,10,13,0,19,7,3,101484.0,13.0
KAG_2026_10949,USA,Data Scientist,Contributor,15,14,0,6,12,8,113,0,49,3,8,184483.0,15.0
KAG_2026_10950,Canada,Researcher,Expert,13,26,1,9,13,30,530,1,57,9,12,152236.0,13.0
KAG_2026_10951,India,Student,Contributor,1,13,0,4,14,23,47,0,25,4,4,0.0,1.0
KAG_2026_10952,Nigeria,Data Scientist,Grandmaster,7,57,10,35,28,114,2879,1,81,2,23,97113.0,7.0
KAG_2026_10953,USA,Student,Contributor,2,7,0,3,10,7,363,0,28,4,4,0.0,2.0
KAG_2026_10954,Canada,Data Analyst,Contributor,12,19,0,3,10,9,217,0,42,4,7,105304.0,12.0
KAG_2026_10955,UK,Data Analyst,Novice,7,12,0,0,0,3,12,0,16,3,2,65432.0,7.0
KAG_2026_10956,USA,Data Analyst,Contributor,17,12,0,3,6,11,112,0,44,11,9,126958.0,17.0
KAG_2026_10957,USA,Student,Contributor,0,9,0,6,7,5,122,0,20,4,4,0.0,0.0
KAG_2026_10958,India,Data Analyst,Master,11,43,17,26,18,67,1075,1,83,5,23,86570.0,11.0
KAG_2026_10959,Spain,Data Analyst,Novice,15,7,0,0,9,1,2,0,22,4,4,87167.0,15.0
KAG_2026_10960,Brazil,Researcher,Expert,11,34,3,1,17,23,540,1,48,5,12,94300.0,11.0
KAG_2026_10961,Canada,Data Scientist,Grandmaster,19,63,18,21,20,125,2651,1,100,7,30,204218.0,19.0
KAG_2026_10962,USA,Student,Contributor,1,11,0,5,10,22,75,1,18,1,4,10912.0,1.0
KAG_2026_10963,France,Researcher,Master,20,46,18,14,24,57,1112,1,91,6,27,188292.0,20.0
KAG_2026_10964,USA,ML Engineer,Contributor,5,13,0,3,6,10,368,1,32,6,5,157345.0,5.0
KAG_2026_10965,USA,ML Engineer,Expert,19,31,3,9,16,33,391,1,64,11,15,204527.0,19.0
KAG_2026_10966,India,ML Engineer,Expert,9,28,2,1,10,29,350,1,52,4,11,90263.0,9.0
KAG_2026_10967,Canada,Student,Contributor,2,11,0,7,10,12,394,1,21,3,4,0.0,2.0
KAG_2026_10968,USA,Researcher,Expert,10,31,2,7,14,27,505,1,56,3,12,179040.0,10.0
KAG_2026_10969,India,Data Analyst,Novice,19,4,0,0,3,9,7,0,38,5,5,91288.0,19.0
KAG_2026_10970,USA,Researcher,Master,17,46,10,37,15,69,1060,1,83,10,22,216739.0,17.0
KAG_2026_10971,Japan,Student,Novice,1,9,0,0,8,4,6,1,3,2,0,0.0,1.0
KAG_2026_10972,USA,Student,Novice,1,4,0,0,9,8,6,1,7,2,0,0.0,1.0
KAG_2026_10973,India,ML Engineer,Expert,13,22,3,3,13,35,321,1,52,6,13,112409.0,13.0
KAG_2026_10974,India,Data Analyst,Novice,8,5,0,0,9,5,3,1,16,2,2,47632.0,8.0
KAG_2026_10975,USA,Data Scientist,Master,18,39,16,37,15,59,1160,1,80,5,25,215150.0,18.0
KAG_2026_10976,Germany,Data Analyst,Novice,10,13,0,0,6,12,14,0,29,7,3,81445.0,10.0
KAG_2026_10977,Germany,Researcher,Expert,8,23,4,9,15,20,531,1,53,6,12,145871.0,8.0
KAG_2026_10978,UK,Researcher,Expert,16,22,4,2,18,30,437,1,61,9,14,153423.0,16.0
KAG_2026_10979,USA,Student,Novice,2,7,0,0,0,2,5,1,4,1,0,0.0,2.0
KAG_2026_10980,USA,Researcher,Grandmaster,9,51,20,38,27,125,2783,1,93,8,28,215704.0,9.0
KAG_2026_10981,France,Researcher,Master,13,43,17,38,18,58,1106,1,87,11,24,157651.0,13.0
KAG_2026_10982,Japan,Data Scientist,Master,20,37,20,15,22,66,1048,1,98,5,28,172880.0,20.0
KAG_2026_10983,USA,ML Engineer,Contributor,17,14,0,5,5,20,292,0,40,3,9,211128.0,17.0
KAG_2026_10984,Germany,Data Analyst,Grandmaster,14,51,5,10,26,121,2754,1,89,5,22,127283.0,14.0
KAG_2026_10985,France,Student,Contributor,2,14,0,1,12,17,308,0,21,4,4,0.0,2.0
KAG_2026_10986,India,Data Analyst,Contributor,4,10,0,3,14,19,131,0,30,10,5,46215.0,4.0
KAG_2026_10987,Canada,Researcher,Master,17,42,10,19,16,66,827,1,80,3,22,189954.0,17.0
KAG_2026_10988,Canada,Data Analyst,Contributor,7,15,0,2,11,15,238,1,29,3,6,76854.0,7.0
KAG_2026_10989,Brazil,Data Scientist,Expert,10,22,1,3,15,26,196,1,59,7,11,84774.0,10.0
KAG_2026_10990,France,Student,Contributor,0,7,0,6,5,19,345,0,28,2,4,0.0,0.0
KAG_2026_10991,UK,ML Engineer,Contributor,18,7,0,9,10,18,83,1,44,4,9,150554.0,18.0
KAG_2026_10992,Canada,Student,Master,2,42,15,33,20,60,1044,1,60,2,20,0.0,2.0
KAG_2026_10993,USA,Data Analyst,Contributor,9,17,0,7,6,12,439,1,42,9,6,114198.0,9.0
KAG_2026_10994,UK,Student,Contributor,2,18,0,1,14,6,146,1,20,4,4,0.0,2.0
KAG_2026_10995,Brazil,Researcher,Grandmaster,6,62,12,20,27,123,2538,1,77,4,23,108297.0,6.0
KAG_2026_10996,Spain,Researcher,Expert,8,21,4,8,13,24,258,1,53,8,12,110161.0,8.0
KAG_2026_10997,Brazil,Data Scientist,Contributor,20,10,0,8,10,22,59,1,57,8,10,120085.0,20.0
KAG_2026_10998,Japan,Researcher,Expert,9,21,3,7,13,38,412,1,55,5,12,122852.0,9.0
KAG_2026_10999,Spain,Data Analyst,Novice,16,13,0,0,5,15,13,0,29,9,4,93916.0,16.0
KAG_2026_11000,USA,ML Engineer,Contributor,14,21,0,4,5,18,312,0,45,10,8,187301.0,14.0
KAG_2026_11001,Germany,Data Analyst,Novice,21,6,0,0,3,15,2,0,39,7,6,115911.0,21.0
KAG_2026_11002,USA,Data Scientist,Contributor,17,7,0,2,11,18,295,0,41,10,9,197857.0,17.0
KAG_2026_11003,Canada,Data Scientist,Grandmaster,21,51,19,22,27,120,2555,1,100,8,31,213720.0,21.0
KAG_2026_11004,UK,Data Analyst,Novice,10,3,0,0,8,4,3,1,26,8,3,82105.0,10.0
KAG_2026_11005,UK,Data Analyst,Novice,9,13,0,0,3,5,1,1,24,8,2,76895.0,9.0
KAG_2026_11006,India,Data Analyst,Novice,7,11,0,0,4,8,2,1,15,5,2,53203.0,7.0
KAG_2026_11007,Germany,Data Analyst,Novice,17,14,0,0,3,17,1,1,25,7,5,106210.0,17.0
KAG_2026_11008,India,Data Scientist,Contributor,15,21,0,3,9,19,417,1,38,7,8,107088.0,15.0
KAG_2026_11009,India,Data Analyst,Novice,8,3,0,0,6,8,2,0,14,7,2,48493.0,8.0
KAG_2026_11010,India,Researcher,Master,20,39,22,17,18,53,1043,1,96,2,29,161218.0,20.0
KAG_2026_11011,France,Data Scientist,Contributor,20,10,0,3,12,15,401,1,47,4,10,154474.0,20.0
KAG_2026_11012,Canada,Researcher,Master,21,48,12,16,16,64,861,1,94,7,24,214004.0,21.0
KAG_2026_11013,UK,Researcher,Expert,21,32,3,5,17,29,413,1,75,8,15,163748.0,21.0
KAG_2026_11014,Germany,Student,Contributor,1,11,0,4,8,5,111,1,20,1,4,0.0,1.0
KAG_2026_11015,France,Researcher,Expert,21,32,1,7,19,20,449,1,76,9,14,166856.0,21.0
KAG_2026_11016,Canada,Student,Master,1,39,13,11,16,62,1079,1,53,1,18,6385.0,1.0
KAG_2026_11017,Japan,Student,Novice,1,10,0,0,6,14,3,1,1,2,0,0.0,1.0
KAG_2026_11018,Canada,Data Scientist,Master,7,37,16,39,24,58,932,1,67,6,22,150902.0,7.0
KAG_2026_11019,USA,Data Scientist,Expert,13,29,2,7,10,20,226,1,53,6,12,207026.0,13.0
KAG_2026_11020,Canada,ML Engineer,Expert,14,24,1,6,11,30,396,1,53,7,12,181644.0,14.0
KAG_2026_11021,India,Data Scientist,Master,7,37,18,18,16,51,1150,1,75,7,23,113303.0,7.0
KAG_2026_11022,India,ML Engineer,Contributor,19,14,0,1,9,20,402,1,50,6,9,124409.0,19.0
KAG_2026_11023,USA,Student,Novice,1,5,0,0,0,17,11,1,10,1,0,0.0,1.0
KAG_2026_11024,USA,ML Engineer,Master,17,36,23,24,23,51,933,1,95,9,28,246072.0,17.0
KAG_2026_11025,India,Data Analyst,Contributor,6,14,0,8,14,6,326,1,37,2,5,53616.0,6.0
KAG_2026_11026,UK,Data Scientist,Master,7,38,12,15,20,55,919,1,67,6,20,128158.0,7.0
KAG_2026_11027,France,Student,Novice,1,5,0,0,3,14,4,1,12,2,0,0.0,1.0
KAG_2026_11028,India,ML Engineer,Grandmaster,20,59,6,38,23,123,2895,1,95,4,25,142630.0,20.0
KAG_2026_11029,Brazil,Data Analyst,Novice,10,13,0,0,2,15,4,1,19,6,3,54828.0,10.0
KAG_2026_11030,USA,Student,Expert,0,22,4,2,19,31,398,1,40,4,10,0.0,0.0
KAG_2026_11031,India,Student,Master,0,41,21,11,16,68,885,1,66,4,22,11446.0,0.0
KAG_2026_11032,Brazil,ML Engineer,Grandmaster,6,61,8,13,21,113,2522,1,82,5,21,101316.0,6.0
KAG_2026_11033,Germany,Data Scientist,Contributor,5,20,0,5,13,14,260,1,27,5,5,110701.0,5.0
KAG_2026_11034,USA,Researcher,Expert,16,33,3,2,15,33,175,1,62,10,14,203689.0,16.0
KAG_2026_11035,India,Data Analyst,Contributor,8,14,0,7,13,12,64,1,40,3,6,54687.0,8.0
KAG_2026_11036,India,Student,Novice,1,12,0,0,5,14,8,1,6,2,0,0.0,1.0
KAG_2026_11037,India,Researcher,Grandmaster,12,56,19,17,20,112,2789,1,89,9,29,131298.0,12.0
KAG_2026_11038,UK,Student,Novice,2,11,0,0,5,17,10,1,5,2,0,0.0,2.0
KAG_2026_11039,Canada,Researcher,Expert,8,31,4,8,19,30,162,1,53,2,12,139833.0,8.0
KAG_2026_11040,USA,ML Engineer,Master,20,47,19,35,16,52,1078,1,89,6,27,219043.0,20.0
KAG_2026_11041,USA,Data Scientist,Contributor,11,11,0,9,12,19,94,0,39,8,7,177314.0,11.0
KAG_2026_11042,USA,Student,Contributor,2,7,0,7,5,13,48,1,22,1,4,0.0,2.0
KAG_2026_11043,Canada,Data Scientist,Master,15,48,7,12,19,67,837,1,75,6,20,183169.0,15.0
KAG_2026_11044,Canada,Data Analyst,Novice,17,2,0,0,8,17,8,1,26,7,5,111008.0,17.0
KAG_2026_11045,Brazil,ML Engineer,Contributor,11,15,0,5,11,7,378,1,36,2,7,86196.0,11.0
KAG_2026_11046,India,Data Scientist,Expert,7,23,2,1,11,33,376,1,48,8,11,83254.0,7.0
KAG_2026_11047,Japan,Researcher,Grandmaster,9,59,17,31,21,124,2750,1,95,10,27,151387.0,9.0
KAG_2026_11048,India,Researcher,Expert,14,34,4,6,13,33,220,1,53,9,14,125689.0,14.0
KAG_2026_11049,USA,ML Engineer,Expert,13,23,3,7,15,25,506,1,53,2,13,197347.0,13.0
KAG_2026_11050,USA,Researcher,Master,8,36,12,22,24,53,1181,1,71,3,20,183750.0,8.0
KAG_2026_11051,India,Data Analyst,Novice,15,12,0,0,6,15,14,1,36,7,4,73486.0,15.0
KAG_2026_11052,Germany,ML Engineer,Expert,7,33,1,3,13,37,239,1,47,5,10,141934.0,7.0
KAG_2026_11053,Nigeria,Data Analyst,Novice,13,4,0,0,4,14,3,1,20,3,3,70699.0,13.0
KAG_2026_11054,Canada,Student,Contributor,2,15,0,1,12,22,67,1,27,1,4,0.0,2.0
KAG_2026_11055,India,Student,Grandmaster,0,64,11,36,29,111,2762,1,73,3,21,0.0,0.0
KAG_2026_11056,Germany,ML Engineer,Expert,13,33,2,1,14,33,261,1,51,9,12,163100.0,13.0
KAG_2026_11057,USA,Data Analyst,Novice,10,10,0,0,8,7,12,0,22,7,3,92385.0,10.0
KAG_2026_11058,Canada,ML Engineer,Master,16,43,11,15,23,57,1196,1,84,8,22,179449.0,16.0
KAG_2026_11059,Canada,Student,Novice,1,12,0,0,0,8,7,1,2,2,0,0.0,1.0
KAG_2026_11060,USA,Data Analyst,Novice,17,11,0,0,6,12,8,0,38,8,5,116288.0,17.0
KAG_2026_11061,USA,Student,Grandmaster,1,52,11,23,21,128,2846,1,67,1,21,0.0,1.0
KAG_2026_11062,USA,Student,Grandmaster,1,63,8,13,21,123,2692,1,74,2,20,8145.0,1.0
KAG_2026_11063,USA,Data Analyst,Novice,9,6,0,0,3,1,4,0,21,2,2,99525.0,9.0
KAG_2026_11064,France,Student,Novice,2,4,0,0,0,19,13,0,15,4,0,0.0,2.0
KAG_2026_11065,Canada,Researcher,Master,10,40,13,30,23,65,1001,1,75,8,21,166400.0,10.0
KAG_2026_11066,UK,Student,Contributor,1,11,0,3,9,18,399,1,16,1,4,0.0,1.0
KAG_2026_11067,Canada,Student,Contributor,2,12,0,5,13,5,169,1,27,1,4,0.0,2.0
KAG_2026_11068,Canada,Researcher,Expert,6,33,3,4,19,34,213,1,54,7,11,136998.0,6.0
KAG_2026_11069,India,Data Scientist,Expert,13,29,1,4,14,33,306,1,55,11,12,115513.0,13.0
KAG_2026_11070,India,Researcher,Master,5,41,5,35,20,59,1101,1,66,6,16,97225.0,5.0
KAG_2026_11071,UK,Researcher,Grandmaster,21,64,11,32,21,124,2742,1,100,11,27,196065.0,21.0
KAG_2026_11072,France,Data Analyst,Contributor,13,11,0,3,10,7,242,0,39,11,7,97316.0,13.0
KAG_2026_11073,Canada,ML Engineer,Expert,7,28,4,4,19,38,507,1,51,3,12,146210.0,7.0
KAG_2026_11074,India,Researcher,Grandmaster,10,54,19,12,24,123,2515,1,85,4,28,137753.0,10.0
KAG_2026_11075,Germany,Researcher,Master,12,37,5,35,15,57,1021,1,69,3,18,148948.0,12.0
KAG_2026_11076,USA,Data Analyst,Contributor,17,11,0,5,12,13,242,1,52,3,9,122943.0,17.0
KAG_2026_11077,India,Data Scientist,Expert,5,20,4,9,17,36,359,1,48,9,11,75115.0,5.0
KAG_2026_11078,Canada,Data Analyst,Novice,17,9,0,0,1,7,4,1,29,2,5,103498.0,17.0
KAG_2026_11079,India,ML Engineer,Contributor,20,14,0,6,8,24,211,1,47,4,10,136391.0,20.0
KAG_2026_11080,USA,Researcher,Expert,16,28,2,8,10,38,479,1,55,3,13,193353.0,16.0
KAG_2026_11081,USA,Student,Expert,2,23,3,4,13,29,409,1,39,1,10,0.0,2.0
KAG_2026_11082,India,Researcher,Grandmaster,16,58,17,23,27,120,2614,1,100,8,29,133640.0,16.0
KAG_2026_11083,USA,ML Engineer,Expert,17,21,3,4,10,37,172,1,59,3,14,211572.0,17.0
KAG_2026_11084,Germany,Data Scientist,Contributor,5,11,0,7,6,12,259,1,27,9,5,122973.0,5.0
KAG_2026_11085,USA,Researcher,Master,15,37,15,26,16,67,1105,1,85,8,24,209591.0,15.0
KAG_2026_11086,Nigeria,Data Scientist,Grandmaster,17,60,15,28,20,129,2541,1,97,10,28,137299.0,17.0
KAG_2026_11087,Brazil,Data Analyst,Novice,6,2,0,0,9,2,5,0,22,5,1,44354.0,6.0
KAG_2026_11088,India,Data Scientist,Contributor,6,18,0,4,8,18,365,1,37,11,5,80196.0,6.0
KAG_2026_11089,India,Data Analyst,Novice,9,8,0,0,9,4,4,0,21,9,2,59640.0,9.0
KAG_2026_11090,UK,ML Engineer,Expert,10,26,3,5,12,34,360,1,51,9,12,159058.0,10.0
KAG_2026_11091,Germany,Data Scientist,Contributor,13,20,0,7,7,15,185,1,36,11,7,138666.0,13.0
KAG_2026_11092,UK,Data Analyst,Novice,8,12,0,0,9,20,6,0,26,11,2,76064.0,8.0
KAG_2026_11093,Nigeria,ML Engineer,Expert,5,25,3,9,10,20,296,1,45,5,11,75088.0,5.0
KAG_2026_11094,USA,Data Scientist,Expert,15,31,4,6,13,32,315,1,64,7,14,199425.0,15.0
KAG_2026_11095,Canada,Researcher,Master,6,40,16,14,15,58,959,1,76,8,21,141871.0,6.0
KAG_2026_11096,USA,Researcher,Master,9,35,14,39,18,65,804,1,71,3,21,189531.0,9.0
KAG_2026_11097,USA,Student,Novice,0,14,0,0,4,15,1,0,1,2,0,5148.0,0.0
KAG_2026_11098,USA,Student,Novice,2,2,0,0,3,2,2,0,6,2,0,0.0,2.0
KAG_2026_11099,France,ML Engineer,Contributor,17,10,0,7,10,13,298,1,44,9,9,155595.0,17.0
KAG_2026_11100,UK,Researcher,Master,16,48,23,33,18,64,868,1,87,4,28,190107.0,16.0
KAG_2026_11101,Spain,ML Engineer,Contributor,8,18,0,3,7,19,409,1,36,4,6,114200.0,8.0
KAG_2026_11102,USA,ML Engineer,Grandmaster,17,62,17,33,28,121,2875,1,98,10,29,249713.0,17.0
KAG_2026_11103,USA,Data Scientist,Expert,14,33,1,1,19,25,214,1,56,6,12,202057.0,14.0
KAG_2026_11104,India,Data Scientist,Grandmaster,11,57,6,35,29,129,2586,1,88,7,22,127198.0,11.0
KAG_2026_11105,Japan,Student,Novice,1,8,0,0,1,17,2,1,12,1,0,0.0,1.0
KAG_2026_11106,USA,ML Engineer,Expert,18,32,4,5,11,38,313,1,62,3,15,208146.0,18.0
KAG_2026_11107,India,ML Engineer,Contributor,12,11,0,6,5,10,151,1,35,9,7,104312.0,12.0
KAG_2026_11108,UK,ML Engineer,Expert,13,34,1,6,18,39,395,1,63,11,12,152629.0,13.0
KAG_2026_11109,India,Data Scientist,Contributor,11,14,0,4,9,16,237,1,31,11,7,95044.0,11.0
KAG_2026_11110,France,Data Analyst,Novice,14,2,0,0,5,1,4,1,34,6,4,97749.0,14.0
KAG_2026_11111,USA,ML Engineer,Expert,15,26,2,7,14,37,262,1,65,5,13,204687.0,15.0
KAG_2026_11112,UK,Data Scientist,Contributor,20,20,0,8,11,10,212,0,54,11,10,175323.0,20.0
KAG_2026_11113,UK,Data Analyst,Novice,2,2,0,0,2,13,4,1,17,8,0,52403.0,2.0
KAG_2026_11114,India,Data Scientist,Contributor,7,11,0,6,9,23,229,1,35,10,6,77301.0,7.0
KAG_2026_11115,Spain,Student,Expert,2,24,1,9,17,20,264,1,46,3,9,0.0,2.0
KAG_2026_11116,Germany,Data Scientist,Expert,18,33,3,5,15,31,388,1,64,5,14,178546.0,18.0
KAG_2026_11117,France,Data Scientist,Contributor,5,9,0,2,6,11,315,1,35,4,5,112435.0,5.0
KAG_2026_11118,USA,Data Analyst,Master,19,45,6,17,19,68,950,1,77,5,20,151653.0,19.0
KAG_2026_11119,India,Student,Novice,0,3,0,0,1,1,3,0,13,2,0,0.0,0.0
KAG_2026_11120,USA,ML Engineer,Contributor,19,14,0,5,11,18,396,1,57,9,9,211007.0,19.0
KAG_2026_11121,Japan,Data Analyst,Contributor,17,7,0,8,6,21,70,0,41,6,9,104480.0,17.0
KAG_2026_11122,Japan,Data Analyst,Contributor,5,7,0,6,7,18,151,1,35,2,5,73688.0,5.0
KAG_2026_11123,USA,Data Analyst,Novice,3,9,0,0,9,16,11,1,11,3,0,74710.0,3.0
KAG_2026_11124,India,Student,Novice,1,9,0,0,0,5,3,1,1,1,0,0.0,1.0
KAG_2026_11125,France,ML Engineer,Contributor,9,21,0,2,8,14,317,1,38,9,6,132099.0,9.0
KAG_2026_11126,USA,Student,Novice,1,9,0,0,5,18,4,1,10,4,0,0.0,1.0
KAG_2026_11127,India,Data Scientist,Expert,21,21,3,1,19,21,232,1,68,3,15,144463.0,21.0
KAG_2026_11128,India,Researcher,Expert,7,23,1,6,16,38,548,1,47,3,10,94717.0,7.0
KAG_2026_11129,USA,Researcher,Master,11,45,22,18,20,57,942,1,75,9,26,209209.0,11.0
KAG_2026_11130,USA,Student,Contributor,1,20,0,6,12,8,232,0,24,2,4,0.0,1.0
KAG_2026_11131,Japan,Data Scientist,Expert,15,20,3,5,19,22,208,1,67,6,14,152814.0,15.0
KAG_2026_11132,Brazil,Student,Contributor,2,13,0,4,13,9,152,1,30,4,4,0.0,2.0
KAG_2026_11133,India,Data Analyst,Novice,6,2,0,0,4,19,2,1,15,7,1,46967.0,6.0
KAG_2026_11134,Canada,Student,Contributor,2,15,0,7,11,22,283,0,22,1,4,0.0,2.0
KAG_2026_11135,India,ML Engineer,Grandmaster,20,58,11,37,28,129,2749,1,100,2,27,172990.0,20.0
KAG_2026_11136,UK,Researcher,Master,20,37,15,35,18,65,1052,1,93,7,25,204075.0,20.0
KAG_2026_11137,Germany,Data Analyst,Novice,14,12,0,0,5,7,0,0,32,2,4,97730.0,14.0
KAG_2026_11138,Germany,Data Scientist,Expert,7,24,4,4,19,21,300,1,54,4,12,144085.0,7.0
KAG_2026_11139,France,Data Scientist,Expert,15,20,2,6,14,20,512,1,53,4,13,143028.0,15.0
KAG_2026_11140,India,Data Analyst,Expert,4,30,3,7,16,28,151,1,43,11,10,61100.0,4.0
KAG_2026_11141,India,Researcher,Master,7,39,8,38,21,56,1027,1,59,8,18,106257.0,7.0
KAG_2026_11142,India,Data Analyst,Contributor,20,21,0,8,12,12,248,0,45,11,10,112437.0,20.0
KAG_2026_11143,Nigeria,Data Analyst,Novice,20,11,0,0,3,10,6,1,31,7,6,90929.0,20.0
KAG_2026_11144,Brazil,ML Engineer,Contributor,17,11,0,2,13,24,235,1,42,2,9,114594.0,17.0
KAG_2026_11145,USA,Student,Expert,1,34,3,5,11,28,489,1,37,4,9,0.0,1.0
KAG_2026_11146,Brazil,Student,Novice,0,10,0,0,3,6,9,0,12,2,0,14654.0,0.0
KAG_2026_11147,Canada,Data Analyst,Contributor,19,20,0,7,7,23,289,1,45,9,9,127649.0,19.0
KAG_2026_11148,UK,Data Scientist,Contributor,9,21,0,3,6,9,91,1,42,8,6,121457.0,9.0
KAG_2026_11149,Germany,Researcher,Grandmaster,11,53,21,14,23,124,2797,1,97,9,29,161612.0,11.0
KAG_2026_11150,USA,Researcher,Expert,11,30,3,2,13,30,346,1,56,10,12,204459.0,11.0
KAG_2026_11151,USA,Researcher,Grandmaster,17,56,7,31,27,114,2869,1,94,11,24,236059.0,17.0
KAG_2026_11152,India,Student,Novice,2,6,0,0,9,7,0,1,4,2,0,0.0,2.0
KAG_2026_11153,Japan,Data Analyst,Novice,12,5,0,0,8,1,12,0,29,7,3,90605.0,12.0
KAG_2026_11154,Brazil,Data Scientist,Master,14,46,14,13,23,56,1178,1,74,8,23,115952.0,14.0
KAG_2026_11155,India,Researcher,Expert,5,30,1,1,19,37,382,1,42,5,10,80140.0,5.0
KAG_2026_11156,Brazil,Researcher,Grandmaster,15,55,17,37,29,123,2551,1,93,10,29,149360.0,15.0
KAG_2026_11157,USA,Student,Expert,2,33,4,2,11,36,336,1,40,1,10,0.0,2.0
KAG_2026_11158,Germany,Student,Novice,1,4,0,0,3,9,10,0,13,2,0,0.0,1.0
KAG_2026_11159,Canada,ML Engineer,Expert,8,26,4,4,18,31,178,1,50,6,12,148431.0,8.0
KAG_2026_11160,Japan,Data Scientist,Grandmaster,10,64,11,31,29,126,2898,1,86,4,24,149235.0,10.0
KAG_2026_11161,India,ML Engineer,Grandmaster,12,50,6,13,22,111,2769,1,92,2,22,130322.0,12.0
KAG_2026_11162,India,Researcher,Expert,5,29,4,3,13,24,423,1,42,3,11,93056.0,5.0
KAG_2026_11163,USA,Data Scientist,Expert,13,23,3,2,16,25,330,1,65,2,13,196517.0,13.0
KAG_2026_11164,Nigeria,Data Scientist,Expert,21,20,2,3,10,32,488,1,67,5,15,139833.0,21.0
KAG_2026_11165,USA,Researcher,Expert,21,31,3,1,13,35,437,1,75,8,15,233559.0,21.0
KAG_2026_11166,USA,Student,Contributor,1,15,0,6,6,19,404,1,19,2,4,11506.0,1.0
KAG_2026_11167,USA,Student,Contributor,0,21,0,1,9,19,73,1,24,2,4,0.0,0.0
KAG_2026_11168,India,Researcher,Expert,15,31,1,1,13,32,378,1,64,8,13,127288.0,15.0
KAG_2026_11169,Nigeria,ML Engineer,Expert,15,33,1,1,13,32,220,1,55,10,13,111159.0,15.0
KAG_2026_11170,India,Data Scientist,Expert,7,33,4,8,16,36,242,1,49,2,12,98631.0,7.0
KAG_2026_11171,USA,Data Scientist,Contributor,6,13,0,6,11,24,294,1,37,4,5,152956.0,6.0
KAG_2026_11172,France,Researcher,Master,20,41,24,15,18,65,884,1,93,5,30,200034.0,20.0
KAG_2026_11173,USA,Data Analyst,Contributor,12,13,0,7,14,18,236,0,39,3,7,122458.0,12.0
KAG_2026_11174,USA,Data Analyst,Contributor,8,10,0,8,7,20,394,1,41,10,6,111585.0,8.0
KAG_2026_11175,Japan,Researcher,Master,19,48,12,23,20,62,888,1,86,3,23,197270.0,19.0
KAG_2026_11176,USA,Researcher,Master,8,35,24,25,17,51,857,1,73,9,26,200877.0,8.0
KAG_2026_11177,Brazil,ML Engineer,Contributor,3,16,0,1,8,6,211,1,27,2,4,58128.0,3.0
KAG_2026_11178,USA,Student,Novice,0,5,0,0,0,4,1,0,9,4,0,0.0,0.0
KAG_2026_11179,India,Student,Novice,0,3,0,0,2,13,10,0,3,1,0,0.0,0.0
KAG_2026_11180,USA,Data Analyst,Contributor,14,9,0,3,7,11,347,1,47,11,8,122455.0,14.0
KAG_2026_11181,USA,ML Engineer,Master,15,49,22,21,19,65,1014,1,89,6,27,240935.0,15.0
KAG_2026_11182,Brazil,Researcher,Expert,7,26,2,8,17,36,423,1,48,11,11,88746.0,7.0
KAG_2026_11183,Germany,Researcher,Expert,19,32,2,6,10,23,275,1,63,6,14,192031.0,19.0
KAG_2026_11184,Brazil,Data Scientist,Contributor,14,8,0,3,9,22,107,0,38,9,8,95619.0,14.0
KAG_2026_11185,Canada,Data Analyst,Novice,6,10,0,0,3,1,7,1,13,6,1,71155.0,6.0
KAG_2026_11186,UK,Researcher,Master,21,46,8,28,15,51,997,1,81,3,22,173615.0,21.0
KAG_2026_11187,Canada,Researcher,Expert,11,25,2,5,16,27,156,1,49,5,12,139640.0,11.0
KAG_2026_11188,USA,Data Scientist,Contributor,4,12,0,7,12,20,359,1,28,7,5,142296.0,4.0
KAG_2026_11189,India,ML Engineer,Contributor,7,15,0,3,12,19,278,1,33,2,6,91063.0,7.0
KAG_2026_11190,France,Researcher,Grandmaster,11,60,20,18,20,127,2755,1,94,11,29,155314.0,11.0
KAG_2026_11191,Nigeria,Data Analyst,Novice,9,12,0,0,4,16,10,1,24,3,2,50852.0,9.0
KAG_2026_11192,USA,Data Scientist,Expert,21,30,4,5,15,20,161,1,74,2,16,232772.0,21.0
KAG_2026_11193,Germany,Data Analyst,Novice,8,2,0,0,3,14,8,0,14,4,2,70741.0,8.0
KAG_2026_11194,UK,Data Scientist,Expert,13,23,2,7,10,28,315,1,59,5,12,150826.0,13.0
KAG_2026_11195,USA,Data Scientist,Expert,12,21,1,2,12,38,540,1,55,4,12,177970.0,12.0
KAG_2026_11196,India,Data Scientist,Contributor,11,20,0,4,12,16,399,1,32,4,7,84824.0,11.0
KAG_2026_11197,Germany,Student,Novice,1,12,0,0,2,2,2,1,12,4,0,7164.0,1.0
KAG_2026_11198,Germany,Student,Contributor,2,8,0,7,7,14,236,1,22,1,4,0.0,2.0
KAG_2026_11199,Canada,Researcher,Expert,21,34,4,2,12,33,441,1,74,2,16,203822.0,21.0
KAG_2026_11200,India,Data Analyst,Novice,21,6,0,0,3,15,6,0,44,7,6,106023.0,21.0
KAG_2026_11201,India,Data Scientist,Expert,17,22,2,5,10,30,493,1,62,5,14,124194.0,17.0
KAG_2026_11202,USA,Data Scientist,Grandmaster,10,51,8,34,29,111,2724,1,86,9,23,181793.0,10.0
KAG_2026_11203,India,ML Engineer,Expert,4,29,1,5,19,22,231,1,47,3,9,86766.0,4.0
KAG_2026_11204,USA,Data Scientist,Expert,20,27,1,6,10,36,284,1,64,9,14,197116.0,20.0
KAG_2026_11205,UK,Data Scientist,Contributor,17,8,0,2,10,11,409,1,49,3,9,157537.0,17.0
KAG_2026_11206,USA,Researcher,Master,20,40,24,34,20,54,837,1,88,7,30,217777.0,20.0
KAG_2026_11207,India,Student,Contributor,0,7,0,7,11,23,422,1,22,4,4,0.0,0.0
KAG_2026_11208,Germany,Data Analyst,Novice,4,2,0,0,6,1,3,1,12,4,1,55391.0,4.0
KAG_2026_11209,USA,Student,Novice,0,4,0,0,7,4,4,1,14,4,0,0.0,0.0
KAG_2026_11210,India,Student,Novice,0,6,0,0,0,8,12,1,6,4,0,0.0,0.0
KAG_2026_11211,France,Student,Contributor,1,14,0,3,7,7,49,1,24,2,4,0.0,1.0
KAG_2026_11212,UK,Student,Contributor,1,8,0,9,10,19,229,0,16,2,4,0.0,1.0
KAG_2026_11213,India,ML Engineer,Contributor,19,10,0,9,7,13,384,1,47,10,9,125570.0,19.0
KAG_2026_11214,France,Researcher,Expert,11,28,3,4,18,29,276,1,51,5,12,138796.0,11.0
KAG_2026_11215,USA,Student,Novice,2,2,0,0,0,3,4,1,9,1,0,0.0,2.0
KAG_2026_11216,Germany,ML Engineer,Expert,15,22,1,5,19,31,242,1,59,10,13,162461.0,15.0
KAG_2026_11217,USA,Data Analyst,Contributor,19,21,0,5,8,13,429,1,53,9,9,137430.0,19.0
KAG_2026_11218,Germany,Data Scientist,Grandmaster,21,53,19,12,23,111,2666,1,100,4,31,192562.0,21.0
KAG_2026_11219,Germany,Student,Novice,1,9,0,0,9,17,4,0,13,3,0,0.0,1.0
KAG_2026_11220,Spain,Student,Novice,2,4,0,0,7,12,10,0,10,3,0,0.0,2.0
KAG_2026_11221,UK,ML Engineer,Contributor,11,14,0,5,14,9,145,1,36,5,7,151495.0,11.0
KAG_2026_11222,India,Researcher,Expert,13,34,2,9,17,34,151,1,54,6,12,100983.0,13.0
KAG_2026_11223,UK,ML Engineer,Contributor,21,7,0,5,11,22,214,1,49,8,10,189245.0,21.0
KAG_2026_11224,India,ML Engineer,Master,11,42,23,22,23,56,1010,1,77,3,26,136950.0,11.0
KAG_2026_11225,Brazil,Data Analyst,Expert,8,30,1,2,16,31,296,1,42,10,10,63210.0,8.0
KAG_2026_11226,India,ML Engineer,Expert,9,33,4,8,19,28,254,1,55,11,12,96228.0,9.0
KAG_2026_11227,India,Student,Contributor,2,19,0,9,13,5,258,0,32,2,4,13098.0,2.0
KAG_2026_11228,India,Student,Contributor,1,11,0,6,5,7,78,0,30,4,4,0.0,1.0
KAG_2026_11229,USA,Data Analyst,Novice,18,3,0,0,3,1,0,1,34,2,5,133714.0,18.0
KAG_2026_11230,UK,ML Engineer,Contributor,14,19,0,5,6,21,74,0,36,9,8,155464.0,14.0
KAG_2026_11231,Germany,ML Engineer,Contributor,12,10,0,7,9,23,378,0,44,6,7,158982.0,12.0
KAG_2026_11232,Spain,Data Analyst,Novice,17,2,0,0,0,16,12,1,26,3,5,96135.0,17.0
KAG_2026_11233,Japan,Researcher,Expert,9,29,1,1,16,29,416,1,57,2,11,137862.0,9.0
KAG_2026_11234,USA,Researcher,Grandmaster,15,57,8,25,27,124,2689,1,87,10,24,209230.0,15.0
KAG_2026_11235,Brazil,Data Analyst,Contributor,15,18,0,9,14,20,406,1,37,2,8,90722.0,15.0
KAG_2026_11236,India,Data Analyst,Contributor,8,10,0,2,8,16,136,1,40,7,6,60368.0,8.0
KAG_2026_11237,India,Data Scientist,Master,7,35,10,35,20,56,1062,1,62,7,19,101784.0,7.0
KAG_2026_11238,Germany,Student,Novice,0,2,0,0,8,18,3,1,5,1,0,0.0,0.0
KAG_2026_11239,USA,Data Analyst,Novice,19,2,0,0,3,4,13,0,35,3,5,129676.0,19.0
KAG_2026_11240,USA,Researcher,Expert,5,28,2,9,13,39,547,1,42,3,10,175341.0,5.0
KAG_2026_11241,Brazil,Data Scientist,Contributor,14,20,0,6,11,6,205,1,50,6,8,93088.0,14.0
KAG_2026_11242,India,Researcher,Expert,10,26,2,5,16,35,466,1,49,8,12,108446.0,10.0
KAG_2026_11243,UK,Researcher,Expert,16,34,3,7,14,31,204,1,68,3,14,158162.0,16.0
KAG_2026_11244,Japan,Researcher,Expert,19,23,1,8,13,32,332,1,71,5,14,174386.0,19.0
KAG_2026_11245,UK,ML Engineer,Contributor,7,13,0,8,8,17,240,0,32,6,6,127443.0,7.0
KAG_2026_11246,Spain,Data Analyst,Contributor,13,12,0,3,6,13,126,1,46,6,7,92430.0,13.0
KAG_2026_11247,India,ML Engineer,Master,9,45,10,23,23,64,807,1,63,2,19,103488.0,9.0
KAG_2026_11248,USA,Researcher,Expert,16,24,2,5,12,38,404,1,63,9,13,215520.0,16.0
KAG_2026_11249,Brazil,Data Scientist,Contributor,7,14,0,8,7,18,210,1,37,9,6,70531.0,7.0
KAG_2026_11250,India,Data Analyst,Contributor,20,14,0,6,11,11,72,1,56,10,10,98175.0,20.0
KAG_2026_11251,India,ML Engineer,Contributor,11,7,0,1,5,23,181,0,34,9,7,103699.0,11.0
KAG_2026_11252,USA,Student,Contributor,0,10,0,6,5,12,304,0,19,1,4,0.0,0.0
KAG_2026_11253,India,Student,Novice,0,2,0,0,5,5,9,0,7,1,0,12564.0,0.0
KAG_2026_11254,USA,Researcher,Expert,10,27,1,2,13,28,163,1,57,6,11,177826.0,10.0
KAG_2026_11255,India,Data Analyst,Novice,9,6,0,0,8,12,4,0,20,11,2,55744.0,9.0
KAG_2026_11256,USA,Data Scientist,Grandmaster,20,52,24,11,22,124,2666,1,100,11,34,248107.0,20.0
KAG_2026_11257,UK,Researcher,Grandmaster,11,64,21,30,21,119,2856,1,92,2,29,183639.0,11.0
KAG_2026_11258,UK,Data Scientist,Contributor,16,21,0,3,11,18,173,1,51,9,8,150738.0,16.0
KAG_2026_11259,UK,Data Scientist,Expert,15,21,2,9,18,29,222,1,56,4,13,147840.0,15.0
KAG_2026_11260,USA,Data Analyst,Novice,20,7,0,0,9,16,9,1,30,10,6,127894.0,20.0
KAG_2026_11261,Canada,Data Scientist,Master,18,49,18,16,24,64,1020,1,95,7,26,176101.0,18.0
KAG_2026_11262,USA,Data Scientist,Contributor,14,11,0,9,13,16,279,1,39,11,8,165855.0,14.0
KAG_2026_11263,Canada,Data Analyst,Expert,13,26,4,3,16,30,254,1,52,3,13,107545.0,13.0
KAG_2026_11264,India,Data Analyst,Contributor,5,12,0,8,11,15,420,0,35,6,5,52891.0,5.0
KAG_2026_11265,Germany,ML Engineer,Expert,18,24,3,7,14,39,294,1,61,2,14,184345.0,18.0
KAG_2026_11266,UK,Researcher,Expert,11,24,3,5,14,23,493,1,59,2,12,160079.0,11.0
KAG_2026_11267,USA,Student,Novice,2,12,0,0,2,17,5,0,8,3,0,0.0,2.0
KAG_2026_11268,USA,Data Analyst,Master,19,35,8,30,19,69,816,1,91,6,21,145613.0,19.0
KAG_2026_11269,Spain,Data Scientist,Expert,5,25,1,6,14,32,412,1,42,7,10,100484.0,5.0
KAG_2026_11270,Japan,Student,Novice,2,9,0,0,2,20,0,1,11,3,0,9780.0,2.0
KAG_2026_11271,France,Data Scientist,Contributor,8,19,0,5,12,10,382,0,28,7,6,110109.0,8.0
KAG_2026_11272,USA,ML Engineer,Contributor,16,12,0,6,14,21,184,1,45,5,8,193574.0,16.0
KAG_2026_11273,Spain,Data Analyst,Novice,21,6,0,0,9,4,12,1,42,7,6,100030.0,21.0
KAG_2026_11274,India,ML Engineer,Expert,6,28,1,1,12,38,548,1,42,3,10,94360.0,6.0
KAG_2026_11275,Germany,Researcher,Grandmaster,10,60,20,39,20,121,2506,1,99,3,29,183350.0,10.0
KAG_2026_11276,Germany,Data Scientist,Contributor,19,19,0,6,12,22,65,1,47,8,9,160497.0,19.0
KAG_2026_11277,France,Researcher,Master,7,35,13,34,15,63,1099,1,71,8,20,138241.0,7.0
KAG_2026_11278,Germany,ML Engineer,Expert,18,21,4,4,17,37,366,1,72,3,15,189286.0,18.0
KAG_2026_11279,Spain,Student,Novice,1,13,0,0,7,2,0,1,3,1,0,0.0,1.0
KAG_2026_11280,USA,ML Engineer,Expert,21,24,3,4,19,22,164,1,67,2,15,218533.0,21.0
KAG_2026_11281,USA,Student,Expert,0,23,1,8,15,29,517,1,38,1,8,0.0,0.0
KAG_2026_11282,Spain,Data Analyst,Contributor,5,21,0,6,10,15,342,1,34,4,5,63033.0,5.0
KAG_2026_11283,Nigeria,ML Engineer,Expert,18,30,1,7,11,36,491,1,68,5,13,116557.0,18.0
KAG_2026_11284,UK,ML Engineer,Contributor,8,12,0,9,13,19,54,1,38,10,6,120149.0,8.0
KAG_2026_11285,Canada,Researcher,Grandmaster,16,60,10,30,20,115,2589,1,95,5,25,177405.0,16.0
KAG_2026_11286,Canada,ML Engineer,Expert,18,23,4,5,11,27,151,1,72,6,15,174800.0,18.0
KAG_2026_11287,India,Data Scientist,Grandmaster,12,62,13,31,24,110,2564,1,89,2,26,131139.0,12.0
KAG_2026_11288,USA,Student,Contributor,1,17,0,7,10,24,421,1,23,3,4,0.0,1.0
KAG_2026_11289,Japan,Student,Novice,2,13,0,0,5,14,2,1,16,2,0,0.0,2.0
KAG_2026_11290,USA,Data Analyst,Expert,16,23,3,2,12,28,351,1,58,11,14,130960.0,16.0
KAG_2026_11291,USA,Data Scientist,Grandmaster,15,53,19,30,22,118,2768,1,100,9,30,199590.0,15.0
KAG_2026_11292,India,Data Scientist,Grandmaster,11,63,14,27,26,114,2709,1,86,5,26,118315.0,11.0
KAG_2026_11293,India,Data Analyst,Novice,3,9,0,0,6,1,0,0,8,8,0,35077.0,3.0
KAG_2026_11294,India,Student,Contributor,0,13,0,1,8,22,304,1,25,4,4,0.0,0.0
KAG_2026_11295,India,Student,Novice,1,9,0,0,4,10,14,0,13,2,0,0.0,1.0
KAG_2026_11296,USA,Data Scientist,Expert,18,29,1,9,15,23,441,1,71,8,13,214026.0,18.0
KAG_2026_11297,Spain,Researcher,Master,19,35,12,38,19,60,1040,1,86,7,23,157283.0,19.0
KAG_2026_11298,Germany,ML Engineer,Contributor,17,10,0,3,12,6,243,1,46,3,9,155046.0,17.0
KAG_2026_11299,Nigeria,Researcher,Expert,6,32,1,7,13,25,504,1,49,3,10,82182.0,6.0
KAG_2026_11300,Spain,Student,Novice,0,2,0,0,3,13,3,1,1,3,0,0.0,0.0
KAG_2026_11301,Canada,Data Analyst,Expert,9,33,3,1,10,38,280,1,57,4,12,90379.0,9.0
KAG_2026_11302,India,Data Analyst,Contributor,11,9,0,8,11,14,358,1,37,5,7,66216.0,11.0
KAG_2026_11303,Nigeria,Student,Novice,1,6,0,0,7,18,6,0,12,3,0,0.0,1.0
KAG_2026_11304,Germany,Data Analyst,Novice,2,6,0,0,5,4,2,0,15,7,0,57893.0,2.0
KAG_2026_11305,Japan,Student,Novice,1,13,0,0,3,15,9,1,2,3,0,0.0,1.0
KAG_2026_11306,France,Data Scientist,Contributor,7,17,0,6,6,10,429,1,34,2,6,102895.0,7.0
KAG_2026_11307,USA,Data Scientist,Contributor,15,17,0,2,11,6,154,1,49,11,8,194924.0,15.0
KAG_2026_11308,India,Researcher,Master,17,43,18,15,20,61,953,1,79,6,26,154193.0,17.0
KAG_2026_11309,India,Student,Master,1,40,18,20,23,64,971,1,69,2,21,0.0,1.0
KAG_2026_11310,USA,ML Engineer,Grandmaster,6,62,9,26,26,112,2743,1,73,4,22,197670.0,6.0
KAG_2026_11311,Brazil,Data Analyst,Novice,20,13,0,0,6,11,3,0,42,5,6,95222.0,20.0
KAG_2026_11312,USA,ML Engineer,Contributor,20,12,0,9,7,24,310,1,46,3,10,209968.0,20.0
KAG_2026_11313,Spain,Data Analyst,Expert,12,22,1,4,17,38,545,1,57,9,12,90691.0,12.0
KAG_2026_11314,Brazil,Researcher,Expert,5,20,2,8,17,29,377,1,38,10,10,85959.0,5.0
KAG_2026_11315,Spain,Student,Contributor,1,11,0,2,12,21,270,0,26,2,4,0.0,1.0
KAG_2026_11316,Germany,Data Scientist,Expert,11,25,3,2,15,30,164,1,59,9,12,133479.0,11.0
KAG_2026_11317,India,ML Engineer,Contributor,16,15,0,8,6,23,70,1,42,4,8,109925.0,16.0
KAG_2026_11318,USA,Data Analyst,Master,13,38,15,19,16,52,1068,1,83,9,23,154482.0,13.0
KAG_2026_11319,USA,Researcher,Expert,8,34,1,8,17,33,342,1,44,5,10,167124.0,8.0
KAG_2026_11320,Germany,Data Scientist,Expert,17,26,1,8,10,28,269,1,62,11,13,160281.0,17.0
KAG_2026_11321,USA,Student,Contributor,1,10,0,6,8,21,260,1,29,2,4,0.0,1.0
KAG_2026_11322,India,Researcher,Expert,7,28,2,9,16,38,295,1,53,2,11,92208.0,7.0
KAG_2026_11323,UK,Student,Contributor,1,9,0,3,10,8,80,1,26,1,4,0.0,1.0
KAG_2026_11324,India,Researcher,Expert,11,29,1,8,18,36,346,1,52,11,11,99227.0,11.0
KAG_2026_11325,India,Student,Expert,1,20,1,3,11,22,487,1,35,4,8,0.0,1.0
KAG_2026_11326,India,Data Scientist,Master,21,42,9,16,16,69,895,1,91,10,22,141185.0,21.0
KAG_2026_11327,India,Researcher,Expert,5,29,4,8,15,23,325,1,46,5,11,84600.0,5.0
KAG_2026_11328,Brazil,ML Engineer,Master,13,35,12,35,23,66,993,1,76,3,21,129108.0,13.0
KAG_2026_11329,Japan,Student,Novice,1,5,0,0,9,10,11,1,11,4,0,0.0,1.0
KAG_2026_11330,Nigeria,Data Analyst,Contributor,4,18,0,6,5,11,115,1,33,3,5,38582.0,4.0
KAG_2026_11331,India,Student,Novice,2,3,0,0,3,15,0,0,9,3,0,0.0,2.0
KAG_2026_11332,UK,ML Engineer,Expert,17,25,1,1,14,24,407,1,60,5,13,178007.0,17.0
KAG_2026_11333,India,Researcher,Grandmaster,8,51,17,21,24,124,2823,1,90,6,26,123066.0,8.0
KAG_2026_11334,India,Data Analyst,Novice,3,9,0,0,8,15,7,0,9,11,0,38317.0,3.0
KAG_2026_11335,Germany,Student,Novice,1,2,0,0,2,9,4,1,10,2,0,0.0,1.0
KAG_2026_11336,USA,Researcher,Grandmaster,20,60,11,37,26,121,2706,1,100,11,27,218691.0,20.0
KAG_2026_11337,Canada,Data Scientist,Contributor,3,11,0,3,7,12,394,0,32,9,4,118285.0,3.0
KAG_2026_11338,India,Data Analyst,Contributor,18,16,0,9,11,6,104,0,49,5,9,86687.0,18.0
KAG_2026_11339,UK,Data Analyst,Expert,11,31,2,3,10,37,404,1,60,4,12,96162.0,11.0
KAG_2026_11340,USA,Data Scientist,Grandmaster,19,58,13,30,26,127,2588,1,98,6,28,226580.0,19.0
KAG_2026_11341,France,Researcher,Grandmaster,8,51,12,36,23,118,2565,1,91,3,24,150037.0,8.0
KAG_2026_11342,France,ML Engineer,Contributor,6,13,0,4,9,17,256,1,37,4,5,116394.0,6.0
KAG_2026_11343,Japan,Data Analyst,Grandmaster,9,62,10,25,29,119,2599,1,86,4,23,102983.0,9.0
KAG_2026_11344,Nigeria,ML Engineer,Contributor,15,11,0,9,14,8,428,0,43,10,8,108100.0,15.0
KAG_2026_11345,India,Data Analyst,Novice,7,2,0,0,1,16,8,1,10,3,2,46483.0,7.0
KAG_2026_11346,Germany,Student,Expert,2,34,1,2,10,24,510,1,38,2,9,10435.0,2.0
KAG_2026_11347,Canada,ML Engineer,Contributor,12,16,0,6,9,18,370,1,44,5,7,163141.0,12.0
KAG_2026_11348,USA,ML Engineer,Grandmaster,17,60,23,32,22,125,2687,1,100,11,32,254530.0,17.0
KAG_2026_11349,India,Data Scientist,Grandmaster,11,51,18,11,23,124,2501,1,98,5,28,114617.0,11.0
KAG_2026_11350,Japan,Student,Novice,2,13,0,0,2,6,13,0,14,3,0,7728.0,2.0
KAG_2026_11351,UK,Data Scientist,Contributor,12,14,0,1,12,10,141,0,41,4,7,135871.0,12.0
KAG_2026_11352,USA,Researcher,Master,6,45,20,33,17,58,1067,1,65,4,23,186598.0,6.0
KAG_2026_11353,Canada,ML Engineer,Grandmaster,10,53,13,26,29,116,2826,1,86,5,25,187246.0,10.0
KAG_2026_11354,UK,ML Engineer,Grandmaster,11,53,20,24,27,112,2515,1,89,10,29,173041.0,11.0
KAG_2026_11355,UK,Researcher,Master,17,36,19,20,18,65,1051,1,91,7,26,177898.0,17.0
KAG_2026_11356,India,Data Scientist,Expert,17,20,4,5,19,35,325,1,69,9,15,127011.0,17.0
KAG_2026_11357,Spain,Researcher,Master,20,47,11,26,20,60,1005,1,83,8,23,161101.0,20.0
KAG_2026_11358,India,ML Engineer,Expert,12,28,1,7,16,27,483,1,50,6,12,105543.0,12.0
KAG_2026_11359,Spain,Data Analyst,Novice,14,2,0,0,9,19,0,1,31,10,4,90674.0,14.0
KAG_2026_11360,India,Researcher,Expert,19,33,1,1,10,34,387,1,73,9,14,134387.0,19.0
KAG_2026_11361,India,Student,Novice,0,10,0,0,3,15,11,1,4,3,0,0.0,0.0
KAG_2026_11362,India,Data Analyst,Contributor,11,7,0,4,13,20,397,0,41,9,7,68642.0,11.0
KAG_2026_11363,Nigeria,Data Scientist,Contributor,19,10,0,6,8,20,341,0,47,6,9,109395.0,19.0
KAG_2026_11364,Canada,Student,Novice,0,2,0,0,2,19,9,1,13,2,0,0.0,0.0
KAG_2026_11365,Brazil,Data Analyst,Contributor,7,12,0,7,14,11,231,0,28,2,6,58429.0,7.0
KAG_2026_11366,India,Data Analyst,Novice,20,9,0,0,1,1,1,1,44,7,6,91492.0,20.0
KAG_2026_11367,USA,Researcher,Master,13,42,14,15,19,66,1124,1,78,3,22,217172.0,13.0
KAG_2026_11368,India,Student,Expert,1,27,1,2,10,31,422,1,35,3,8,0.0,1.0
KAG_2026_11369,Spain,Data Analyst,Novice,19,2,0,0,6,14,6,1,28,3,5,108075.0,19.0
KAG_2026_11370,Canada,Student,Novice,0,14,0,0,6,2,12,1,11,4,0,0.0,0.0
KAG_2026_11371,Nigeria,Data Analyst,Contributor,7,16,0,6,13,20,373,1,39,10,6,49700.0,7.0
KAG_2026_11372,Germany,ML Engineer,Master,7,49,23,39,23,65,985,1,72,3,25,150146.0,7.0
KAG_2026_11373,India,Researcher,Grandmaster,21,64,8,38,24,118,2879,1,100,5,26,147634.0,21.0
KAG_2026_11374,USA,ML Engineer,Expert,4,29,1,1,10,28,517,1,42,8,9,155115.0,4.0
KAG_2026_11375,Canada,Student,Novice,2,6,0,0,1,17,6,1,5,3,0,0.0,2.0
KAG_2026_11376,India,Data Scientist,Contributor,9,13,0,9,9,15,80,0,38,6,6,93160.0,9.0
KAG_2026_11377,Nigeria,ML Engineer,Expert,14,32,4,7,17,29,410,1,65,6,14,96831.0,14.0
KAG_2026_11378,Nigeria,Data Scientist,Contributor,10,7,0,5,8,10,353,0,40,2,7,75985.0,10.0
KAG_2026_11379,India,Data Scientist,Expert,11,28,2,1,15,29,361,1,56,6,12,106507.0,11.0
KAG_2026_11380,France,Student,Contributor,0,9,0,2,5,8,434,1,21,4,4,0.0,0.0
KAG_2026_11381,USA,ML Engineer,Contributor,20,15,0,3,6,12,297,1,47,6,10,204371.0,20.0
KAG_2026_11382,USA,ML Engineer,Contributor,11,20,0,4,5,10,252,0,35,6,7,200520.0,11.0
KAG_2026_11383,USA,Data Analyst,Novice,19,14,0,0,4,6,11,1,32,11,5,141286.0,19.0
KAG_2026_11384,India,Student,Novice,1,2,0,0,1,7,10,0,8,1,0,0.0,1.0
KAG_2026_11385,Nigeria,Researcher,Expert,5,33,2,5,11,32,437,1,50,2,10,79700.0,5.0
KAG_2026_11386,India,ML Engineer,Master,15,37,12,10,23,50,1096,1,77,4,22,138186.0,15.0
KAG_2026_11387,India,Data Scientist,Expert,11,23,4,1,19,31,456,1,62,5,13,107600.0,11.0
KAG_2026_11388,UK,Data Analyst,Novice,3,2,0,0,8,18,9,0,13,5,0,56708.0,3.0
KAG_2026_11389,USA,Data Analyst,Novice,17,8,0,0,6,2,2,0,31,9,5,134074.0,17.0
KAG_2026_11390,UK,Researcher,Expert,9,23,4,5,12,34,391,1,49,4,12,139642.0,9.0
KAG_2026_11391,India,ML Engineer,Grandmaster,15,63,12,35,20,127,2745,1,100,4,26,155096.0,15.0
KAG_2026_11392,Canada,ML Engineer,Grandmaster,10,64,10,18,29,110,2778,1,88,11,24,191093.0,10.0
KAG_2026_11393,USA,Data Analyst,Novice,15,12,0,0,4,5,2,1,24,7,4,119450.0,15.0
KAG_2026_11394,India,Student,Novice,0,8,0,0,4,3,9,0,2,2,0,0.0,0.0
KAG_2026_11395,India,Student,Novice,2,4,0,0,1,10,8,1,3,2,0,0.0,2.0
KAG_2026_11396,Brazil,Student,Novice,2,3,0,0,5,13,6,1,3,4,0,0.0,2.0
KAG_2026_11397,USA,Researcher,Master,11,48,18,24,19,54,816,1,78,7,24,189120.0,11.0
KAG_2026_11398,Brazil,Data Analyst,Master,11,41,22,33,23,62,981,1,72,9,26,96031.0,11.0
KAG_2026_11399,USA,Data Analyst,Contributor,20,15,0,4,8,19,250,1,47,2,10,147751.0,20.0
KAG_2026_11400,UK,Data Scientist,Contributor,12,20,0,4,5,17,428,0,33,7,7,148528.0,12.0
KAG_2026_11401,India,ML Engineer,Expert,14,23,1,2,11,20,479,1,62,9,12,123885.0,14.0
KAG_2026_11402,India,Researcher,Expert,13,27,1,5,13,33,315,1,55,4,12,106649.0,13.0
KAG_2026_11403,India,Data Analyst,Novice,7,4,0,0,2,1,14,1,24,3,2,45638.0,7.0
KAG_2026_11404,USA,Student,Novice,0,2,0,0,5,4,0,0,5,1,0,0.0,0.0
KAG_2026_11405,Canada,Researcher,Expert,19,21,3,6,13,23,431,1,65,7,15,172913.0,19.0
KAG_2026_11406,India,Data Scientist,Contributor,17,15,0,8,7,13,97,1,42,11,9,107165.0,17.0
KAG_2026_11407,Brazil,Data Scientist,Master,6,39,21,29,22,68,1042,1,65,11,24,89106.0,6.0
KAG_2026_11408,India,Data Scientist,Grandmaster,14,57,20,33,24,114,2703,1,97,11,30,125266.0,14.0
KAG_2026_11409,UK,Data Scientist,Grandmaster,15,55,24,13,27,116,2785,1,100,10,32,181067.0,15.0
KAG_2026_11410,Canada,ML Engineer,Expert,10,20,4,1,16,32,431,1,56,5,13,155277.0,10.0
KAG_2026_11411,Canada,Data Scientist,Contributor,3,21,0,1,12,18,56,1,33,5,4,114652.0,3.0
KAG_2026_11412,USA,ML Engineer,Contributor,16,8,0,9,11,17,397,1,49,4,8,217402.0,16.0
KAG_2026_11413,Germany,Data Scientist,Contributor,13,9,0,1,11,21,226,1,47,9,7,153438.0,13.0
KAG_2026_11414,UK,Student,Novice,1,2,0,0,4,9,14,1,6,4,0,0.0,1.0
KAG_2026_11415,USA,Data Scientist,Expert,16,22,4,6,18,26,348,1,63,8,14,197626.0,16.0
KAG_2026_11416,UK,Data Analyst,Grandmaster,15,61,23,24,27,121,2825,1,97,4,32,153793.0,15.0
KAG_2026_11417,USA,Researcher,Expert,11,22,3,4,10,35,400,1,54,8,12,204877.0,11.0
KAG_2026_11418,USA,Data Scientist,Expert,16,33,1,4,16,20,516,1,64,8,13,198063.0,16.0
KAG_2026_11419,France,Student,Novice,2,12,0,0,8,1,1,1,10,3,0,0.0,2.0
KAG_2026_11420,India,Researcher,Master,16,35,11,32,24,64,1023,1,87,4,22,141908.0,16.0
KAG_2026_11421,France,Researcher,Master,20,45,17,22,22,64,1109,1,90,3,26,174064.0,20.0
KAG_2026_11422,USA,ML Engineer,Master,13,37,15,39,18,57,915,1,75,3,23,231251.0,13.0
KAG_2026_11423,USA,Researcher,Grandmaster,10,62,11,28,20,113,2651,1,87,3,24,196191.0,10.0
KAG_2026_11424,USA,Data Scientist,Expert,15,33,3,3,15,20,187,1,60,8,14,215113.0,15.0
KAG_2026_11425,India,Data Analyst,Expert,19,20,3,3,17,35,237,1,63,5,15,110642.0,19.0
KAG_2026_11426,Canada,ML Engineer,Contributor,6,14,0,6,7,11,232,1,31,3,5,126123.0,6.0
KAG_2026_11427,India,Data Scientist,Master,13,49,8,19,20,65,914,1,76,2,19,132565.0,13.0
KAG_2026_11428,France,ML Engineer,Expert,8,32,3,6,19,24,328,1,44,9,11,136308.0,8.0
KAG_2026_11429,India,Student,Novice,2,4,0,0,6,8,9,1,17,3,0,0.0,2.0
KAG_2026_11430,France,Student,Novice,2,3,0,0,2,8,11,1,9,2,0,0.0,2.0
KAG_2026_11431,Germany,Researcher,Grandmaster,12,51,21,10,20,121,2621,1,93,5,30,169531.0,12.0
KAG_2026_11432,India,Student,Novice,1,3,0,0,8,12,6,0,13,4,0,0.0,1.0
KAG_2026_11433,Germany,Researcher,Master,14,48,18,24,24,58,1012,1,84,8,25,164381.0,14.0
KAG_2026_11434,USA,Researcher,Expert,15,26,4,2,15,32,520,1,65,9,14,207702.0,15.0
KAG_2026_11435,USA,Data Scientist,Expert,14,22,1,4,11,30,533,1,63,3,12,204182.0,14.0
KAG_2026_11436,India,Researcher,Grandmaster,15,54,23,23,20,116,2697,1,94,9,32,135927.0,15.0
KAG_2026_11437,Brazil,ML Engineer,Expert,5,27,4,2,15,28,222,1,40,6,11,77316.0,5.0
KAG_2026_11438,USA,Data Scientist,Master,9,48,9,20,20,64,882,1,71,8,19,204353.0,9.0
KAG_2026_11439,USA,ML Engineer,Expert,5,20,3,5,14,21,373,1,40,3,11,156170.0,5.0
KAG_2026_11440,India,Data Scientist,Grandmaster,14,54,18,14,27,110,2687,1,100,6,29,144010.0,14.0
KAG_2026_11441,USA,Data Scientist,Expert,8,21,2,4,16,38,436,1,50,6,11,155782.0,8.0
KAG_2026_11442,India,Researcher,Expert,10,20,3,1,18,27,190,1,56,8,12,93083.0,10.0
KAG_2026_11443,India,ML Engineer,Contributor,3,11,0,5,8,12,157,1,24,4,4,76458.0,3.0
KAG_2026_11444,USA,Researcher,Expert,6,24,3,5,13,30,422,1,46,7,11,155495.0,6.0
KAG_2026_11445,India,Student,Contributor,0,19,0,5,13,13,342,0,19,2,4,0.0,0.0
KAG_2026_11446,India,Data Analyst,Novice,6,7,0,0,5,14,2,0,16,5,1,43990.0,6.0
KAG_2026_11447,France,ML Engineer,Contributor,20,14,0,7,10,20,191,0,53,7,10,171525.0,20.0
KAG_2026_11448,India,Student,Novice,1,6,0,0,2,12,7,0,9,2,0,0.0,1.0
KAG_2026_11449,France,ML Engineer,Expert,18,21,3,1,11,27,547,1,70,7,14,165500.0,18.0
KAG_2026_11450,India,ML Engineer,Expert,17,30,2,9,13,25,381,1,68,11,14,136435.0,17.0
KAG_2026_11451,Germany,Data Scientist,Expert,21,22,1,8,17,20,489,1,62,6,14,192173.0,21.0
KAG_2026_11452,USA,Student,Contributor,2,16,0,8,12,11,137,0,31,2,4,0.0,2.0
KAG_2026_11453,India,Data Scientist,Grandmaster,18,62,7,37,22,125,2689,1,91,9,24,155462.0,18.0
KAG_2026_11454,USA,Researcher,Expert,9,26,1,6,16,32,515,1,45,8,11,187172.0,9.0
KAG_2026_11455,UK,Researcher,Master,6,39,14,31,22,65,806,1,65,4,20,145468.0,6.0
KAG_2026_11456,Brazil,Researcher,Expert,18,34,4,5,13,31,164,1,70,10,15,137106.0,18.0
KAG_2026_11457,Brazil,Student,Grandmaster,0,53,14,19,20,115,2582,1,72,3,23,0.0,0.0
KAG_2026_11458,India,ML Engineer,Contributor,3,10,0,2,8,22,334,0,19,11,4,68907.0,3.0
KAG_2026_11459,UK,Data Scientist,Contributor,16,17,0,6,8,15,425,0,46,8,8,163845.0,16.0
KAG_2026_11460,India,ML Engineer,Expert,18,26,2,4,16,27,195,1,59,6,14,135544.0,18.0
KAG_2026_11461,Spain,Data Analyst,Contributor,11,15,0,1,5,9,59,0,44,7,7,81783.0,11.0
KAG_2026_11462,USA,Data Scientist,Contributor,13,20,0,2,12,14,151,1,46,9,7,163928.0,13.0
KAG_2026_11463,France,Researcher,Master,20,42,20,34,19,51,979,1,97,11,28,189477.0,20.0
KAG_2026_11464,Germany,Data Analyst,Contributor,20,8,0,5,13,6,334,1,53,6,10,120045.0,20.0
KAG_2026_11465,Germany,Data Analyst,Novice,19,9,0,0,4,9,3,1,37,2,5,104493.0,19.0
KAG_2026_11466,India,Data Scientist,Contributor,10,7,0,9,12,23,438,0,37,9,7,84099.0,10.0
KAG_2026_11467,Brazil,Data Analyst,Contributor,15,9,0,6,9,24,180,1,43,2,8,83362.0,15.0
KAG_2026_11468,India,ML Engineer,Master,18,48,11,37,23,59,827,1,85,10,22,148838.0,18.0
KAG_2026_11469,Canada,ML Engineer,Master,7,42,5,18,22,54,801,1,60,4,16,162992.0,7.0
KAG_2026_11470,Canada,Data Analyst,Contributor,13,20,0,4,11,13,60,0,44,6,7,98672.0,13.0
KAG_2026_11471,India,Student,Novice,2,7,0,0,1,16,0,1,15,1,0,0.0,2.0
KAG_2026_11472,UK,ML Engineer,Contributor,13,18,0,8,11,6,311,0,45,4,7,155284.0,13.0
KAG_2026_11473,India,Student,Novice,0,13,0,0,3,17,9,1,3,2,0,0.0,0.0
KAG_2026_11474,UK,Researcher,Grandmaster,7,63,8,22,23,116,2574,1,87,3,22,163681.0,7.0
KAG_2026_11475,Canada,Data Analyst,Novice,16,6,0,0,3,16,1,1,28,2,4,109367.0,16.0
KAG_2026_11476,India,Data Scientist,Expert,18,28,4,2,14,38,171,1,66,10,15,128305.0,18.0
KAG_2026_11477,UK,Researcher,Master,13,47,12,31,19,52,945,1,79,2,21,156844.0,13.0
KAG_2026_11478,Japan,Student,Novice,2,4,0,0,0,8,8,1,12,3,0,0.0,2.0
KAG_2026_11479,USA,Researcher,Expert,13,24,4,9,18,20,153,1,54,9,13,194195.0,13.0
KAG_2026_11480,India,Data Analyst,Novice,13,13,0,0,8,20,7,1,31,4,3,64529.0,13.0
KAG_2026_11481,USA,ML Engineer,Expert,21,20,4,6,13,25,460,1,73,9,16,239390.0,21.0
KAG_2026_11482,France,Student,Contributor,1,21,0,4,14,24,366,0,22,1,4,0.0,1.0
KAG_2026_11483,France,Student,Contributor,0,21,0,8,10,17,332,0,22,1,4,8907.0,0.0
KAG_2026_11484,Japan,ML Engineer,Expert,17,23,3,2,15,32,458,1,61,3,14,162261.0,17.0
KAG_2026_11485,France,Data Scientist,Contributor,3,11,0,1,5,24,108,0,32,7,4,96318.0,3.0
KAG_2026_11486,Germany,Student,Novice,0,14,0,0,7,6,14,1,4,3,0,0.0,0.0
KAG_2026_11487,India,ML Engineer,Expert,18,25,1,5,14,27,216,1,63,4,13,126845.0,18.0
KAG_2026_11488,India,Researcher,Expert,10,32,4,2,19,27,162,1,58,2,13,106504.0,10.0
KAG_2026_11489,Canada,Researcher,Master,15,45,19,21,23,50,951,1,81,5,26,191206.0,15.0
KAG_2026_11490,Brazil,Student,Novice,2,5,0,0,0,14,10,0,7,1,0,0.0,2.0
KAG_2026_11491,France,Data Analyst,Novice,14,13,0,0,6,4,10,1,23,5,4,91430.0,14.0
KAG_2026_11492,USA,Student,Contributor,2,7,0,4,12,19,66,1,25,2,4,0.0,2.0
KAG_2026_11493,Nigeria,Researcher,Expert,5,20,2,4,17,37,191,1,52,3,10,75254.0,5.0
KAG_2026_11494,India,Data Scientist,Grandmaster,10,60,14,16,20,113,2763,1,87,4,26,111211.0,10.0
KAG_2026_11495,USA,Student,Novice,1,2,0,0,2,11,12,1,10,3,0,0.0,1.0
KAG_2026_11496,USA,Data Analyst,Novice,21,3,0,0,6,6,11,1,33,8,6,127893.0,21.0
KAG_2026_11497,India,Data Analyst,Novice,17,2,0,0,1,7,0,0,34,4,5,77678.0,17.0
KAG_2026_11498,Germany,ML Engineer,Contributor,15,7,0,9,5,14,235,0,37,2,8,158347.0,15.0
KAG_2026_11499,UK,Data Analyst,Contributor,6,15,0,9,9,22,320,0,38,3,5,73653.0,6.0
KAG_2026_11500,USA,ML Engineer,Contributor,6,21,0,3,6,10,57,1,31,5,5,157847.0,6.0
KAG_2026_11501,India,Researcher,Master,19,37,19,16,23,56,822,1,92,6,27,160449.0,19.0
KAG_2026_11502,Nigeria,Data Analyst,Novice,5,5,0,0,5,6,0,0,8,2,1,39714.0,5.0
KAG_2026_11503,USA,ML Engineer,Expert,8,32,1,9,14,29,507,1,51,11,10,168324.0,8.0
KAG_2026_11504,India,Student,Contributor,1,14,0,7,5,11,392,1,22,3,4,0.0,1.0
KAG_2026_11505,USA,Data Analyst,Contributor,17,19,0,2,6,18,278,1,51,11,9,139147.0,17.0
KAG_2026_11506,Canada,Student,Contributor,1,15,0,5,10,22,209,0,30,3,4,0.0,1.0
KAG_2026_11507,India,Student,Novice,2,13,0,0,7,13,1,1,15,1,0,0.0,2.0
KAG_2026_11508,Canada,Data Scientist,Contributor,20,21,0,3,13,10,363,0,48,10,10,181100.0,20.0
KAG_2026_11509,Japan,Data Analyst,Novice,17,3,0,0,6,15,8,1,32,6,5,95761.0,17.0
KAG_2026_11510,India,Student,Novice,2,2,0,0,6,18,2,0,17,3,0,0.0,2.0
KAG_2026_11511,India,Researcher,Master,7,42,8,32,20,62,867,1,64,9,18,92148.0,7.0
KAG_2026_11512,India,Researcher,Expert,16,22,3,5,12,28,494,1,63,10,14,113645.0,16.0
KAG_2026_11513,Japan,ML Engineer,Master,18,38,8,19,24,59,843,1,88,9,21,196561.0,18.0
KAG_2026_11514,Spain,Data Analyst,Novice,21,12,0,0,5,14,6,1,33,9,6,102407.0,21.0
KAG_2026_11515,Nigeria,Data Scientist,Grandmaster,13,55,14,22,28,112,2515,1,100,11,26,109545.0,13.0
KAG_2026_11516,Spain,Data Analyst,Contributor,3,16,0,4,13,9,146,0,19,8,4,51771.0,3.0
KAG_2026_11517,India,Researcher,Master,18,43,19,36,16,51,1058,1,90,3,26,135148.0,18.0
KAG_2026_11518,India,ML Engineer,Expert,13,25,1,6,12,31,169,1,59,10,12,116214.0,13.0
KAG_2026_11519,India,Data Analyst,Novice,7,6,0,0,3,18,9,1,18,2,2,47232.0,7.0
KAG_2026_11520,India,Data Scientist,Expert,17,25,4,1,14,28,153,1,62,2,15,134587.0,17.0
KAG_2026_11521,Brazil,ML Engineer,Expert,17,28,3,9,13,34,389,1,65,6,14,133608.0,17.0
KAG_2026_11522,Brazil,Data Analyst,Novice,2,2,0,0,9,15,0,0,6,4,0,30384.0,2.0
KAG_2026_11523,India,Data Scientist,Expert,10,34,2,1,13,23,167,1,48,2,12,108798.0,10.0
KAG_2026_11524,USA,Student,Novice,1,2,0,0,8,2,0,1,5,3,0,0.0,1.0
KAG_2026_11525,India,Student,Novice,0,7,0,0,6,15,5,0,9,4,0,11595.0,0.0
KAG_2026_11526,Canada,Data Analyst,Novice,3,5,0,0,5,10,9,0,16,2,0,65018.0,3.0
KAG_2026_11527,France,Student,Novice,2,7,0,0,6,14,8,1,6,2,0,0.0,2.0
KAG_2026_11528,Brazil,Student,Expert,1,32,3,9,17,33,381,1,35,1,9,0.0,1.0
KAG_2026_11529,India,Student,Novice,2,3,0,0,2,18,10,0,6,1,0,0.0,2.0
KAG_2026_11530,USA,Student,Master,2,39,12,25,19,61,983,1,54,1,18,0.0,2.0
KAG_2026_11531,USA,Data Analyst,Master,17,45,17,12,20,58,1122,1,85,11,25,147031.0,17.0
KAG_2026_11532,Brazil,Data Analyst,Contributor,3,13,0,6,10,11,424,1,25,11,4,36854.0,3.0
KAG_2026_11533,USA,Data Scientist,Contributor,17,8,0,9,14,10,269,0,41,5,9,200714.0,17.0
KAG_2026_11534,Canada,ML Engineer,Expert,15,20,4,2,10,23,379,1,56,9,14,177323.0,15.0
KAG_2026_11535,Canada,Student,Novice,2,8,0,0,7,19,3,1,16,4,0,0.0,2.0
KAG_2026_11536,Canada,Researcher,Expert,12,30,2,4,11,22,415,1,56,3,12,157773.0,12.0
KAG_2026_11537,Germany,Student,Novice,2,8,0,0,7,9,9,1,17,2,0,0.0,2.0
KAG_2026_11538,France,ML Engineer,Contributor,17,13,0,1,5,22,219,0,44,11,9,155698.0,17.0
KAG_2026_11539,UK,Data Analyst,Contributor,4,18,0,6,13,24,352,0,22,4,5,65589.0,4.0
KAG_2026_11540,USA,Data Analyst,Novice,19,8,0,0,2,19,8,1,40,9,5,128728.0,19.0
KAG_2026_11541,UK,Researcher,Grandmaster,20,55,21,24,28,122,2566,1,100,6,32,220480.0,20.0
KAG_2026_11542,UK,Researcher,Master,16,42,13,31,22,60,854,1,83,2,23,190623.0,16.0
KAG_2026_11543,Canada,Data Scientist,Expert,11,28,4,2,18,34,472,1,59,11,13,137752.0,11.0
KAG_2026_11544,Nigeria,Student,Novice,1,11,0,0,2,15,5,1,6,3,0,12087.0,1.0
KAG_2026_11545,USA,Data Analyst,Novice,17,5,0,0,6,5,5,1,32,5,5,120161.0,17.0
KAG_2026_11546,Germany,ML Engineer,Expert,6,27,1,6,11,28,475,1,48,2,10,132391.0,6.0
KAG_2026_11547,France,Student,Novice,2,12,0,0,3,17,6,1,9,1,0,0.0,2.0
KAG_2026_11548,USA,Researcher,Expert,17,30,3,9,16,23,210,1,70,11,14,218798.0,17.0
KAG_2026_11549,USA,Researcher,Expert,16,28,4,8,12,20,483,1,67,3,14,205981.0,16.0
KAG_2026_11550,USA,Student,Novice,0,6,0,0,5,13,0,0,3,2,0,0.0,0.0
KAG_2026_11551,USA,ML Engineer,Expert,6,22,1,9,11,34,494,1,49,10,10,187538.0,6.0
KAG_2026_11552,Canada,Data Analyst,Novice,20,12,0,0,9,19,7,0,31,11,6,124428.0,20.0
KAG_2026_11553,UK,Data Scientist,Expert,21,20,1,6,11,28,496,1,73,7,14,183236.0,21.0
KAG_2026_11554,Spain,Data Scientist,Expert,7,24,3,5,12,37,418,1,45,11,11,112647.0,7.0
KAG_2026_11555,Nigeria,ML Engineer,Expert,16,33,3,5,14,24,369,1,69,5,14,108141.0,16.0
KAG_2026_11556,UK,Data Scientist,Master,20,49,22,38,15,58,838,1,88,5,29,195017.0,20.0
KAG_2026_11557,UK,Researcher,Expert,6,34,1,8,16,24,487,1,49,2,10,120074.0,6.0
KAG_2026_11558,USA,ML Engineer,Master,5,42,5,12,20,62,1073,1,62,9,16,180084.0,5.0
KAG_2026_11559,Nigeria,Data Analyst,Contributor,9,12,0,4,13,23,376,0,41,11,6,59067.0,9.0
KAG_2026_11560,Spain,Student,Novice,1,10,0,0,2,16,10,1,15,1,0,0.0,1.0
KAG_2026_11561,France,Data Scientist,Contributor,11,7,0,6,13,7,329,0,33,9,7,126013.0,11.0
KAG_2026_11562,India,Data Scientist,Expert,21,27,1,3,11,28,207,1,62,7,14,124307.0,21.0
KAG_2026_11563,USA,Data Scientist,Contributor,8,10,0,8,9,23,342,1,35,4,6,149020.0,8.0
KAG_2026_11564,USA,ML Engineer,Contributor,4,20,0,2,14,20,410,0,34,5,5,168560.0,4.0
KAG_2026_11565,Japan,Student,Novice,0,3,0,0,7,15,9,1,9,3,0,0.0,0.0
KAG_2026_11566,India,Student,Contributor,0,19,0,2,6,17,101,1,29,2,4,0.0,0.0
KAG_2026_11567,Canada,Researcher,Expert,12,28,2,8,10,22,480,1,52,5,12,152093.0,12.0
KAG_2026_11568,India,Student,Expert,0,25,3,3,16,23,319,1,31,4,9,0.0,0.0
KAG_2026_11569,USA,Data Scientist,Expert,8,34,2,7,19,39,246,1,52,6,11,178452.0,8.0
KAG_2026_11570,Nigeria,Student,Novice,2,2,0,0,1,14,6,1,12,2,0,0.0,2.0
KAG_2026_11571,India,Data Scientist,Contributor,5,10,0,2,13,12,162,0,31,2,5,75526.0,5.0
KAG_2026_11572,UK,Data Analyst,Expert,20,28,1,1,19,39,411,1,65,6,14,130327.0,20.0
KAG_2026_11573,India,ML Engineer,Grandmaster,21,61,22,22,23,121,2713,1,100,10,33,175350.0,21.0
KAG_2026_11574,India,Student,Novice,2,2,0,0,8,14,5,0,10,4,0,0.0,2.0
KAG_2026_11575,France,ML Engineer,Contributor,6,19,0,6,8,11,369,0,27,6,5,115207.0,6.0
KAG_2026_11576,UK,Data Scientist,Expert,20,33,3,3,13,32,162,1,65,8,15,167457.0,20.0
KAG_2026_11577,India,Student,Contributor,1,18,0,1,5,14,244,1,25,3,4,0.0,1.0
KAG_2026_11578,USA,ML Engineer,Contributor,7,16,0,3,13,17,337,1,27,10,6,168420.0,7.0
KAG_2026_11579,USA,ML Engineer,Contributor,20,20,0,6,10,9,179,1,58,8,10,201451.0,20.0
KAG_2026_11580,India,Data Analyst,Novice,9,2,0,0,3,13,0,0,15,10,2,54918.0,9.0
KAG_2026_11581,India,Student,Novice,1,12,0,0,0,14,6,1,5,3,0,0.0,1.0
KAG_2026_11582,India,Researcher,Expert,5,27,3,2,13,28,463,1,40,3,11,78463.0,5.0
KAG_2026_11583,USA,Data Analyst,Novice,2,3,0,0,6,4,3,1,7,3,0,70661.0,2.0
KAG_2026_11584,India,Researcher,Expert,7,23,4,5,12,25,507,1,49,2,12,92924.0,7.0
KAG_2026_11585,India,Researcher,Expert,13,29,4,4,19,32,294,1,53,4,13,110883.0,13.0
KAG_2026_11586,USA,Student,Novice,0,11,0,0,2,2,4,0,2,1,0,0.0,0.0
KAG_2026_11587,USA,Data Analyst,Novice,14,10,0,0,4,7,11,1,21,6,4,106977.0,14.0
KAG_2026_11588,Canada,Data Analyst,Novice,14,13,0,0,1,10,4,1,33,3,4,97377.0,14.0
KAG_2026_11589,USA,Data Analyst,Novice,3,12,0,0,5,16,6,0,15,5,0,82918.0,3.0
KAG_2026_11590,India,Student,Contributor,0,21,0,1,10,21,124,1,21,3,4,0.0,0.0
KAG_2026_11591,Germany,Researcher,Grandmaster,19,58,7,10,22,119,2826,1,96,11,25,211334.0,19.0
KAG_2026_11592,USA,ML Engineer,Expert,17,23,3,6,19,21,374,1,70,6,14,219657.0,17.0
KAG_2026_11593,UK,Researcher,Expert,4,21,1,6,16,28,253,1,45,10,9,119279.0,4.0
KAG_2026_11594,France,Data Analyst,Contributor,8,12,0,5,12,20,278,1,28,4,6,70568.0,8.0
KAG_2026_11595,Nigeria,Student,Expert,2,22,2,7,11,25,498,1,42,2,9,11285.0,2.0
KAG_2026_11596,Canada,Data Scientist,Expert,14,21,2,6,18,23,509,1,52,5,13,171446.0,14.0
KAG_2026_11597,France,Researcher,Expert,13,27,4,1,10,31,175,1,60,3,13,139620.0,13.0
KAG_2026_11598,USA,Student,Contributor,1,18,0,6,7,16,186,1,30,2,4,11794.0,1.0
KAG_2026_11599,USA,Data Scientist,Expert,14,30,4,9,19,29,282,1,66,6,14,211941.0,14.0
KAG_2026_11600,Canada,Researcher,Expert,21,30,4,8,15,37,369,1,72,7,16,198186.0,21.0
KAG_2026_11601,India,Data Scientist,Expert,6,20,1,8,16,31,178,1,39,8,10,87524.0,6.0
KAG_2026_11602,India,Data Analyst,Novice,9,6,0,0,9,4,3,1,15,4,2,57999.0,9.0
KAG_2026_11603,India,ML Engineer,Grandmaster,6,53,21,15,22,125,2690,1,86,8,28,115898.0,6.0
KAG_2026_11604,Nigeria,Student,Master,1,47,23,26,22,59,1165,1,70,3,23,0.0,1.0
KAG_2026_11605,UK,Data Analyst,Master,18,37,6,26,19,62,1191,1,84,4,20,125186.0,18.0
KAG_2026_11606,Brazil,Student,Novice,2,2,0,0,8,2,5,0,5,2,0,0.0,2.0
KAG_2026_11607,Germany,Data Scientist,Expert,8,33,3,8,18,32,501,1,46,7,11,125624.0,8.0
KAG_2026_11608,USA,Data Scientist,Master,6,44,12,10,20,57,1128,1,72,7,19,179897.0,6.0
KAG_2026_11609,Canada,ML Engineer,Grandmaster,6,61,23,29,29,121,2569,1,85,10,29,180894.0,6.0
KAG_2026_11610,UK,Researcher,Expert,11,30,1,9,14,34,281,1,55,11,11,156840.0,11.0
KAG_2026_11611,France,Student,Novice,0,2,0,0,6,11,7,1,14,2,0,0.0,0.0
KAG_2026_11612,USA,Researcher,Expert,6,31,1,9,14,33,443,1,47,5,10,169423.0,6.0
KAG_2026_11613,India,ML Engineer,Contributor,6,11,0,9,11,10,159,0,28,5,5,78483.0,6.0
KAG_2026_11614,India,Researcher,Grandmaster,7,55,7,11,21,128,2503,1,80,11,21,114306.0,7.0
KAG_2026_11615,India,Student,Contributor,2,16,0,5,7,8,310,0,19,2,4,8424.0,2.0
KAG_2026_11616,Germany,ML Engineer,Contributor,21,8,0,1,9,14,235,1,46,11,10,197040.0,21.0
KAG_2026_11617,USA,Data Scientist,Expert,12,29,3,1,16,39,184,1,54,8,13,202410.0,12.0
KAG_2026_11618,Germany,Researcher,Expert,9,21,1,6,15,38,525,1,53,3,11,142161.0,9.0
KAG_2026_11619,Nigeria,Researcher,Master,19,39,10,11,22,54,848,1,83,4,22,146843.0,19.0
KAG_2026_11620,France,Data Scientist,Contributor,4,10,0,5,5,19,72,1,30,11,5,108978.0,4.0
KAG_2026_11621,UK,Data Scientist,Expert,10,25,4,3,16,28,453,1,56,8,13,144168.0,10.0
KAG_2026_11622,India,Student,Contributor,1,11,0,5,12,21,160,1,25,3,4,0.0,1.0
KAG_2026_11623,Nigeria,Student,Novice,0,5,0,0,6,2,10,1,6,4,0,5109.0,0.0
KAG_2026_11624,USA,Data Scientist,Expert,4,23,1,9,15,31,293,1,37,5,9,164799.0,4.0
KAG_2026_11625,India,Data Scientist,Expert,7,23,3,2,13,36,532,1,54,3,11,87778.0,7.0
KAG_2026_11626,UK,Researcher,Grandmaster,17,59,24,19,26,121,2754,1,98,9,33,207006.0,17.0
KAG_2026_11627,India,Student,Novice,0,4,0,0,1,18,10,1,0,3,0,0.0,0.0
KAG_2026_11628,USA,Researcher,Expert,4,28,2,1,14,24,215,1,41,11,10,177635.0,4.0
KAG_2026_11629,USA,Student,Novice,0,2,0,0,3,10,11,0,3,3,0,0.0,0.0
KAG_2026_11630,UK,Data Analyst,Novice,7,3,0,0,4,20,9,1,16,2,2,68012.0,7.0
KAG_2026_11631,USA,ML Engineer,Expert,14,27,1,2,15,27,187,1,51,4,12,189323.0,14.0
KAG_2026_11632,USA,Data Analyst,Contributor,13,7,0,5,10,22,66,1,40,2,7,125829.0,13.0
KAG_2026_11633,Canada,Student,Novice,1,13,0,0,8,4,0,1,3,2,0,0.0,1.0
KAG_2026_11634,Germany,Student,Contributor,1,16,0,8,14,17,142,0,21,1,4,0.0,1.0
KAG_2026_11635,India,ML Engineer,Expert,16,20,4,3,15,39,204,1,57,7,14,113719.0,16.0
KAG_2026_11636,France,Data Scientist,Grandmaster,7,52,24,39,22,119,2728,1,93,5,30,157198.0,7.0
KAG_2026_11637,USA,ML Engineer,Contributor,13,21,0,8,7,9,67,0,47,9,7,187682.0,13.0
KAG_2026_11638,France,Data Analyst,Novice,4,5,0,0,9,19,11,0,15,2,1,58453.0,4.0
KAG_2026_11639,India,Data Analyst,Novice,19,10,0,0,3,12,4,1,34,5,5,93393.0,19.0
KAG_2026_11640,India,Student,Novice,0,8,0,0,4,3,13,0,7,4,0,0.0,0.0
KAG_2026_11641,India,ML Engineer,Expert,16,20,3,4,11,39,316,1,66,5,14,126574.0,16.0
KAG_2026_11642,Germany,ML Engineer,Expert,6,27,3,6,17,25,342,1,45,8,11,125664.0,6.0
KAG_2026_11643,USA,Researcher,Expert,7,33,3,6,15,31,261,1,44,8,11,190052.0,7.0
KAG_2026_11644,Canada,Researcher,Master,7,48,21,28,24,59,1126,1,77,7,24,157121.0,7.0
KAG_2026_11645,India,ML Engineer,Contributor,9,11,0,9,11,24,336,0,29,11,6,91683.0,9.0
KAG_2026_11646,USA,Data Analyst,Master,9,45,12,33,23,59,949,1,77,4,20,119676.0,9.0
KAG_2026_11647,Brazil,ML Engineer,Expert,18,30,2,2,17,20,427,1,65,7,14,138512.0,18.0
KAG_2026_11648,India,Student,Expert,1,28,1,2,14,26,206,1,38,1,8,0.0,1.0
KAG_2026_11649,USA,Data Analyst,Novice,18,10,0,0,3,2,6,0,35,2,5,117218.0,18.0
KAG_2026_11650,India,Researcher,Grandmaster,16,52,7,13,27,125,2621,1,99,10,24,128529.0,16.0
KAG_2026_11651,USA,Data Scientist,Expert,13,25,3,7,17,36,449,1,58,10,13,171899.0,13.0
KAG_2026_11652,Germany,ML Engineer,Contributor,11,21,0,4,13,15,84,0,35,11,7,137209.0,11.0
KAG_2026_11653,India,Student,Novice,0,2,0,0,3,4,8,0,11,2,0,0.0,0.0
KAG_2026_11654,USA,Researcher,Expert,7,26,1,2,13,20,516,1,46,7,10,180455.0,7.0
KAG_2026_11655,Nigeria,ML Engineer,Master,14,47,16,29,19,66,854,1,74,10,24,131944.0,14.0
KAG_2026_11656,Germany,Data Scientist,Expert,11,30,2,9,13,26,377,1,55,11,12,130992.0,11.0
KAG_2026_11657,Canada,Data Analyst,Expert,17,21,4,2,11,30,300,1,66,9,15,126194.0,17.0
KAG_2026_11658,UK,Data Scientist,Contributor,16,8,0,7,10,19,183,0,40,2,8,135956.0,16.0
KAG_2026_11659,Japan,Data Scientist,Grandmaster,12,60,21,38,23,113,2691,1,100,3,30,171506.0,12.0
KAG_2026_11660,Germany,ML Engineer,Master,20,47,6,31,15,57,824,1,91,4,21,177438.0,20.0
KAG_2026_11661,USA,Researcher,Expert,4,33,2,2,17,31,164,1,49,11,10,157404.0,4.0
KAG_2026_11662,India,ML Engineer,Contributor,11,12,0,7,8,23,391,0,33,3,7,97096.0,11.0
KAG_2026_11663,India,Data Analyst,Contributor,7,18,0,9,6,10,432,0,30,7,6,58144.0,7.0
KAG_2026_11664,USA,Data Scientist,Expert,20,21,1,2,11,39,256,1,66,6,14,199637.0,20.0
KAG_2026_11665,USA,Student,Contributor,1,19,0,9,9,17,237,0,21,4,4,0.0,1.0
KAG_2026_11666,India,Researcher,Master,9,49,17,28,23,65,1031,1,72,3,23,117157.0,9.0
KAG_2026_11667,India,Student,Novice,0,4,0,0,0,10,2,1,1,2,0,0.0,0.0
KAG_2026_11668,UK,Data Analyst,Grandmaster,12,58,24,23,23,119,2630,1,100,4,31,129406.0,12.0
KAG_2026_11669,USA,Data Scientist,Expert,17,31,2,3,10,28,212,1,67,7,14,209931.0,17.0
KAG_2026_11670,USA,Data Analyst,Novice,8,11,0,0,6,7,8,1,13,11,2,94125.0,8.0
KAG_2026_11671,USA,ML Engineer,Master,13,40,23,17,16,52,915,1,86,2,27,227178.0,13.0
KAG_2026_11672,Nigeria,Researcher,Master,13,48,21,31,17,68,943,1,75,2,26,119150.0,13.0
KAG_2026_11673,USA,Data Analyst,Contributor,18,16,0,4,8,20,246,1,56,9,9,124094.0,18.0
KAG_2026_11674,Brazil,ML Engineer,Contributor,5,9,0,9,6,9,156,1,31,8,5,76511.0,5.0
KAG_2026_11675,Canada,Researcher,Grandmaster,13,50,21,12,20,126,2803,1,99,9,30,204008.0,13.0
KAG_2026_11676,Canada,Student,Novice,0,6,0,0,5,10,5,1,8,3,0,0.0,0.0
KAG_2026_11677,India,Student,Contributor,1,13,0,5,7,11,398,0,22,3,4,0.0,1.0
KAG_2026_11678,Brazil,Data Scientist,Grandmaster,17,56,20,10,26,124,2839,1,100,10,31,145617.0,17.0
KAG_2026_11679,Canada,Researcher,Expert,10,23,3,6,10,24,384,1,49,11,12,154058.0,10.0
KAG_2026_11680,Germany,Researcher,Grandmaster,18,51,19,22,21,120,2676,1,100,9,30,216470.0,18.0
KAG_2026_11681,India,Researcher,Grandmaster,12,54,18,27,26,120,2745,1,97,5,28,135692.0,12.0
KAG_2026_11682,France,Data Analyst,Contributor,12,9,0,8,14,16,155,0,43,3,7,85200.0,12.0
KAG_2026_11683,USA,Student,Novice,2,11,0,0,7,2,13,1,11,3,0,0.0,2.0
KAG_2026_11684,UK,Researcher,Master,8,37,14,34,15,61,911,1,70,3,21,158750.0,8.0
KAG_2026_11685,Germany,Researcher,Expert,18,27,4,5,11,26,420,1,70,11,15,173495.0,18.0
KAG_2026_11686,USA,Data Scientist,Expert,7,31,1,7,11,22,173,1,52,8,10,157787.0,7.0
KAG_2026_11687,UK,Data Scientist,Grandmaster,8,62,17,36,28,111,2746,1,94,7,26,149858.0,8.0
KAG_2026_11688,India,Data Analyst,Novice,3,11,0,0,4,16,9,0,5,10,0,32947.0,3.0
KAG_2026_11689,UK,Researcher,Expert,6,31,3,5,10,37,229,1,51,5,11,129628.0,6.0
KAG_2026_11690,UK,ML Engineer,Contributor,13,13,0,1,11,10,411,1,45,3,7,152642.0,13.0
KAG_2026_11691,Brazil,Data Analyst,Contributor,16,13,0,7,8,5,113,0,52,4,8,88937.0,16.0
KAG_2026_11692,Canada,ML Engineer,Expert,20,27,2,6,10,39,330,1,62,3,15,202030.0,20.0
KAG_2026_11693,UK,Data Analyst,Contributor,9,12,0,1,10,15,66,1,29,10,6,78526.0,9.0
KAG_2026_11694,Germany,Data Analyst,Novice,16,12,0,0,2,4,0,1,24,6,4,111261.0,16.0
KAG_2026_11695,USA,Student,Novice,1,8,0,0,3,9,12,1,2,2,0,0.0,1.0
KAG_2026_11696,Canada,Researcher,Expert,20,32,4,9,18,31,459,1,75,10,16,200094.0,20.0
KAG_2026_11697,India,ML Engineer,Contributor,5,10,0,5,7,16,232,1,26,5,5,76596.0,5.0
KAG_2026_11698,USA,Researcher,Master,8,39,17,34,17,54,891,1,67,2,22,184410.0,8.0
KAG_2026_11699,Germany,Student,Master,1,46,14,38,16,68,919,1,53,1,19,0.0,1.0
KAG_2026_11700,India,ML Engineer,Expert,6,23,4,2,19,39,456,1,50,4,11,90640.0,6.0
KAG_2026_11701,India,Data Scientist,Expert,13,32,3,8,17,22,283,1,63,11,13,121149.0,13.0
KAG_2026_11702,USA,Data Analyst,Contributor,9,20,0,5,12,24,398,1,41,5,6,100086.0,9.0
KAG_2026_11703,Japan,Student,Novice,0,5,0,0,2,6,11,1,7,1,0,0.0,0.0
KAG_2026_11704,UK,Researcher,Expert,9,21,3,4,12,38,316,1,52,7,12,135483.0,9.0
KAG_2026_11705,USA,Data Scientist,Expert,18,29,2,5,13,36,359,1,60,8,14,223105.0,18.0
KAG_2026_11706,Nigeria,Data Analyst,Novice,7,6,0,0,4,19,10,1,16,4,2,43166.0,7.0
KAG_2026_11707,India,Researcher,Master,6,40,23,27,23,68,850,1,66,4,25,109010.0,6.0
KAG_2026_11708,India,ML Engineer,Contributor,10,9,0,1,7,22,188,0,37,10,7,86273.0,10.0
KAG_2026_11709,India,Researcher,Expert,17,21,2,9,11,39,529,1,68,11,14,117504.0,17.0
KAG_2026_11710,Germany,ML Engineer,Contributor,9,10,0,5,5,9,296,0,37,2,6,144134.0,9.0
KAG_2026_11711,UK,Data Scientist,Contributor,20,18,0,3,11,8,120,1,56,11,10,154075.0,20.0
KAG_2026_11712,USA,Researcher,Expert,10,34,3,8,10,24,421,1,46,3,12,190531.0,10.0
KAG_2026_11713,USA,ML Engineer,Master,14,44,18,39,21,62,893,1,77,2,25,198429.0,14.0
KAG_2026_11714,France,Data Scientist,Master,10,43,15,30,17,51,895,1,74,8,22,141835.0,10.0
KAG_2026_11715,India,ML Engineer,Expert,13,20,3,7,16,34,265,1,56,3,13,125979.0,13.0
KAG_2026_11716,USA,Data Scientist,Master,5,47,11,23,21,51,1097,1,66,11,19,181628.0,5.0
KAG_2026_11717,India,Student,Novice,2,13,0,0,5,20,3,1,13,4,0,0.0,2.0
KAG_2026_11718,Germany,Data Analyst,Contributor,20,10,0,4,9,22,379,1,59,3,10,113192.0,20.0
KAG_2026_11719,USA,Student,Novice,0,11,0,0,9,15,9,0,11,4,0,0.0,0.0
KAG_2026_11720,France,Data Analyst,Novice,2,5,0,0,6,5,11,1,14,7,0,48307.0,2.0
KAG_2026_11721,Canada,Student,Contributor,2,14,0,5,6,7,350,0,31,3,4,0.0,2.0
KAG_2026_11722,France,Data Analyst,Novice,13,7,0,0,4,16,14,0,30,5,3,95244.0,13.0
KAG_2026_11723,USA,Data Analyst,Novice,15,4,0,0,5,3,0,1,36,10,4,122940.0,15.0
KAG_2026_11724,India,ML Engineer,Expert,4,29,2,7,13,34,201,1,41,7,10,77041.0,4.0
KAG_2026_11725,USA,Data Analyst,Expert,19,33,2,5,10,24,447,1,63,2,14,138729.0,19.0
KAG_2026_11726,USA,Researcher,Master,21,46,9,19,15,51,1056,1,90,5,22,249103.0,21.0
KAG_2026_11727,USA,Data Analyst,Expert,19,27,4,7,15,37,366,1,65,7,15,150530.0,19.0
KAG_2026_11728,India,Student,Novice,1,11,0,0,2,17,10,1,9,3,0,0.0,1.0
KAG_2026_11729,France,Researcher,Expert,20,23,3,8,17,36,275,1,66,3,15,178614.0,20.0
KAG_2026_11730,USA,Data Scientist,Master,7,39,20,21,22,61,841,1,75,10,24,180360.0,7.0
KAG_2026_11731,Germany,ML Engineer,Grandmaster,21,51,8,27,29,123,2614,1,100,6,26,216813.0,21.0
KAG_2026_11732,India,Data Analyst,Novice,13,6,0,0,2,2,9,1,25,6,3,67142.0,13.0
KAG_2026_11733,Spain,ML Engineer,Expert,11,20,4,8,17,38,269,1,55,4,13,141657.0,11.0
KAG_2026_11734,USA,Data Analyst,Contributor,18,19,0,1,12,11,228,1,48,5,9,137791.0,18.0
KAG_2026_11735,France,Data Analyst,Master,18,38,20,18,18,68,967,1,92,11,27,134866.0,18.0
KAG_2026_11736,Spain,Data Scientist,Grandmaster,11,52,18,25,28,119,2591,1,92,9,28,143613.0,11.0
KAG_2026_11737,Nigeria,ML Engineer,Contributor,17,8,0,4,10,5,328,0,41,4,9,118444.0,17.0
KAG_2026_11738,India,Student,Expert,1,31,4,8,16,37,313,1,46,4,10,0.0,1.0
KAG_2026_11739,India,Student,Contributor,2,16,0,1,6,17,405,1,27,3,4,0.0,2.0
KAG_2026_11740,Germany,ML Engineer,Expert,19,32,2,8,17,21,154,1,63,10,14,173249.0,19.0
KAG_2026_11741,UK,Data Analyst,Contributor,15,20,0,9,6,21,85,1,48,4,8,107629.0,15.0
KAG_2026_11742,Brazil,ML Engineer,Expert,20,30,1,4,18,37,518,1,71,3,14,136048.0,20.0
KAG_2026_11743,UK,ML Engineer,Master,19,46,19,18,19,68,1039,1,95,2,27,196712.0,19.0
KAG_2026_11744,Spain,Researcher,Expert,20,26,1,5,14,36,500,1,61,6,14,154631.0,20.0
KAG_2026_11745,Canada,Data Analyst,Novice,12,7,0,0,7,2,2,1,23,11,3,92009.0,12.0
KAG_2026_11746,Brazil,Data Scientist,Expert,19,26,4,9,12,34,249,1,68,9,15,137307.0,19.0
KAG_2026_11747,Spain,Student,Contributor,2,16,0,2,14,14,191,1,19,3,4,0.0,2.0
KAG_2026_11748,USA,Data Analyst,Novice,16,3,0,0,5,13,6,1,30,6,4,118642.0,16.0
KAG_2026_11749,USA,Student,Expert,1,31,3,1,13,24,217,1,42,1,9,0.0,1.0
KAG_2026_11750,Brazil,Data Analyst,Novice,9,9,0,0,1,18,11,1,21,2,2,56044.0,9.0
KAG_2026_11751,Spain,Data Scientist,Expert,11,32,1,1,12,36,251,1,52,4,11,124824.0,11.0
KAG_2026_11752,Japan,Data Analyst,Novice,11,12,0,0,4,10,6,1,21,7,3,77554.0,11.0
KAG_2026_11753,Japan,ML Engineer,Expert,19,21,1,5,16,28,535,1,61,7,14,161442.0,19.0
KAG_2026_11754,India,Data Analyst,Novice,6,11,0,0,1,2,2,0,9,6,1,49201.0,6.0
KAG_2026_11755,USA,Data Scientist,Contributor,18,7,0,2,5,10,320,1,51,10,9,179719.0,18.0
KAG_2026_11756,USA,Data Analyst,Novice,4,14,0,0,1,1,4,1,14,9,1,80098.0,4.0
KAG_2026_11757,India,ML Engineer,Expert,13,21,4,5,12,20,178,1,56,2,13,125870.0,13.0
KAG_2026_11758,India,Researcher,Master,19,41,24,29,18,64,1052,1,85,3,29,142353.0,19.0
KAG_2026_11759,USA,Student,Novice,1,5,0,0,3,6,6,1,10,3,0,0.0,1.0
KAG_2026_11760,India,ML Engineer,Expert,7,22,3,5,17,25,531,1,49,11,11,95669.0,7.0
KAG_2026_11761,USA,Data Analyst,Novice,16,13,0,0,9,3,3,1,27,10,4,116997.0,16.0
KAG_2026_11762,Nigeria,Data Analyst,Novice,17,6,0,0,1,10,14,1,29,10,5,76234.0,17.0
KAG_2026_11763,Brazil,Student,Contributor,0,9,0,5,5,5,438,0,24,4,4,0.0,0.0
KAG_2026_11764,India,ML Engineer,Master,10,43,10,39,15,67,1126,1,76,2,20,121003.0,10.0
KAG_2026_11765,Canada,ML Engineer,Expert,15,26,2,6,16,24,294,1,57,6,13,169699.0,15.0
KAG_2026_11766,India,Researcher,Expert,19,29,1,3,13,21,397,1,70,5,14,127501.0,19.0
KAG_2026_11767,USA,Data Scientist,Contributor,7,7,0,4,9,7,383,0,31,10,6,169089.0,7.0
KAG_2026_11768,India,Researcher,Master,5,40,23,30,18,52,903,1,75,2,25,109732.0,5.0
KAG_2026_11769,USA,Student,Novice,1,4,0,0,5,7,5,0,4,2,0,0.0,1.0
KAG_2026_11770,USA,Researcher,Master,6,49,14,11,20,64,993,1,74,11,20,200835.0,6.0
KAG_2026_11771,India,Data Analyst,Novice,11,7,0,0,0,12,4,0,29,7,3,62089.0,11.0
KAG_2026_11772,USA,Student,Contributor,0,19,0,1,7,13,151,0,26,2,4,0.0,0.0
KAG_2026_11773,France,Data Scientist,Contributor,19,13,0,5,12,6,163,1,53,8,9,138230.0,19.0
KAG_2026_11774,India,Student,Novice,2,12,0,0,1,13,13,0,4,4,0,0.0,2.0
KAG_2026_11775,Spain,Data Scientist,Expert,7,29,4,1,13,36,348,1,47,10,12,109936.0,7.0
KAG_2026_11776,USA,Student,Novice,1,2,0,0,2,19,1,1,4,3,0,12228.0,1.0
KAG_2026_11777,India,ML Engineer,Contributor,11,17,0,6,10,14,357,0,33,3,7,93091.0,11.0
KAG_2026_11778,India,Researcher,Master,18,46,15,35,20,66,950,1,89,9,24,151744.0,18.0
KAG_2026_11779,India,Data Scientist,Contributor,17,21,0,1,6,22,196,1,45,8,9,123289.0,17.0
KAG_2026_11780,India,ML Engineer,Expert,14,25,1,6,18,21,426,1,60,7,12,108347.0,14.0
KAG_2026_11781,USA,Researcher,Master,10,46,12,18,16,61,915,1,76,5,21,213441.0,10.0
KAG_2026_11782,USA,Student,Expert,0,26,3,9,10,22,236,1,32,1,9,8452.0,0.0
KAG_2026_11783,USA,Data Analyst,Novice,3,2,0,0,7,14,8,1,4,4,0,80581.0,3.0
KAG_2026_11784,Canada,Data Scientist,Expert,13,22,2,4,16,30,387,1,56,6,12,154080.0,13.0
KAG_2026_11785,Germany,Data Scientist,Contributor,20,8,0,1,8,17,439,1,48,5,10,169592.0,20.0
KAG_2026_11786,India,ML Engineer,Grandmaster,7,50,11,13,20,124,2503,1,79,4,23,120501.0,7.0
KAG_2026_11787,Brazil,Data Analyst,Master,14,41,19,31,15,68,879,1,77,4,25,98200.0,14.0
KAG_2026_11788,Germany,Student,Contributor,1,13,0,8,7,22,64,0,28,4,4,0.0,1.0
KAG_2026_11789,USA,Data Scientist,Contributor,3,17,0,9,7,15,241,1,29,4,4,151477.0,3.0
KAG_2026_11790,Japan,Researcher,Master,19,43,12,30,17,61,832,1,90,3,23,173995.0,19.0
KAG_2026_11791,India,Student,Contributor,1,10,0,3,9,15,152,1,29,4,4,0.0,1.0
KAG_2026_11792,India,Data Scientist,Contributor,4,18,0,7,7,9,385,1,27,4,5,70338.0,4.0
KAG_2026_11793,UK,ML Engineer,Expert,12,33,4,4,15,30,537,1,56,3,13,154064.0,12.0
KAG_2026_11794,Germany,Student,Contributor,1,14,0,5,14,23,413,1,26,4,4,0.0,1.0
KAG_2026_11795,France,Researcher,Master,20,37,24,17,20,57,807,1,99,8,30,185239.0,20.0
KAG_2026_11796,India,Data Scientist,Contributor,5,20,0,8,9,12,343,1,26,3,5,70663.0,5.0
KAG_2026_11797,Spain,ML Engineer,Master,18,35,12,11,18,68,964,1,88,10,23,182721.0,18.0
KAG_2026_11798,India,Student,Novice,2,11,0,0,5,9,14,0,6,3,0,0.0,2.0
KAG_2026_11799,USA,Researcher,Expert,8,20,4,4,18,35,458,1,48,6,12,194049.0,8.0
KAG_2026_11800,USA,Student,Novice,2,14,0,0,3,15,11,0,15,2,0,0.0,2.0
KAG_2026_11801,India,Student,Novice,1,13,0,0,2,2,1,1,14,1,0,0.0,1.0
KAG_2026_11802,India,Data Scientist,Expert,12,25,4,2,16,28,313,1,56,9,13,111253.0,12.0
KAG_2026_11803,Spain,ML Engineer,Master,14,49,19,12,15,50,1127,1,79,9,25,165073.0,14.0
KAG_2026_11804,Nigeria,ML Engineer,Grandmaster,19,55,6,23,27,112,2792,1,94,7,24,136213.0,19.0
KAG_2026_11805,USA,Researcher,Master,20,41,20,33,19,68,1047,1,98,3,28,221649.0,20.0
KAG_2026_11806,Japan,Student,Contributor,0,11,0,6,10,17,84,1,27,3,4,0.0,0.0
KAG_2026_11807,UK,Student,Master,0,38,8,12,22,62,1176,1,56,4,16,0.0,0.0
KAG_2026_11808,USA,ML Engineer,Grandmaster,9,50,11,23,25,125,2511,1,80,10,24,190753.0,9.0
KAG_2026_11809,USA,Student,Grandmaster,2,54,7,21,26,110,2815,1,80,4,20,0.0,2.0
KAG_2026_11810,USA,Data Scientist,Expert,16,23,2,3,19,31,536,1,66,4,13,218509.0,16.0
KAG_2026_11811,France,Student,Novice,0,3,0,0,2,12,4,1,0,1,0,0.0,0.0
KAG_2026_11812,UK,Data Analyst,Contributor,11,12,0,9,10,17,380,0,37,4,7,95296.0,11.0
KAG_2026_11813,UK,Student,Novice,0,12,0,0,1,13,8,0,6,4,0,0.0,0.0
KAG_2026_11814,USA,ML Engineer,Expert,4,31,4,4,10,22,311,1,50,5,11,163706.0,4.0
KAG_2026_11815,Germany,Student,Novice,0,2,0,0,0,2,1,0,6,2,0,10930.0,0.0
KAG_2026_11816,India,ML Engineer,Contributor,19,18,0,6,14,22,274,1,51,3,9,121345.0,19.0
KAG_2026_11817,India,Student,Novice,0,3,0,0,7,13,14,0,1,2,0,0.0,0.0
KAG_2026_11818,USA,Researcher,Master,7,41,7,28,16,58,1001,1,68,4,17,170644.0,7.0
KAG_2026_11819,India,Data Scientist,Contributor,3,17,0,3,10,8,293,1,22,4,4,71296.0,3.0
KAG_2026_11820,India,Researcher,Grandmaster,15,52,11,36,27,126,2649,1,96,8,26,140383.0,15.0
KAG_2026_11821,India,Data Analyst,Novice,3,4,0,0,9,10,3,0,9,11,0,33751.0,3.0
KAG_2026_11822,Brazil,Researcher,Expert,15,31,4,9,14,20,495,1,64,9,14,121313.0,15.0
KAG_2026_11823,India,ML Engineer,Contributor,19,10,0,6,6,19,416,0,46,9,9,130235.0,19.0
KAG_2026_11824,Germany,Student,Novice,2,2,0,0,1,7,5,1,4,3,0,0.0,2.0
KAG_2026_11825,France,Student,Contributor,2,9,0,9,10,13,322,0,18,4,4,0.0,2.0
KAG_2026_11826,India,Data Analyst,Novice,7,12,0,0,8,13,12,1,10,4,2,50931.0,7.0
KAG_2026_11827,Nigeria,Researcher,Expert,16,33,3,9,19,33,476,1,63,6,14,115309.0,16.0
KAG_2026_11828,Canada,Data Analyst,Novice,13,14,0,0,9,3,0,1,28,10,3,98085.0,13.0
KAG_2026_11829,USA,Student,Novice,2,4,0,0,2,4,10,1,9,2,0,0.0,2.0
KAG_2026_11830,Germany,ML Engineer,Contributor,18,8,0,4,14,24,271,1,55,2,9,178805.0,18.0
KAG_2026_11831,Spain,ML Engineer,Master,7,45,24,11,18,65,1016,1,78,5,26,148337.0,7.0
KAG_2026_11832,Brazil,Student,Novice,0,5,0,0,5,12,0,1,8,2,0,0.0,0.0
KAG_2026_11833,Nigeria,ML Engineer,Contributor,21,11,0,1,13,24,99,0,47,6,10,127849.0,21.0
KAG_2026_11834,France,Data Analyst,Novice,17,10,0,0,1,1,7,1,30,10,5,93775.0,17.0
KAG_2026_11835,USA,Student,Novice,2,11,0,0,4,13,1,1,15,3,0,0.0,2.0
KAG_2026_11836,UK,Researcher,Expert,11,31,2,4,13,30,488,1,59,4,12,142028.0,11.0
KAG_2026_11837,France,Data Analyst,Master,13,45,13,18,16,51,1192,1,83,10,22,115686.0,13.0
KAG_2026_11838,Nigeria,Student,Contributor,2,9,0,1,8,24,402,1,24,2,4,0.0,2.0
KAG_2026_11839,France,Data Analyst,Expert,8,32,4,5,11,33,428,1,47,9,12,82072.0,8.0
KAG_2026_11840,Germany,Researcher,Grandmaster,19,62,20,16,22,117,2560,1,100,3,31,198181.0,19.0
KAG_2026_11841,UK,Student,Novice,1,12,0,0,3,13,0,1,5,2,0,0.0,1.0
KAG_2026_11842,France,ML Engineer,Expert,16,20,4,9,10,27,267,1,70,7,14,158991.0,16.0
KAG_2026_11843,Japan,Student,Expert,2,33,1,8,12,29,447,1,47,3,9,0.0,2.0
KAG_2026_11844,India,Data Scientist,Grandmaster,21,57,23,25,27,121,2883,1,100,8,33,177484.0,21.0
KAG_2026_11845,USA,ML Engineer,Expert,20,27,2,6,15,26,548,1,65,6,15,211085.0,20.0
KAG_2026_11846,USA,Data Analyst,Contributor,16,9,0,1,5,7,357,1,42,7,8,132345.0,16.0
KAG_2026_11847,Japan,Researcher,Master,13,36,8,22,22,62,842,1,74,8,19,148148.0,13.0
KAG_2026_11848,India,ML Engineer,Expert,18,21,3,9,18,28,320,1,62,7,14,137550.0,18.0
KAG_2026_11849,USA,Researcher,Expert,21,31,4,3,14,39,385,1,65,9,16,214512.0,21.0
KAG_2026_11850,Canada,Data Scientist,Contributor,10,18,0,2,7,16,233,1,42,10,7,126566.0,10.0
KAG_2026_11851,India,Researcher,Expert,10,34,1,3,11,34,506,1,59,8,11,99058.0,10.0
KAG_2026_11852,France,Researcher,Master,8,47,6,24,18,59,1048,1,73,8,17,128204.0,8.0
KAG_2026_11853,Brazil,Data Analyst,Master,10,38,17,23,17,68,1095,1,77,11,23,81061.0,10.0
KAG_2026_11854,USA,Data Scientist,Expert,7,21,2,8,12,31,436,1,47,5,11,173919.0,7.0
KAG_2026_11855,India,Researcher,Grandmaster,18,62,23,37,23,124,2666,1,100,4,32,146377.0,18.0
KAG_2026_11856,Japan,ML Engineer,Contributor,13,7,0,1,14,20,409,0,47,2,7,156557.0,13.0
KAG_2026_11857,Spain,ML Engineer,Expert,20,30,1,7,15,38,450,1,66,7,14,168955.0,20.0
KAG_2026_11858,India,Data Scientist,Expert,18,26,4,7,10,39,277,1,73,4,15,129545.0,18.0
KAG_2026_11859,Canada,ML Engineer,Contributor,16,17,0,4,11,5,56,1,40,8,8,162802.0,16.0
KAG_2026_11860,India,Researcher,Master,7,44,7,10,17,58,820,1,60,8,17,107815.0,7.0
KAG_2026_11861,USA,Data Scientist,Contributor,16,13,0,8,12,11,405,1,51,11,8,192975.0,16.0
KAG_2026_11862,USA,Student,Novice,0,10,0,0,3,7,1,1,1,2,0,0.0,0.0
KAG_2026_11863,Nigeria,Data Scientist,Contributor,7,21,0,2,8,6,120,0,28,10,6,76106.0,7.0
KAG_2026_11864,Nigeria,Data Scientist,Expert,13,21,1,8,10,22,329,1,52,7,12,90925.0,13.0
KAG_2026_11865,Brazil,ML Engineer,Contributor,17,19,0,6,12,13,264,0,52,4,9,109307.0,17.0
KAG_2026_11866,Japan,Researcher,Master,21,38,11,31,19,50,1133,1,92,2,23,172997.0,21.0
KAG_2026_11867,Brazil,Data Scientist,Master,19,45,23,34,23,56,1018,1,99,3,29,155124.0,19.0
KAG_2026_11868,UK,Student,Novice,1,11,0,0,1,4,7,1,11,4,0,0.0,1.0
KAG_2026_11869,USA,Data Analyst,Contributor,20,16,0,8,7,16,437,0,55,3,10,131927.0,20.0
KAG_2026_11870,Nigeria,ML Engineer,Grandmaster,13,61,9,35,21,112,2567,1,88,7,24,131592.0,13.0
KAG_2026_11871,India,ML Engineer,Contributor,11,7,0,1,12,16,154,1,34,11,7,91856.0,11.0
KAG_2026_11872,India,Student,Expert,2,32,1,4,12,36,426,1,41,2,9,0.0,2.0
KAG_2026_11873,Nigeria,Student,Contributor,2,20,0,8,12,19,382,1,30,2,4,0.0,2.0
KAG_2026_11874,Brazil,Data Scientist,Expert,11,34,3,1,19,30,544,1,51,9,12,88854.0,11.0
KAG_2026_11875,Canada,ML Engineer,Contributor,15,15,0,2,10,16,191,1,44,5,8,166468.0,15.0
KAG_2026_11876,USA,Data Scientist,Expert,5,32,4,3,13,25,184,1,53,2,11,165090.0,5.0
KAG_2026_11877,UK,Data Analyst,Novice,8,6,0,0,1,14,7,0,21,8,2,76266.0,8.0
KAG_2026_11878,Canada,Student,Novice,1,8,0,0,5,15,6,0,10,2,0,0.0,1.0
KAG_2026_11879,UK,Data Analyst,Contributor,9,21,0,3,6,18,100,0,40,8,6,78026.0,9.0
KAG_2026_11880,Japan,ML Engineer,Master,10,39,15,23,20,50,889,1,69,8,22,158258.0,10.0
KAG_2026_11881,USA,Data Scientist,Contributor,14,17,0,6,11,13,264,0,45,8,8,182789.0,14.0
KAG_2026_11882,UK,Researcher,Expert,16,25,1,7,15,30,296,1,55,3,13,147530.0,16.0
KAG_2026_11883,India,Student,Novice,0,8,0,0,2,6,6,1,3,4,0,0.0,0.0
KAG_2026_11884,India,Data Analyst,Novice,16,2,0,0,3,2,6,0,38,7,4,85824.0,16.0
KAG_2026_11885,Brazil,Data Scientist,Master,12,47,10,24,19,57,842,1,81,6,20,122463.0,12.0
KAG_2026_11886,India,Student,Contributor,2,15,0,7,7,19,381,1,32,4,4,0.0,2.0
KAG_2026_11887,USA,Data Analyst,Novice,12,11,0,0,4,2,8,0,21,8,3,111456.0,12.0
KAG_2026_11888,Spain,Student,Novice,2,12,0,0,1,5,6,1,7,3,0,0.0,2.0
KAG_2026_11889,UK,Data Scientist,Expert,20,29,3,1,12,21,477,1,72,11,15,181453.0,20.0
KAG_2026_11890,UK,Data Scientist,Master,21,48,18,14,16,53,817,1,92,11,27,196755.0,21.0
KAG_2026_11891,India,Data Analyst,Novice,17,13,0,0,0,4,7,1,36,6,5,81652.0,17.0
KAG_2026_11892,USA,ML Engineer,Expert,7,34,3,4,15,34,153,1,49,11,11,188702.0,7.0
KAG_2026_11893,India,Student,Novice,1,2,0,0,2,5,11,0,4,1,0,0.0,1.0
KAG_2026_11894,USA,Researcher,Grandmaster,10,62,22,23,21,114,2820,1,89,7,30,217293.0,10.0
KAG_2026_11895,USA,Data Analyst,Novice,13,4,0,0,6,15,5,1,26,7,3,121973.0,13.0
KAG_2026_11896,India,ML Engineer,Expert,6,34,4,2,17,26,496,1,55,8,11,98178.0,6.0
KAG_2026_11897,India,Data Analyst,Novice,14,13,0,0,9,19,13,1,22,4,4,80001.0,14.0
KAG_2026_11898,USA,Data Analyst,Expert,4,24,2,9,19,36,257,1,49,4,10,100130.0,4.0
KAG_2026_11899,Germany,ML Engineer,Expert,21,30,4,9,13,31,515,1,68,7,16,183728.0,21.0
KAG_2026_11900,USA,ML Engineer,Contributor,9,8,0,2,9,23,284,1,37,9,6,186229.0,9.0
KAG_2026_11901,USA,ML Engineer,Contributor,16,21,0,2,6,21,107,1,43,3,8,199789.0,16.0
KAG_2026_11902,India,Data Scientist,Expert,21,31,3,9,12,39,378,1,73,6,15,125834.0,21.0
KAG_2026_11903,Nigeria,Data Analyst,Master,5,38,22,32,15,63,1198,1,72,8,24,72458.0,5.0
KAG_2026_11904,Germany,Researcher,Master,19,42,22,37,16,60,872,1,98,2,28,193259.0,19.0
KAG_2026_11905,Germany,Data Scientist,Master,8,35,13,26,16,68,1091,1,76,5,20,159628.0,8.0
KAG_2026_11906,USA,ML Engineer,Expert,19,30,4,8,16,30,207,1,70,6,15,217363.0,19.0
KAG_2026_11907,India,ML Engineer,Grandmaster,11,57,9,15,20,124,2760,1,83,3,23,128313.0,11.0
KAG_2026_11908,Canada,Researcher,Master,9,38,15,12,16,59,910,1,68,8,22,170134.0,9.0
KAG_2026_11909,USA,ML Engineer,Master,9,48,11,21,17,52,1084,1,69,8,20,196991.0,9.0
KAG_2026_11910,France,Data Scientist,Contributor,11,8,0,6,13,20,82,0,43,9,7,113723.0,11.0
KAG_2026_11911,Brazil,Student,Novice,0,3,0,0,0,19,1,1,11,2,0,0.0,0.0
KAG_2026_11912,Canada,ML Engineer,Contributor,8,18,0,7,8,11,341,1,31,8,6,146099.0,8.0
KAG_2026_11913,USA,Data Analyst,Novice,10,4,0,0,4,20,6,1,27,11,3,103553.0,10.0
KAG_2026_11914,USA,ML Engineer,Expert,9,20,3,9,16,34,280,1,53,11,12,172979.0,9.0
KAG_2026_11915,India,Student,Contributor,2,10,0,1,10,24,58,1,27,4,4,0.0,2.0
KAG_2026_11916,India,ML Engineer,Contributor,21,11,0,8,10,18,92,0,60,6,10,131025.0,21.0
KAG_2026_11917,India,ML Engineer,Grandmaster,12,61,5,34,23,117,2874,1,94,2,22,137844.0,12.0
KAG_2026_11918,Canada,Researcher,Grandmaster,19,60,19,36,26,124,2896,1,100,3,31,206905.0,19.0
KAG_2026_11919,Germany,Data Analyst,Novice,15,6,0,0,0,8,6,0,23,6,4,101719.0,15.0
KAG_2026_11920,Brazil,ML Engineer,Contributor,13,20,0,8,9,18,408,0,38,10,7,93927.0,13.0
KAG_2026_11921,India,Researcher,Expert,13,26,2,4,12,25,439,1,62,11,12,115091.0,13.0
KAG_2026_11922,India,Researcher,Master,17,38,13,18,22,57,989,1,90,2,23,144755.0,17.0
KAG_2026_11923,Spain,Researcher,Expert,4,33,1,8,17,22,234,1,50,2,9,105063.0,4.0
KAG_2026_11924,USA,ML Engineer,Contributor,12,13,0,1,9,8,419,1,33,6,7,180130.0,12.0
KAG_2026_11925,Nigeria,Researcher,Expert,10,27,2,4,11,28,368,1,57,6,12,98791.0,10.0
KAG_2026_11926,USA,Researcher,Grandmaster,16,61,21,28,27,113,2741,1,95,4,31,217172.0,16.0
KAG_2026_11927,Canada,Researcher,Master,18,46,8,27,15,63,841,1,81,8,21,190291.0,18.0
KAG_2026_11928,India,Data Scientist,Master,11,42,11,19,22,57,1003,1,67,10,20,104375.0,11.0
KAG_2026_11929,USA,Student,Novice,2,9,0,0,9,7,4,1,15,2,0,0.0,2.0
KAG_2026_11930,USA,Student,Expert,2,21,2,4,13,21,256,1,35,2,9,0.0,2.0
KAG_2026_11931,Japan,Researcher,Master,16,38,9,37,19,52,1032,1,86,3,21,181695.0,16.0
KAG_2026_11932,USA,ML Engineer,Expert,12,20,3,9,16,34,538,1,55,2,13,205799.0,12.0
KAG_2026_11933,Nigeria,ML Engineer,Expert,5,23,4,8,16,33,464,1,46,9,11,71085.0,5.0
KAG_2026_11934,USA,Student,Expert,1,20,2,5,16,22,202,1,40,1,9,0.0,1.0
KAG_2026_11935,USA,Data Analyst,Novice,20,8,0,0,9,4,0,0,30,8,6,146595.0,20.0
KAG_2026_11936,India,Researcher,Expert,5,27,1,5,18,28,198,1,39,5,10,80033.0,5.0
KAG_2026_11937,Brazil,Student,Novice,1,2,0,0,2,20,3,0,5,4,0,0.0,1.0
KAG_2026_11938,UK,Data Analyst,Grandmaster,21,59,6,33,24,117,2758,1,100,2,25,168936.0,21.0
KAG_2026_11939,UK,Data Scientist,Expert,18,29,2,8,16,20,445,1,66,7,14,159793.0,18.0
KAG_2026_11940,India,Data Analyst,Contributor,18,19,0,5,5,8,417,1,45,7,9,103317.0,18.0
KAG_2026_11941,India,ML Engineer,Contributor,10,14,0,1,9,17,326,0,40,6,7,86355.0,10.0
KAG_2026_11942,Spain,Data Scientist,Contributor,11,16,0,5,7,23,435,0,34,8,7,116395.0,11.0
KAG_2026_11943,USA,Data Analyst,Novice,11,9,0,0,6,12,9,1,26,3,3,96823.0,11.0
KAG_2026_11944,Brazil,Researcher,Expert,9,34,3,4,11,38,311,1,45,7,12,100269.0,9.0
KAG_2026_11945,Brazil,Student,Novice,2,9,0,0,6,2,7,0,8,4,0,0.0,2.0
KAG_2026_11946,Canada,Data Analyst,Novice,21,9,0,0,9,14,8,1,32,5,6,116256.0,21.0
KAG_2026_11947,India,Student,Expert,1,31,4,6,14,35,477,1,34,3,10,0.0,1.0
KAG_2026_11948,Germany,Data Scientist,Contributor,15,13,0,5,6,18,382,1,47,10,8,136527.0,15.0
KAG_2026_11949,Canada,Researcher,Expert,16,22,3,3,17,23,535,1,67,5,14,187914.0,16.0
KAG_2026_11950,India,Student,Novice,1,11,0,0,9,5,3,1,9,4,0,0.0,1.0
KAG_2026_11951,India,Data Scientist,Expert,18,25,4,5,16,24,444,1,67,9,15,138796.0,18.0
KAG_2026_11952,India,Researcher,Expert,5,21,2,8,14,21,492,1,44,2,10,87183.0,5.0
KAG_2026_11953,Japan,ML Engineer,Master,12,44,15,23,17,66,1163,1,76,3,23,158871.0,12.0
KAG_2026_11954,USA,Data Scientist,Master,12,40,24,15,23,54,816,1,82,8,27,188695.0,12.0
KAG_2026_11955,USA,Data Analyst,Expert,21,28,2,6,17,24,395,1,66,5,15,142313.0,21.0
KAG_2026_11956,India,ML Engineer,Grandmaster,17,55,11,25,20,110,2598,1,92,2,26,158733.0,17.0
KAG_2026_11957,India,Researcher,Grandmaster,6,61,18,39,28,114,2715,1,88,7,26,106041.0,6.0
KAG_2026_11958,Germany,Data Scientist,Contributor,9,15,0,4,6,9,151,0,41,7,6,127829.0,9.0
KAG_2026_11959,Germany,ML Engineer,Contributor,20,13,0,4,8,17,46,0,57,5,10,190381.0,20.0
KAG_2026_11960,Germany,Researcher,Expert,19,28,1,4,19,34,277,1,69,4,14,185948.0,19.0
KAG_2026_11961,UK,Data Scientist,Expert,12,26,4,3,14,32,305,1,50,7,13,148853.0,12.0
KAG_2026_11962,USA,Student,Novice,2,11,0,0,7,8,6,1,4,4,0,9978.0,2.0
KAG_2026_11963,Spain,Student,Novice,1,13,0,0,8,5,11,0,1,4,0,0.0,1.0
KAG_2026_11964,India,Researcher,Master,19,42,6,16,21,67,1087,1,82,11,20,140886.0,19.0
KAG_2026_11965,Brazil,Student,Contributor,1,15,0,3,5,19,54,1,29,2,4,0.0,1.0
KAG_2026_11966,USA,Student,Contributor,2,18,0,1,14,16,343,1,26,3,4,0.0,2.0
KAG_2026_11967,Canada,Researcher,Expert,8,33,4,9,10,35,320,1,44,6,12,137407.0,8.0
KAG_2026_11968,Germany,Data Analyst,Contributor,7,19,0,8,12,9,262,1,26,5,6,75276.0,7.0
KAG_2026_11969,USA,Data Analyst,Novice,6,2,0,0,8,8,11,1,13,2,1,85049.0,6.0
KAG_2026_11970,Japan,ML Engineer,Expert,9,33,2,4,14,28,157,1,46,4,11,138500.0,9.0
KAG_2026_11971,India,Data Scientist,Contributor,15,7,0,4,6,9,213,0,50,2,8,97187.0,15.0
KAG_2026_11972,India,Researcher,Expert,10,34,1,5,11,36,417,1,52,4,11,105365.0,10.0
KAG_2026_11973,Canada,Data Analyst,Novice,15,7,0,0,9,19,0,1,23,6,4,102933.0,15.0
KAG_2026_11974,UK,Researcher,Expert,9,23,4,8,11,34,480,1,47,2,12,145679.0,9.0
KAG_2026_11975,USA,Data Analyst,Contributor,20,21,0,1,6,19,402,0,46,4,10,155560.0,20.0
KAG_2026_11976,UK,Data Scientist,Expert,8,32,1,7,17,31,202,1,55,10,10,124635.0,8.0
KAG_2026_11977,Germany,Student,Novice,1,6,0,0,3,9,9,0,8,3,0,0.0,1.0
KAG_2026_11978,USA,Data Scientist,Grandmaster,18,53,23,26,21,118,2883,1,100,4,32,249772.0,18.0
KAG_2026_11979,Nigeria,ML Engineer,Expert,14,23,3,8,16,21,229,1,55,8,13,115478.0,14.0
KAG_2026_11980,Japan,Data Scientist,Contributor,19,16,0,6,10,22,341,1,43,4,9,157119.0,19.0
KAG_2026_11981,India,Data Scientist,Contributor,18,10,0,4,13,20,363,1,54,4,9,111898.0,18.0
KAG_2026_11982,USA,Data Scientist,Expert,12,31,3,1,10,36,322,1,57,6,13,182320.0,12.0
KAG_2026_11983,India,Researcher,Master,10,41,23,12,24,59,1191,1,75,5,26,122972.0,10.0
KAG_2026_11984,Canada,Data Scientist,Contributor,5,9,0,5,5,12,321,0,25,8,5,113844.0,5.0
KAG_2026_11985,India,Data Analyst,Contributor,17,10,0,9,8,6,269,1,50,5,9,87391.0,17.0
KAG_2026_11986,Germany,ML Engineer,Contributor,3,9,0,6,13,21,258,0,29,6,4,116797.0,3.0
KAG_2026_11987,Spain,Data Analyst,Novice,14,10,0,0,5,17,7,1,23,8,4,80179.0,14.0
KAG_2026_11988,USA,Data Scientist,Contributor,11,7,0,6,6,12,359,1,33,8,7,178842.0,11.0
KAG_2026_11989,Brazil,Data Scientist,Contributor,11,13,0,9,12,14,191,1,36,9,7,85002.0,11.0
KAG_2026_11990,USA,Student,Expert,1,27,2,6,13,35,459,1,32,3,9,0.0,1.0
KAG_2026_11991,India,Student,Expert,0,30,3,9,18,27,156,1,34,2,9,11731.0,0.0
KAG_2026_11992,Germany,Data Scientist,Master,7,49,24,25,22,54,815,1,71,10,26,151944.0,7.0
KAG_2026_11993,Canada,ML Engineer,Grandmaster,13,61,20,30,20,117,2766,1,100,6,29,187943.0,13.0
KAG_2026_11994,USA,Data Scientist,Contributor,5,12,0,4,13,12,392,1,35,11,5,165600.0,5.0
KAG_2026_11995,India,Data Analyst,Novice,17,3,0,0,6,10,9,0,36,8,5,91796.0,17.0
KAG_2026_11996,UK,Data Scientist,Expert,4,25,1,8,11,20,492,1,38,4,9,112131.0,4.0
KAG_2026_11997,India,ML Engineer,Contributor,6,14,0,7,9,22,421,1,34,10,5,84010.0,6.0
KAG_2026_11998,Germany,Data Scientist,Master,12,38,13,24,24,69,949,1,76,11,22,174417.0,12.0
KAG_2026_11999,India,Researcher,Master,21,39,23,18,24,57,1045,1,97,8,29,144650.0,21.0
KAG_2026_12000,USA,ML Engineer,Contributor,9,7,0,4,12,9,157,1,28,8,6,183070.0,9.0
KAG_2026_12001,USA,Data Analyst,Master,19,42,23,11,23,50,1012,1,87,11,29,183902.0,19.0
KAG_2026_12002,Brazil,ML Engineer,Contributor,13,20,0,8,10,22,276,0,48,7,7,96849.0,13.0
KAG_2026_12003,India,Data Analyst,Novice,14,14,0,0,0,15,9,0,34,11,4,72044.0,14.0
KAG_2026_12004,Nigeria,Data Scientist,Expert,8,22,4,2,19,39,447,1,52,8,12,78164.0,8.0
KAG_2026_12005,Canada,Researcher,Master,11,45,9,33,21,64,1053,1,67,2,19,174950.0,11.0
KAG_2026_12006,USA,Data Scientist,Grandmaster,16,56,23,15,22,125,2652,1,100,4,32,238263.0,16.0
KAG_2026_12007,UK,Data Scientist,Contributor,4,18,0,7,14,23,231,1,27,8,5,101227.0,4.0
KAG_2026_12008,UK,Researcher,Expert,8,27,2,6,16,21,257,1,46,4,11,139338.0,8.0
KAG_2026_12009,USA,Data Scientist,Contributor,19,16,0,3,14,14,315,1,53,8,9,215629.0,19.0
KAG_2026_12010,India,Student,Novice,1,2,0,0,7,7,12,1,5,2,0,0.0,1.0
KAG_2026_12011,USA,Researcher,Expert,7,32,4,9,14,39,328,1,47,10,12,174863.0,7.0
KAG_2026_12012,India,Data Analyst,Expert,12,22,4,2,18,33,474,1,59,8,13,81835.0,12.0
KAG_2026_12013,India,Researcher,Grandmaster,15,54,19,30,22,125,2534,1,99,5,30,129933.0,15.0
KAG_2026_12014,USA,Researcher,Expert,21,24,1,9,18,20,265,1,75,4,14,236856.0,21.0
KAG_2026_12015,France,Data Scientist,Expert,8,23,4,5,18,34,449,1,51,7,12,127484.0,8.0
KAG_2026_12016,Canada,Data Analyst,Novice,18,12,0,0,1,18,6,0,41,5,5,109897.0,18.0
KAG_2026_12017,India,Student,Contributor,2,15,0,6,11,15,357,1,21,1,4,0.0,2.0
KAG_2026_12018,USA,Data Scientist,Contributor,11,21,0,7,7,9,340,0,32,2,7,171508.0,11.0
KAG_2026_12019,India,Data Scientist,Contributor,9,16,0,2,12,13,144,1,31,2,6,79167.0,9.0
KAG_2026_12020,Germany,Student,Novice,1,13,0,0,2,19,3,0,10,2,0,11087.0,1.0
KAG_2026_12021,Nigeria,Data Scientist,Expert,9,28,3,5,11,27,265,1,55,5,12,91742.0,9.0
KAG_2026_12022,Japan,Data Analyst,Contributor,6,9,0,7,10,7,419,1,24,7,5,76070.0,6.0
KAG_2026_12023,India,Researcher,Master,8,46,22,15,16,66,1082,1,79,7,25,107890.0,8.0
KAG_2026_12024,India,Student,Novice,2,10,0,0,0,7,2,0,7,2,0,0.0,2.0
KAG_2026_12025,USA,ML Engineer,Contributor,18,16,0,5,9,23,56,1,51,5,9,227922.0,18.0
KAG_2026_12026,USA,ML Engineer,Grandmaster,21,55,14,12,26,125,2655,1,100,10,29,237713.0,21.0
KAG_2026_12027,Canada,Data Scientist,Contributor,16,11,0,7,11,18,179,1,40,9,8,156750.0,16.0
KAG_2026_12028,USA,ML Engineer,Grandmaster,11,51,5,22,25,128,2850,1,90,9,21,228438.0,11.0
KAG_2026_12029,India,Data Analyst,Novice,4,3,0,0,9,20,12,0,17,10,1,36160.0,4.0
KAG_2026_12030,USA,Data Analyst,Contributor,6,17,0,1,8,5,311,1,25,9,5,86916.0,6.0
KAG_2026_12031,USA,Data Analyst,Contributor,11,12,0,5,14,23,105,1,39,11,7,111671.0,11.0
KAG_2026_12032,Nigeria,Data Scientist,Contributor,18,7,0,1,8,9,109,0,47,11,9,116979.0,18.0
KAG_2026_12033,Brazil,Researcher,Grandmaster,21,57,14,20,29,116,2650,1,100,4,29,143599.0,21.0
KAG_2026_12034,Brazil,ML Engineer,Contributor,18,13,0,6,6,20,260,1,49,6,9,123788.0,18.0
KAG_2026_12035,USA,ML Engineer,Contributor,11,15,0,4,14,16,71,1,42,7,7,167548.0,11.0
KAG_2026_12036,USA,Data Analyst,Contributor,15,15,0,9,9,16,52,1,50,7,8,139009.0,15.0
KAG_2026_12037,Germany,Student,Novice,0,11,0,0,2,11,13,1,10,3,0,0.0,0.0
KAG_2026_12038,France,Data Scientist,Expert,11,23,2,5,11,37,311,1,60,5,12,123673.0,11.0
KAG_2026_12039,India,ML Engineer,Expert,8,27,2,1,10,38,357,1,49,9,11,102097.0,8.0
KAG_2026_12040,France,Data Scientist,Contributor,17,13,0,1,14,18,51,1,41,9,9,148062.0,17.0
KAG_2026_12041,France,Data Scientist,Expert,17,29,3,4,17,28,296,1,59,11,14,168381.0,17.0
KAG_2026_12042,India,ML Engineer,Contributor,6,18,0,1,7,20,134,1,36,2,5,73392.0,6.0
KAG_2026_12043,India,ML Engineer,Grandmaster,19,60,13,24,25,127,2509,1,100,4,28,165013.0,19.0
KAG_2026_12044,USA,Data Scientist,Expert,10,29,3,4,11,21,410,1,54,8,12,177390.0,10.0
KAG_2026_12045,UK,Student,Novice,1,2,0,0,7,4,4,1,1,4,0,0.0,1.0
KAG_2026_12046,India,Data Scientist,Contributor,21,12,0,5,9,10,381,1,47,7,10,139182.0,21.0
KAG_2026_12047,India,Student,Contributor,0,16,0,9,8,22,276,1,24,2,4,13515.0,0.0
KAG_2026_12048,Japan,Student,Contributor,0,8,0,9,7,23,436,1,25,1,4,0.0,0.0
KAG_2026_12049,India,Researcher,Grandmaster,18,64,14,28,25,118,2538,1,100,11,28,145400.0,18.0
KAG_2026_12050,USA,Data Scientist,Expert,19,25,2,9,12,39,483,1,63,10,14,195762.0,19.0
KAG_2026_12051,Canada,Student,Novice,0,5,0,0,9,16,8,1,7,1,0,0.0,0.0
KAG_2026_12052,Nigeria,Student,Contributor,0,16,0,1,8,20,43,1,25,4,4,5026.0,0.0
KAG_2026_12053,USA,Student,Contributor,0,10,0,5,9,16,317,1,27,4,4,0.0,0.0
KAG_2026_12054,India,ML Engineer,Expert,7,32,4,9,13,30,403,1,47,5,12,103313.0,7.0
KAG_2026_12055,UK,Student,Contributor,0,12,0,7,7,18,202,0,23,4,4,0.0,0.0
KAG_2026_12056,India,Researcher,Grandmaster,13,56,23,38,26,116,2733,1,94,9,31,141709.0,13.0
KAG_2026_12057,Spain,Data Scientist,Expert,8,29,1,7,16,21,336,1,53,4,10,111603.0,8.0
KAG_2026_12058,India,ML Engineer,Expert,16,25,2,6,14,37,237,1,67,8,13,128601.0,16.0
KAG_2026_12059,Nigeria,Student,Novice,0,2,0,0,8,10,0,0,12,3,0,0.0,0.0
KAG_2026_12060,Canada,Data Analyst,Novice,2,8,0,0,8,4,7,1,8,5,0,51832.0,2.0
KAG_2026_12061,Canada,Data Scientist,Contributor,7,19,0,3,11,5,117,1,34,9,6,124569.0,7.0
KAG_2026_12062,USA,Student,Novice,2,7,0,0,3,9,14,0,12,3,0,0.0,2.0
KAG_2026_12063,Germany,Researcher,Expert,14,26,3,6,14,21,538,1,55,4,13,163706.0,14.0
KAG_2026_12064,India,Student,Contributor,1,12,0,2,11,9,182,1,26,3,4,0.0,1.0
KAG_2026_12065,USA,ML Engineer,Expert,19,23,3,6,10,25,179,1,73,2,15,216360.0,19.0
KAG_2026_12066,India,Data Analyst,Contributor,12,12,0,4,5,7,310,1,43,5,7,74231.0,12.0
KAG_2026_12067,France,Data Scientist,Expert,20,21,4,3,14,38,198,1,76,11,16,163601.0,20.0
KAG_2026_12068,India,Researcher,Expert,5,23,2,5,18,21,327,1,43,10,10,91630.0,5.0
KAG_2026_12069,Japan,ML Engineer,Contributor,4,10,0,4,5,8,138,1,35,2,5,122187.0,4.0
KAG_2026_12070,India,Student,Novice,1,11,0,0,7,18,8,0,4,4,0,0.0,1.0
KAG_2026_12071,India,Student,Novice,0,11,0,0,4,17,6,0,1,3,0,0.0,0.0
KAG_2026_12072,Nigeria,Researcher,Grandmaster,10,57,20,21,28,122,2553,1,98,4,29,124076.0,10.0
KAG_2026_12073,USA,Data Analyst,Master,8,41,18,31,18,68,1197,1,66,10,23,115440.0,8.0
KAG_2026_12074,Canada,Data Analyst,Novice,14,8,0,0,6,16,13,1,30,8,4,104107.0,14.0
KAG_2026_12075,India,Data Scientist,Contributor,21,14,0,7,5,17,357,0,46,6,10,130246.0,21.0
KAG_2026_12076,Japan,ML Engineer,Expert,10,34,4,7,10,21,373,1,50,5,13,147463.0,10.0
KAG_2026_12077,Japan,Student,Contributor,1,20,0,9,10,6,419,0,26,3,4,0.0,1.0
KAG_2026_12078,UK,Data Scientist,Expert,8,21,2,7,17,22,499,1,44,7,11,122792.0,8.0
KAG_2026_12079,USA,Student,Expert,1,21,4,1,17,39,407,1,44,1,10,0.0,1.0
KAG_2026_12080,Japan,Student,Novice,2,9,0,0,3,20,14,1,17,4,0,0.0,2.0
KAG_2026_12081,Nigeria,ML Engineer,Contributor,21,20,0,4,14,7,323,1,51,10,10,113017.0,21.0
KAG_2026_12082,Germany,Researcher,Expert,12,33,3,9,15,28,329,1,54,8,13,154451.0,12.0
KAG_2026_12083,UK,Student,Contributor,1,13,0,4,9,6,163,1,25,1,4,0.0,1.0
KAG_2026_12084,India,Data Analyst,Novice,5,10,0,0,4,5,4,0,9,5,1,39407.0,5.0
KAG_2026_12085,Germany,ML Engineer,Expert,12,22,2,1,15,35,194,1,49,3,12,162555.0,12.0
KAG_2026_12086,USA,Student,Contributor,1,19,0,7,13,7,429,0,26,1,4,0.0,1.0
KAG_2026_12087,UK,Researcher,Grandmaster,10,57,8,34,21,112,2504,1,87,8,23,177070.0,10.0
KAG_2026_12088,India,Student,Contributor,0,16,0,3,10,12,204,1,22,3,4,0.0,0.0
KAG_2026_12089,USA,Data Scientist,Grandmaster,11,61,6,38,27,124,2889,1,89,8,22,218427.0,11.0
KAG_2026_12090,USA,Student,Novice,0,8,0,0,9,20,5,0,12,4,0,0.0,0.0
KAG_2026_12091,India,Student,Contributor,1,12,0,5,8,12,412,1,25,4,4,0.0,1.0
KAG_2026_12092,USA,Student,Contributor,1,15,0,8,13,11,434,1,25,1,4,8344.0,1.0
KAG_2026_12093,India,Researcher,Expert,21,30,2,3,10,24,176,1,68,3,15,142920.0,21.0
KAG_2026_12094,USA,Data Analyst,Contributor,16,18,0,3,14,6,146,1,51,9,8,131578.0,16.0
KAG_2026_12095,USA,Researcher,Grandmaster,14,54,19,18,23,114,2839,1,94,5,29,235954.0,14.0
KAG_2026_12096,India,Student,Contributor,2,17,0,2,10,23,227,1,21,2,4,0.0,2.0
KAG_2026_12097,USA,Student,Novice,1,11,0,0,1,7,7,1,4,4,0,0.0,1.0
KAG_2026_12098,USA,Data Analyst,Novice,18,12,0,0,2,2,7,1,35,2,5,136066.0,18.0
KAG_2026_12099,USA,Researcher,Expert,15,21,4,3,11,30,358,1,61,2,14,222621.0,15.0
KAG_2026_12100,USA,Data Analyst,Contributor,17,11,0,9,11,19,105,0,52,6,9,132360.0,17.0
KAG_2026_12101,Brazil,Data Analyst,Contributor,10,8,0,5,8,6,271,0,37,3,7,63858.0,10.0
KAG_2026_12102,USA,Data Analyst,Novice,20,11,0,0,7,16,12,1,32,3,6,130586.0,20.0
KAG_2026_12103,India,Researcher,Expert,6,30,3,9,13,33,225,1,46,8,11,80727.0,6.0
KAG_2026_12104,USA,Data Scientist,Contributor,4,7,0,3,11,13,416,0,27,4,5,138306.0,4.0
KAG_2026_12105,India,Researcher,Grandmaster,7,56,7,39,23,124,2738,1,75,10,21,114992.0,7.0
KAG_2026_12106,Brazil,ML Engineer,Contributor,10,15,0,5,13,13,385,0,39,2,7,84830.0,10.0
KAG_2026_12107,France,ML Engineer,Expert,21,26,1,2,13,35,266,1,63,3,14,186766.0,21.0
KAG_2026_12108,France,Student,Novice,0,2,0,0,5,13,11,1,0,2,0,0.0,0.0
KAG_2026_12109,India,Data Scientist,Contributor,10,9,0,7,13,20,73,1,38,10,7,94789.0,10.0
KAG_2026_12110,USA,ML Engineer,Expert,5,30,1,9,16,22,274,1,49,11,10,179311.0,5.0
KAG_2026_12111,Spain,ML Engineer,Expert,11,31,1,5,14,38,250,1,47,7,11,140297.0,11.0
KAG_2026_12112,USA,Data Scientist,Contributor,4,11,0,5,7,20,255,0,25,4,5,156275.0,4.0
KAG_2026_12113,Nigeria,Student,Novice,2,11,0,0,8,13,2,0,15,1,0,0.0,2.0
KAG_2026_12114,India,Data Scientist,Expert,21,33,4,4,19,36,313,1,67,9,16,126109.0,21.0
KAG_2026_12115,France,Data Analyst,Novice,11,7,0,0,9,8,1,0,29,4,3,83890.0,11.0
KAG_2026_12116,USA,Researcher,Master,19,42,11,22,21,58,899,1,90,6,23,215810.0,19.0
KAG_2026_12117,UK,Researcher,Master,18,37,10,24,22,67,1069,1,81,10,22,184101.0,18.0
KAG_2026_12118,Germany,Researcher,Grandmaster,19,53,11,19,29,125,2857,1,100,8,27,214787.0,19.0
KAG_2026_12119,USA,ML Engineer,Expert,19,24,3,3,17,26,311,1,61,6,15,222781.0,19.0
KAG_2026_12120,India,ML Engineer,Contributor,8,18,0,9,14,10,80,1,35,5,6,83701.0,8.0
KAG_2026_12121,Brazil,Data Scientist,Expert,8,29,1,8,13,28,347,1,48,7,10,90848.0,8.0
KAG_2026_12122,USA,Data Scientist,Expert,16,22,1,9,15,22,378,1,55,3,13,180359.0,16.0
KAG_2026_12123,Brazil,Data Scientist,Expert,8,31,2,9,16,22,371,1,49,5,11,95352.0,8.0
KAG_2026_12124,USA,Data Scientist,Expert,4,22,4,7,14,21,173,1,48,4,11,160278.0,4.0
KAG_2026_12125,France,Student,Novice,0,8,0,0,3,9,12,1,8,1,0,0.0,0.0
KAG_2026_12126,USA,Student,Novice,1,14,0,0,3,6,13,0,13,2,0,0.0,1.0
KAG_2026_12127,Brazil,ML Engineer,Master,6,48,11,20,18,65,1049,1,70,4,19,96026.0,6.0
KAG_2026_12128,USA,Researcher,Grandmaster,6,62,15,11,27,123,2834,1,77,6,25,182207.0,6.0
KAG_2026_12129,India,Data Analyst,Contributor,19,9,0,3,5,18,384,1,55,5,9,104146.0,19.0
KAG_2026_12130,UK,Data Analyst,Novice,11,10,0,0,4,9,11,0,25,5,3,87716.0,11.0
KAG_2026_12131,Canada,Data Scientist,Grandmaster,18,59,18,14,29,128,2708,1,100,3,30,185845.0,18.0
KAG_2026_12132,Spain,ML Engineer,Contributor,17,10,0,6,9,15,188,1,49,2,9,144316.0,17.0
KAG_2026_12133,Canada,Data Analyst,Contributor,17,14,0,1,8,16,69,1,42,3,9,105743.0,17.0
KAG_2026_12134,USA,Researcher,Grandmaster,6,52,8,18,21,110,2793,1,83,3,21,198901.0,6.0
KAG_2026_12135,USA,Data Scientist,Contributor,11,15,0,5,11,14,290,1,38,10,7,187693.0,11.0
KAG_2026_12136,USA,Student,Novice,1,14,0,0,9,10,2,1,6,3,0,0.0,1.0
KAG_2026_12137,Nigeria,ML Engineer,Contributor,7,13,0,2,9,5,195,1,27,6,6,79855.0,7.0
KAG_2026_12138,USA,ML Engineer,Master,8,42,13,12,20,62,838,1,72,9,20,203383.0,8.0
KAG_2026_12139,Germany,ML Engineer,Master,20,47,8,14,21,69,1179,1,89,3,22,191094.0,20.0
KAG_2026_12140,Canada,ML Engineer,Grandmaster,21,56,13,17,26,112,2626,1,98,9,28,204636.0,21.0
KAG_2026_12141,India,Data Analyst,Novice,15,2,0,0,0,3,6,1,36,3,4,76233.0,15.0
KAG_2026_12142,France,Student,Novice,1,7,0,0,1,2,10,0,12,1,0,9027.0,1.0
KAG_2026_12143,France,ML Engineer,Master,16,36,21,27,18,59,1199,1,81,10,27,189887.0,16.0
KAG_2026_12144,Germany,ML Engineer,Expert,13,25,2,4,19,24,279,1,61,8,12,170333.0,13.0
KAG_2026_12145,India,Researcher,Grandmaster,14,56,21,22,22,114,2546,1,94,11,30,152625.0,14.0
KAG_2026_12146,USA,Data Scientist,Contributor,11,20,0,5,5,16,64,0,39,5,7,178511.0,11.0
KAG_2026_12147,UK,Data Analyst,Contributor,8,16,0,1,13,23,330,0,35,6,6,83096.0,8.0
KAG_2026_12148,USA,Data Analyst,Master,21,39,10,30,24,54,1133,1,83,9,23,183590.0,21.0
KAG_2026_12149,Canada,Data Analyst,Novice,21,14,0,0,6,4,7,1,44,2,6,110944.0,21.0
KAG_2026_12150,Canada,ML Engineer,Master,15,35,5,26,23,67,987,1,72,11,19,186318.0,15.0
KAG_2026_12151,UK,ML Engineer,Expert,4,27,2,4,16,32,493,1,49,5,10,119756.0,4.0
KAG_2026_12152,UK,Student,Novice,1,8,0,0,6,1,12,0,4,4,0,0.0,1.0
KAG_2026_12153,Japan,ML Engineer,Contributor,17,9,0,4,12,14,424,0,41,8,9,142058.0,17.0
KAG_2026_12154,India,Data Scientist,Expert,7,24,4,8,17,23,196,1,44,10,12,81366.0,7.0
KAG_2026_12155,USA,Researcher,Expert,6,27,4,3,16,28,541,1,45,6,11,180182.0,6.0
KAG_2026_12156,India,Researcher,Expert,11,33,4,6,15,28,354,1,50,5,13,102095.0,11.0
KAG_2026_12157,UK,Student,Contributor,2,10,0,6,12,11,289,0,26,1,4,12924.0,2.0
KAG_2026_12158,Germany,Student,Grandmaster,1,50,7,16,23,111,2809,1,73,2,19,0.0,1.0
KAG_2026_12159,India,Data Analyst,Novice,18,4,0,0,4,17,6,1,33,6,5,94764.0,18.0
KAG_2026_12160,USA,ML Engineer,Grandmaster,19,61,16,13,29,129,2628,1,100,2,29,268244.0,19.0
KAG_2026_12161,Canada,ML Engineer,Expert,16,28,2,1,15,28,493,1,61,6,13,191263.0,16.0
KAG_2026_12162,Spain,Data Scientist,Expert,7,22,1,4,16,39,299,1,50,10,10,115959.0,7.0
KAG_2026_12163,USA,ML Engineer,Contributor,3,8,0,5,10,24,173,1,20,4,4,162824.0,3.0
KAG_2026_12164,Germany,Researcher,Expert,5,29,1,5,11,35,376,1,41,2,10,118509.0,5.0
KAG_2026_12165,USA,ML Engineer,Expert,10,27,4,4,11,24,549,1,58,11,13,207978.0,10.0
KAG_2026_12166,USA,Researcher,Master,17,46,19,32,15,68,979,1,80,8,26,213565.0,17.0
KAG_2026_12167,India,Data Scientist,Contributor,20,18,0,7,7,23,153,0,56,8,10,122902.0,20.0
KAG_2026_12168,India,Researcher,Grandmaster,17,56,9,38,23,122,2593,1,100,7,25,158146.0,17.0
KAG_2026_12169,India,Researcher,Expert,7,30,4,1,12,35,439,1,45,9,12,86127.0,7.0
KAG_2026_12170,USA,ML Engineer,Expert,12,23,4,2,14,25,406,1,57,8,13,185420.0,12.0
KAG_2026_12171,Germany,Researcher,Master,16,35,18,30,18,52,909,1,78,6,25,199376.0,16.0
KAG_2026_12172,USA,Data Scientist,Expert,15,26,4,9,12,27,404,1,66,2,14,197024.0,15.0
KAG_2026_12173,USA,Data Analyst,Grandmaster,14,59,19,30,24,129,2645,1,100,9,29,170755.0,14.0
KAG_2026_12174,USA,Researcher,Master,9,42,15,19,22,56,1195,1,67,8,22,184983.0,9.0
KAG_2026_12175,India,Student,Master,2,35,7,36,21,62,928,1,61,1,16,0.0,2.0
KAG_2026_12176,Japan,ML Engineer,Expert,19,20,1,7,10,32,168,1,69,8,14,157118.0,19.0
KAG_2026_12177,Nigeria,Data Scientist,Grandmaster,17,64,23,38,25,124,2700,1,100,2,32,132106.0,17.0
KAG_2026_12178,India,ML Engineer,Expert,16,23,1,4,10,39,263,1,67,3,13,121078.0,16.0
KAG_2026_12179,Japan,Student,Expert,1,29,2,6,10,27,491,1,33,1,9,0.0,1.0
KAG_2026_12180,Canada,Student,Contributor,1,13,0,7,6,24,410,1,22,4,4,0.0,1.0
KAG_2026_12181,UK,Data Analyst,Contributor,3,19,0,3,14,17,357,1,28,8,4,65194.0,3.0
KAG_2026_12182,USA,ML Engineer,Master,18,45,18,21,15,56,859,1,85,8,26,245611.0,18.0
KAG_2026_12183,India,Researcher,Expert,20,23,4,3,16,29,408,1,73,4,16,146809.0,20.0
KAG_2026_12184,USA,Data Analyst,Novice,16,4,0,0,9,19,3,1,32,7,4,130174.0,16.0
KAG_2026_12185,India,Data Scientist,Grandmaster,9,58,8,20,26,116,2536,1,79,6,22,113213.0,9.0
KAG_2026_12186,UK,Researcher,Master,20,49,15,26,22,50,934,1,90,11,25,201731.0,20.0
KAG_2026_12187,Germany,Data Scientist,Contributor,11,7,0,4,13,10,83,1,39,4,7,123676.0,11.0
KAG_2026_12188,UK,Researcher,Master,21,47,5,22,16,64,818,1,92,7,20,198345.0,21.0
KAG_2026_12189,India,Student,Contributor,1,7,0,8,6,16,323,0,24,4,4,0.0,1.0
KAG_2026_12190,India,ML Engineer,Expert,13,25,1,5,15,33,228,1,61,5,12,107454.0,13.0
KAG_2026_12191,UK,Data Analyst,Master,11,36,23,18,21,65,924,1,73,5,26,114966.0,11.0
KAG_2026_12192,India,Data Scientist,Expert,13,32,3,1,18,23,546,1,61,5,13,119301.0,13.0
KAG_2026_12193,India,Researcher,Grandmaster,12,55,5,31,28,125,2727,1,94,11,22,128440.0,12.0
KAG_2026_12194,Germany,Researcher,Grandmaster,15,63,24,31,26,113,2785,1,100,5,32,173394.0,15.0
KAG_2026_12195,Germany,Student,Novice,1,7,0,0,7,5,1,1,12,4,0,0.0,1.0
KAG_2026_12196,India,ML Engineer,Master,21,35,18,15,23,57,1158,1,89,3,27,166731.0,21.0
KAG_2026_12197,USA,ML Engineer,Contributor,17,13,0,8,9,7,285,0,49,5,9,223787.0,17.0
KAG_2026_12198,India,Data Analyst,Novice,3,7,0,0,2,10,1,0,16,3,0,32615.0,3.0
KAG_2026_12199,Germany,Student,Novice,0,3,0,0,3,18,12,1,7,2,0,0.0,0.0
KAG_2026_12200,USA,Researcher,Expert,16,26,3,7,11,29,266,1,63,8,14,206400.0,16.0
KAG_2026_12201,USA,Data Scientist,Contributor,12,14,0,5,7,19,260,0,38,6,7,158541.0,12.0
KAG_2026_12202,India,Data Analyst,Contributor,12,19,0,1,8,5,54,1,42,6,7,72454.0,12.0
KAG_2026_12203,Canada,Student,Novice,0,11,0,0,8,18,7,0,12,2,0,0.0,0.0
KAG_2026_12204,USA,Student,Novice,2,8,0,0,0,12,14,0,16,4,0,12099.0,2.0
KAG_2026_12205,Brazil,Data Analyst,Novice,20,13,0,0,5,13,4,1,44,8,6,88373.0,20.0
KAG_2026_12206,India,ML Engineer,Grandmaster,6,54,6,20,29,125,2615,1,84,10,20,112968.0,6.0
KAG_2026_12207,USA,Researcher,Expert,15,34,1,2,17,39,349,1,67,7,13,195404.0,15.0
KAG_2026_12208,USA,Researcher,Expert,18,23,1,1,18,23,514,1,57,9,13,224927.0,18.0
KAG_2026_12209,USA,Student,Contributor,0,21,0,4,8,17,402,0,28,2,4,0.0,0.0
KAG_2026_12210,India,Researcher,Master,17,47,9,32,16,54,989,1,81,9,21,138442.0,17.0
KAG_2026_12211,Spain,ML Engineer,Contributor,13,7,0,9,13,21,102,1,37,11,7,118618.0,13.0
KAG_2026_12212,Germany,Data Analyst,Master,18,38,18,10,23,58,1067,1,92,10,26,140135.0,18.0
KAG_2026_12213,Germany,Data Scientist,Expert,4,31,2,4,11,22,447,1,46,11,10,117537.0,4.0
KAG_2026_12214,USA,ML Engineer,Contributor,3,18,0,3,7,15,351,1,21,10,4,147229.0,3.0
KAG_2026_12215,India,Data Scientist,Contributor,8,7,0,7,14,15,150,1,27,5,6,82125.0,8.0
KAG_2026_12216,USA,Researcher,Master,15,49,17,16,16,62,1118,1,89,5,25,207605.0,15.0
KAG_2026_12217,Canada,ML Engineer,Expert,9,22,4,7,15,30,356,1,53,6,12,150682.0,9.0
KAG_2026_12218,Nigeria,Researcher,Grandmaster,15,57,16,26,21,129,2667,1,99,9,28,127776.0,15.0
KAG_2026_12219,India,Data Analyst,Contributor,13,11,0,6,14,7,116,1,42,11,7,71880.0,13.0
KAG_2026_12220,USA,Data Analyst,Novice,15,2,0,0,4,18,13,1,23,7,4,119098.0,15.0
KAG_2026_12221,Japan,Student,Contributor,0,15,0,8,11,20,381,0,21,2,4,0.0,0.0
KAG_2026_12222,India,Data Analyst,Expert,14,24,2,3,10,23,196,1,54,9,13,99365.0,14.0
KAG_2026_12223,USA,Data Scientist,Grandmaster,16,52,22,16,20,119,2756,1,100,6,31,208388.0,16.0
KAG_2026_12224,France,Researcher,Expert,15,24,3,3,10,33,431,1,54,4,14,141721.0,15.0
KAG_2026_12225,USA,Data Scientist,Contributor,18,11,0,3,9,12,373,1,56,10,9,186118.0,18.0
KAG_2026_12226,UK,Data Analyst,Contributor,9,18,0,6,11,22,274,1,29,2,6,78646.0,9.0
KAG_2026_12227,UK,ML Engineer,Contributor,21,20,0,8,9,13,260,1,59,3,10,160005.0,21.0
KAG_2026_12228,UK,Data Scientist,Expert,13,27,2,8,17,28,262,1,58,11,12,163344.0,13.0
KAG_2026_12229,India,ML Engineer,Expert,4,27,1,4,12,20,540,1,41,6,9,78521.0,4.0
KAG_2026_12230,UK,Data Analyst,Contributor,12,16,0,7,8,7,114,1,43,7,7,103430.0,12.0
KAG_2026_12231,Spain,ML Engineer,Contributor,17,14,0,6,9,24,284,0,41,4,9,146903.0,17.0
KAG_2026_12232,USA,Researcher,Expert,12,23,3,9,13,36,363,1,58,8,13,203453.0,12.0
KAG_2026_12233,Germany,Researcher,Master,11,44,12,11,23,55,1083,1,78,6,21,168913.0,11.0
KAG_2026_12234,France,Data Scientist,Grandmaster,12,54,16,27,26,123,2656,1,97,7,27,157332.0,12.0
KAG_2026_12235,USA,ML Engineer,Expert,4,31,1,9,16,38,545,1,44,6,9,176517.0,4.0
KAG_2026_12236,India,Data Analyst,Novice,18,13,0,0,7,11,7,1,36,4,5,83022.0,18.0
KAG_2026_12237,USA,Data Scientist,Contributor,15,12,0,3,5,5,392,1,40,8,8,192241.0,15.0
KAG_2026_12238,USA,Data Analyst,Novice,19,3,0,0,7,12,2,0,36,8,5,143530.0,19.0
KAG_2026_12239,Nigeria,Student,Novice,0,12,0,0,3,9,14,0,11,1,0,0.0,0.0
KAG_2026_12240,Spain,Data Analyst,Contributor,8,9,0,3,14,10,300,1,28,10,6,73618.0,8.0
KAG_2026_12241,India,Researcher,Grandmaster,9,54,9,31,24,126,2569,1,89,4,23,106386.0,9.0
KAG_2026_12242,USA,Data Scientist,Master,15,36,9,14,17,68,1134,1,84,9,21,205911.0,15.0
KAG_2026_12243,India,Data Scientist,Contributor,4,7,0,5,11,16,159,1,34,5,5,66861.0,4.0
KAG_2026_12244,USA,Researcher,Expert,18,27,1,3,17,37,255,1,57,7,13,194997.0,18.0
KAG_2026_12245,Spain,Data Analyst,Contributor,14,18,0,1,12,9,422,1,40,11,8,94260.0,14.0
KAG_2026_12246,Brazil,Student,Novice,0,2,0,0,2,12,13,0,9,2,0,8387.0,0.0
KAG_2026_12247,Nigeria,ML Engineer,Expert,11,32,4,3,17,35,186,1,52,7,13,91504.0,11.0
KAG_2026_12248,USA,Data Scientist,Contributor,10,17,0,7,8,12,225,0,36,2,7,177313.0,10.0
KAG_2026_12249,India,Researcher,Expert,6,26,1,5,18,30,324,1,41,8,10,78648.0,6.0
KAG_2026_12250,Spain,Researcher,Master,9,42,14,27,20,50,930,1,68,8,21,126792.0,9.0
KAG_2026_12251,Spain,Student,Novice,0,3,0,0,4,16,2,1,14,2,0,0.0,0.0
KAG_2026_12252,Brazil,Data Analyst,Novice,7,2,0,0,1,3,13,0,10,4,2,46470.0,7.0
KAG_2026_12253,Germany,Data Scientist,Expert,8,22,4,9,17,35,154,1,48,2,12,128617.0,8.0
KAG_2026_12254,India,Data Analyst,Novice,12,12,0,0,5,13,0,0,27,3,3,70409.0,12.0
KAG_2026_12255,Germany,Researcher,Grandmaster,12,58,19,18,20,125,2825,1,97,11,29,179832.0,12.0
KAG_2026_12256,Germany,Data Analyst,Novice,5,10,0,0,6,16,10,0,12,10,1,69553.0,5.0
KAG_2026_12257,USA,Data Analyst,Novice,18,11,0,0,3,11,6,1,39,5,5,134326.0,18.0
KAG_2026_12258,India,Data Analyst,Contributor,16,10,0,6,11,15,164,1,51,4,8,80364.0,16.0
KAG_2026_12259,USA,Researcher,Master,17,46,10,11,15,66,1174,1,84,9,22,201472.0,17.0
KAG_2026_12260,India,Student,Novice,1,3,0,0,6,3,6,1,5,1,0,0.0,1.0
KAG_2026_12261,Canada,Student,Grandmaster,0,57,17,27,20,120,2605,1,76,4,24,0.0,0.0
KAG_2026_12262,UK,Data Analyst,Contributor,16,16,0,6,8,10,98,0,50,6,8,113637.0,16.0
KAG_2026_12263,USA,ML Engineer,Expert,11,33,2,1,10,35,166,1,49,9,12,201102.0,11.0
KAG_2026_12264,Brazil,Data Scientist,Expert,11,22,4,9,18,37,210,1,54,5,13,107053.0,11.0
KAG_2026_12265,USA,Data Scientist,Contributor,14,17,0,7,11,8,204,1,43,6,8,181717.0,14.0
KAG_2026_12266,India,Researcher,Master,14,43,21,26,15,50,1110,1,76,6,26,126259.0,14.0
KAG_2026_12267,Canada,ML Engineer,Expert,18,24,3,7,18,28,479,1,61,7,14,171573.0,18.0
KAG_2026_12268,USA,Student,Contributor,0,16,0,8,10,19,342,1,23,3,4,0.0,0.0
KAG_2026_12269,USA,Data Analyst,Expert,4,26,1,7,17,29,544,1,42,4,9,95544.0,4.0
KAG_2026_12270,USA,Data Scientist,Contributor,14,20,0,7,12,8,394,1,41,11,8,169369.0,14.0
KAG_2026_12271,Germany,ML Engineer,Expert,5,33,1,4,16,28,423,1,46,11,10,136672.0,5.0
KAG_2026_12272,India,Data Scientist,Master,18,36,20,20,16,60,1108,1,88,7,27,152200.0,18.0
KAG_2026_12273,USA,Data Analyst,Expert,16,25,4,6,11,38,246,1,60,11,14,144460.0,16.0
KAG_2026_12274,Japan,ML Engineer,Master,10,36,24,24,19,61,817,1,76,5,27,151730.0,10.0
KAG_2026_12275,UK,Researcher,Expert,12,23,2,5,15,32,455,1,54,5,12,159031.0,12.0
KAG_2026_12276,Nigeria,Data Analyst,Novice,16,5,0,0,9,10,4,0,31,6,4,74024.0,16.0
KAG_2026_12277,Germany,Data Scientist,Contributor,17,14,0,8,12,24,143,0,47,9,9,168626.0,17.0
KAG_2026_12278,USA,Data Scientist,Master,15,41,13,18,15,64,858,1,85,3,23,198504.0,15.0
KAG_2026_12279,Brazil,Data Scientist,Contributor,21,8,0,8,12,19,404,0,51,3,10,131360.0,21.0
KAG_2026_12280,UK,Student,Expert,1,28,1,4,14,25,479,1,36,3,8,0.0,1.0
KAG_2026_12281,France,ML Engineer,Master,11,36,23,19,17,62,1026,1,86,7,26,146101.0,11.0
KAG_2026_12282,India,Researcher,Expert,16,25,4,4,14,24,527,1,60,4,14,129812.0,16.0
KAG_2026_12283,USA,Data Scientist,Expert,15,32,2,6,11,23,418,1,65,4,13,184751.0,15.0
KAG_2026_12284,India,ML Engineer,Master,17,45,23,34,23,64,933,1,96,3,28,153581.0,17.0
KAG_2026_12285,USA,Researcher,Expert,7,34,1,1,17,28,409,1,49,11,10,175501.0,7.0
KAG_2026_12286,Canada,Researcher,Expert,12,32,1,7,16,23,381,1,54,10,12,172167.0,12.0
KAG_2026_12287,USA,Data Scientist,Expert,15,34,1,5,14,32,214,1,55,7,13,210341.0,15.0
KAG_2026_12288,USA,Data Analyst,Contributor,17,9,0,8,8,14,304,1,50,4,9,129078.0,17.0
KAG_2026_12289,USA,Researcher,Grandmaster,19,54,14,21,25,128,2700,1,100,9,28,247055.0,19.0
KAG_2026_12290,Nigeria,Student,Contributor,1,18,0,5,9,21,351,0,18,4,4,0.0,1.0
KAG_2026_12291,UK,Data Analyst,Expert,11,23,1,9,13,28,352,1,50,3,11,98766.0,11.0
KAG_2026_12292,Canada,Researcher,Expert,18,23,4,7,12,36,429,1,72,9,15,191821.0,18.0
KAG_2026_12293,France,ML Engineer,Expert,12,27,4,7,14,38,158,1,57,7,13,150598.0,12.0
KAG_2026_12294,Canada,Data Scientist,Expert,21,22,1,2,17,33,393,1,69,6,14,177912.0,21.0
KAG_2026_12295,UK,ML Engineer,Expert,18,26,1,3,11,32,460,1,68,10,13,181658.0,18.0
KAG_2026_12296,Canada,Researcher,Grandmaster,7,53,24,23,23,119,2821,1,92,8,30,169990.0,7.0
KAG_2026_12297,USA,Researcher,Expert,19,23,1,4,14,29,511,1,59,10,14,233887.0,19.0
KAG_2026_12298,India,ML Engineer,Contributor,4,18,0,3,12,24,246,0,29,7,5,68664.0,4.0
KAG_2026_12299,USA,Data Scientist,Master,19,47,22,37,18,56,884,1,94,11,28,208279.0,19.0
KAG_2026_12300,UK,Student,Contributor,2,11,0,2,14,15,334,1,26,1,4,0.0,2.0
KAG_2026_12301,USA,Student,Novice,1,3,0,0,8,10,2,1,2,1,0,0.0,1.0
KAG_2026_12302,Japan,Data Analyst,Novice,20,9,0,0,0,18,12,0,37,10,6,105977.0,20.0
KAG_2026_12303,Canada,ML Engineer,Expert,11,24,3,2,17,33,422,1,53,9,12,164274.0,11.0
KAG_2026_12304,India,ML Engineer,Grandmaster,9,57,20,10,24,128,2525,1,97,4,28,116202.0,9.0
KAG_2026_12305,USA,Data Analyst,Novice,2,2,0,0,3,18,2,1,6,2,0,74051.0,2.0
KAG_2026_12306,USA,Data Analyst,Novice,6,13,0,0,8,11,4,1,11,5,1,95328.0,6.0
KAG_2026_12307,Nigeria,Researcher,Expert,19,32,2,5,14,29,265,1,69,9,14,113437.0,19.0
KAG_2026_12308,India,Data Analyst,Novice,20,5,0,0,7,19,11,1,30,4,6,95745.0,20.0
KAG_2026_12309,India,Data Analyst,Master,10,49,21,17,18,66,1152,1,84,11,25,87482.0,10.0
KAG_2026_12310,UK,Student,Novice,0,13,0,0,6,16,2,0,2,3,0,0.0,0.0
KAG_2026_12311,India,Student,Novice,2,4,0,0,0,20,2,1,10,4,0,0.0,2.0
KAG_2026_12312,UK,Data Analyst,Novice,21,3,0,0,2,19,12,1,41,3,6,116844.0,21.0
KAG_2026_12313,USA,Data Scientist,Expert,4,28,2,7,16,23,418,1,44,4,10,170467.0,4.0
KAG_2026_12314,UK,Data Analyst,Novice,10,9,0,0,6,17,9,0,19,5,3,83137.0,10.0
KAG_2026_12315,USA,Data Scientist,Master,11,36,13,10,18,61,1008,1,69,9,21,179381.0,11.0
KAG_2026_12316,France,Student,Master,2,42,22,36,17,62,891,1,73,4,23,0.0,2.0
KAG_2026_12317,France,Student,Novice,0,11,0,0,6,6,9,1,5,1,0,0.0,0.0
KAG_2026_12318,India,Researcher,Expert,9,30,4,9,16,28,374,1,57,2,12,92728.0,9.0
KAG_2026_12319,Brazil,Researcher,Master,21,40,7,20,16,68,805,1,93,6,21,154917.0,21.0
KAG_2026_12320,USA,Data Scientist,Contributor,11,9,0,6,14,21,166,1,41,6,7,184526.0,11.0
KAG_2026_12321,Japan,Data Analyst,Contributor,5,20,0,1,10,16,119,1,34,11,5,67292.0,5.0
KAG_2026_12322,Spain,Data Analyst,Expert,13,33,1,3,14,23,253,1,59,8,12,104838.0,13.0
KAG_2026_12323,USA,Student,Contributor,0,18,0,2,8,18,424,1,17,1,4,0.0,0.0
KAG_2026_12324,UK,Researcher,Expert,19,23,3,3,12,37,280,1,66,9,15,191400.0,19.0
KAG_2026_12325,India,Student,Novice,1,6,0,0,6,10,6,0,3,1,0,11754.0,1.0
KAG_2026_12326,Canada,Data Analyst,Novice,8,10,0,0,6,10,13,0,23,11,2,71817.0,8.0
KAG_2026_12327,USA,Data Scientist,Contributor,12,17,0,8,7,5,153,1,39,10,7,187128.0,12.0
KAG_2026_12328,UK,Researcher,Expert,11,21,3,8,18,22,211,1,50,4,12,157672.0,11.0
KAG_2026_12329,India,Researcher,Master,14,43,13,25,22,52,1046,1,72,5,22,122606.0,14.0
KAG_2026_12330,India,ML Engineer,Expert,8,25,2,2,14,32,545,1,43,2,11,97414.0,8.0
KAG_2026_12331,Brazil,Data Analyst,Contributor,21,11,0,7,7,17,227,1,49,2,10,108392.0,21.0
KAG_2026_12332,Canada,ML Engineer,Contributor,19,7,0,4,6,8,268,1,45,7,9,177173.0,19.0
KAG_2026_12333,Japan,ML Engineer,Master,21,35,9,23,16,65,901,1,93,7,22,174231.0,21.0
KAG_2026_12334,India,Student,Novice,2,5,0,0,7,5,1,0,17,1,0,0.0,2.0
KAG_2026_12335,UK,Data Scientist,Grandmaster,14,53,20,19,28,113,2785,1,96,6,30,184512.0,14.0
KAG_2026_12336,Japan,Data Analyst,Master,13,37,15,34,18,55,843,1,78,7,23,131797.0,13.0
KAG_2026_12337,USA,Data Analyst,Expert,11,30,3,4,12,28,344,1,52,7,12,123789.0,11.0
KAG_2026_12338,Spain,ML Engineer,Expert,15,20,3,7,18,28,179,1,63,9,14,141078.0,15.0
KAG_2026_12339,Spain,Researcher,Expert,14,26,3,2,14,25,376,1,57,7,13,132969.0,14.0
KAG_2026_12340,Germany,Data Scientist,Grandmaster,15,57,7,11,25,118,2836,1,91,4,24,182330.0,15.0
KAG_2026_12341,India,Data Analyst,Master,12,35,17,23,20,67,1102,1,77,5,24,96022.0,12.0
KAG_2026_12342,Germany,Data Analyst,Novice,21,4,0,0,0,4,5,0,38,7,6,113488.0,21.0
KAG_2026_12343,Brazil,Data Scientist,Contributor,3,10,0,5,7,24,102,0,31,10,4,57039.0,3.0
KAG_2026_12344,USA,Researcher,Expert,8,32,3,1,19,36,491,1,48,4,11,192921.0,8.0
KAG_2026_12345,India,Student,Contributor,0,18,0,5,7,18,46,1,26,2,4,0.0,0.0
KAG_2026_12346,Germany,Data Analyst,Grandmaster,11,64,13,22,20,120,2552,1,95,6,25,111917.0,11.0
KAG_2026_12347,India,Researcher,Master,8,47,22,32,16,68,922,1,73,10,25,111571.0,8.0
KAG_2026_12348,Germany,Data Scientist,Expert,12,26,1,1,13,36,388,1,58,6,12,155237.0,12.0
KAG_2026_12349,Spain,Researcher,Master,20,44,19,14,17,60,1024,1,85,7,27,183739.0,20.0
KAG_2026_12350,USA,ML Engineer,Expert,19,29,4,7,13,27,274,1,72,5,15,208433.0,19.0
KAG_2026_12351,Canada,Data Scientist,Contributor,13,18,0,2,8,17,76,0,37,6,7,157975.0,13.0
KAG_2026_12352,Spain,Data Analyst,Contributor,3,12,0,3,10,24,281,1,31,7,4,58881.0,3.0
KAG_2026_12353,USA,Data Scientist,Contributor,5,12,0,1,9,17,50,1,35,8,5,164624.0,5.0
KAG_2026_12354,India,ML Engineer,Contributor,8,9,0,6,7,24,226,0,31,6,6,79046.0,8.0
KAG_2026_12355,USA,Student,Novice,2,6,0,0,6,3,3,1,10,3,0,0.0,2.0
KAG_2026_12356,Canada,Data Scientist,Contributor,11,12,0,1,13,8,121,1,41,6,7,140389.0,11.0
KAG_2026_12357,Brazil,Data Scientist,Grandmaster,17,59,14,16,23,126,2626,1,100,6,28,151787.0,17.0
KAG_2026_12358,India,Researcher,Master,8,41,6,25,24,68,1157,1,69,3,17,98972.0,8.0
KAG_2026_12359,USA,Data Analyst,Expert,21,32,3,8,14,38,277,1,68,7,15,154417.0,21.0
KAG_2026_12360,Germany,Data Scientist,Expert,14,34,1,2,19,31,489,1,53,6,12,164682.0,14.0
KAG_2026_12361,UK,Data Scientist,Expert,16,28,4,7,12,22,338,1,63,7,14,150250.0,16.0
KAG_2026_12362,Brazil,ML Engineer,Grandmaster,8,57,21,17,28,120,2885,1,85,11,28,117294.0,8.0
KAG_2026_12363,USA,Data Analyst,Contributor,7,18,0,6,11,7,213,0,39,11,6,103514.0,7.0
KAG_2026_12364,Japan,Researcher,Expert,20,34,3,9,14,39,316,1,68,3,15,182547.0,20.0
KAG_2026_12365,USA,Researcher,Master,15,45,8,12,24,52,1004,1,81,5,20,203755.0,15.0
KAG_2026_12366,Germany,ML Engineer,Contributor,5,14,0,3,7,18,110,0,25,10,5,118288.0,5.0
KAG_2026_12367,France,Researcher,Master,6,36,19,19,15,64,1086,1,64,3,23,141743.0,6.0
KAG_2026_12368,USA,Student,Novice,2,7,0,0,0,19,10,1,3,3,0,0.0,2.0
KAG_2026_12369,USA,ML Engineer,Expert,11,30,3,5,13,31,533,1,59,9,12,189960.0,11.0
KAG_2026_12370,USA,Data Analyst,Contributor,15,8,0,3,9,24,147,1,44,8,8,123341.0,15.0
KAG_2026_12371,India,Student,Expert,0,31,1,1,13,33,501,1,39,2,8,0.0,0.0
KAG_2026_12372,Spain,Data Scientist,Contributor,10,14,0,8,14,21,380,1,35,4,7,104059.0,10.0
KAG_2026_12373,Germany,Student,Novice,1,12,0,0,0,6,7,1,9,1,0,0.0,1.0
KAG_2026_12374,India,Data Analyst,Contributor,3,13,0,5,5,11,238,1,24,3,4,43907.0,3.0
KAG_2026_12375,India,Researcher,Expert,20,22,3,6,14,26,500,1,66,2,15,127575.0,20.0
KAG_2026_12376,USA,Student,Contributor,2,7,0,2,10,12,214,1,23,3,4,0.0,2.0
KAG_2026_12377,France,Student,Novice,0,3,0,0,9,4,7,1,11,3,0,0.0,0.0
KAG_2026_12378,Germany,Student,Contributor,2,8,0,6,8,12,234,1,25,1,4,0.0,2.0
KAG_2026_12379,Nigeria,Student,Novice,1,2,0,0,3,2,5,0,11,1,0,0.0,1.0
KAG_2026_12380,India,ML Engineer,Expert,17,25,3,9,11,24,527,1,65,4,14,121831.0,17.0
KAG_2026_12381,UK,Data Analyst,Contributor,14,13,0,8,14,17,367,1,42,3,8,102834.0,14.0
KAG_2026_12382,Canada,ML Engineer,Contributor,5,9,0,8,5,22,325,0,25,5,5,125852.0,5.0
KAG_2026_12383,Nigeria,Researcher,Master,12,35,12,30,17,58,1172,1,83,5,21,108755.0,12.0
KAG_2026_12384,USA,Data Scientist,Contributor,11,16,0,6,13,8,409,1,32,4,7,161812.0,11.0
KAG_2026_12385,India,Student,Contributor,2,11,0,2,10,8,68,0,20,2,4,0.0,2.0
KAG_2026_12386,USA,Student,Contributor,0,7,0,8,13,12,77,1,18,3,4,0.0,0.0
KAG_2026_12387,USA,Data Analyst,Novice,12,9,0,0,4,17,9,0,27,5,3,107515.0,12.0
KAG_2026_12388,UK,Data Analyst,Novice,9,3,0,0,2,9,0,1,19,7,2,77992.0,9.0
KAG_2026_12389,USA,Data Scientist,Expert,10,28,2,4,10,22,391,1,50,7,12,181681.0,10.0
KAG_2026_12390,Nigeria,Researcher,Expert,10,31,2,6,19,25,200,1,51,2,12,92968.0,10.0
KAG_2026_12391,Canada,Student,Novice,0,14,0,0,5,19,2,1,8,4,0,0.0,0.0
KAG_2026_12392,Japan,Data Analyst,Novice,20,10,0,0,9,5,4,1,37,7,6,105209.0,20.0
KAG_2026_12393,India,Researcher,Grandmaster,10,64,20,31,26,119,2630,1,87,3,29,116742.0,10.0
KAG_2026_12394,USA,Data Analyst,Master,18,37,18,25,16,55,810,1,85,10,26,155461.0,18.0
KAG_2026_12395,Spain,Student,Novice,1,11,0,0,6,8,2,1,9,2,0,0.0,1.0
KAG_2026_12396,France,Student,Novice,1,2,0,0,3,2,14,1,10,2,0,0.0,1.0
KAG_2026_12397,France,Researcher,Grandmaster,16,52,21,29,27,110,2595,1,94,9,31,181802.0,16.0
KAG_2026_12398,India,Student,Expert,1,26,3,4,11,30,389,1,43,2,9,0.0,1.0
KAG_2026_12399,UK,Student,Novice,2,3,0,0,3,17,7,0,7,1,0,0.0,2.0
KAG_2026_12400,India,Data Analyst,Master,5,37,10,36,22,59,874,1,61,3,18,78113.0,5.0
KAG_2026_12401,Canada,ML Engineer,Master,20,37,15,33,22,52,920,1,93,7,25,185293.0,20.0
KAG_2026_12402,India,Data Analyst,Expert,18,31,2,2,15,22,418,1,62,11,14,111128.0,18.0
KAG_2026_12403,India,Data Scientist,Master,10,43,19,35,16,53,1117,1,83,10,24,109256.0,10.0
KAG_2026_12404,France,Researcher,Expert,15,26,1,3,13,26,377,1,63,10,13,146557.0,15.0
KAG_2026_12405,India,Student,Contributor,2,18,0,4,6,8,81,0,28,2,4,0.0,2.0
KAG_2026_12406,Japan,Student,Contributor,2,13,0,2,14,5,78,1,18,3,4,0.0,2.0
KAG_2026_12407,USA,ML Engineer,Expert,8,30,3,1,12,30,430,1,55,7,11,165316.0,8.0
KAG_2026_12408,Nigeria,ML Engineer,Contributor,12,7,0,2,5,11,164,1,45,10,7,88618.0,12.0
KAG_2026_12409,India,Researcher,Master,17,45,17,25,24,55,1100,1,80,6,25,143889.0,17.0
KAG_2026_12410,USA,ML Engineer,Expert,16,24,3,3,15,36,321,1,59,3,14,222071.0,16.0
KAG_2026_12411,Germany,ML Engineer,Expert,5,29,4,7,13,37,193,1,40,10,11,135599.0,5.0
KAG_2026_12412,Japan,ML Engineer,Expert,20,23,1,8,19,31,304,1,63,9,14,186484.0,20.0
KAG_2026_12413,India,Data Analyst,Expert,8,23,2,6,17,35,168,1,53,7,11,66007.0,8.0
KAG_2026_12414,USA,Data Analyst,Grandmaster,21,61,14,33,26,112,2737,1,100,10,29,188970.0,21.0
KAG_2026_12415,Canada,Data Scientist,Expert,9,25,1,7,13,38,406,1,48,7,11,129527.0,9.0
KAG_2026_12416,Canada,Researcher,Master,21,37,22,31,23,67,1113,1,93,5,29,208771.0,21.0
KAG_2026_12417,Canada,Researcher,Expert,7,26,2,5,15,36,319,1,49,3,11,151197.0,7.0
KAG_2026_12418,Germany,Researcher,Expert,11,30,4,6,16,20,196,1,55,10,13,159170.0,11.0
KAG_2026_12419,USA,Data Scientist,Expert,11,20,3,3,18,26,365,1,61,10,12,174693.0,11.0
KAG_2026_12420,France,Data Scientist,Expert,20,27,4,7,19,38,505,1,62,4,16,161688.0,20.0
KAG_2026_12421,France,Student,Novice,0,10,0,0,0,17,3,1,11,2,0,0.0,0.0
KAG_2026_12422,Brazil,Data Scientist,Contributor,13,17,0,1,10,8,40,0,41,8,7,88605.0,13.0
KAG_2026_12423,France,Data Analyst,Novice,9,2,0,0,9,3,11,1,16,11,2,67801.0,9.0
KAG_2026_12424,Germany,Student,Master,2,39,19,35,20,65,1033,1,62,4,22,0.0,2.0
KAG_2026_12425,Japan,Data Analyst,Novice,7,8,0,0,7,2,14,1,13,9,2,64374.0,7.0
KAG_2026_12426,India,Data Analyst,Expert,16,28,1,5,15,25,471,1,68,11,13,102890.0,16.0
KAG_2026_12427,India,Student,Novice,1,9,0,0,7,17,8,1,6,3,0,0.0,1.0
KAG_2026_12428,Japan,Data Analyst,Contributor,19,20,0,9,11,7,388,1,54,10,9,110774.0,19.0
KAG_2026_12429,UK,Data Analyst,Master,12,49,8,19,22,62,863,1,78,3,19,125823.0,12.0
KAG_2026_12430,Spain,Data Analyst,Novice,14,6,0,0,1,3,3,0,27,2,4,86950.0,14.0
KAG_2026_12431,UK,Researcher,Grandmaster,20,63,10,37,20,126,2550,1,98,3,27,211365.0,20.0
KAG_2026_12432,India,Data Analyst,Contributor,9,8,0,1,7,11,160,1,34,5,6,67206.0,9.0
KAG_2026_12433,Canada,Student,Novice,1,8,0,0,6,5,3,0,14,2,0,0.0,1.0
KAG_2026_12434,USA,Data Scientist,Expert,15,27,1,6,14,36,523,1,67,4,13,194207.0,15.0
KAG_2026_12435,Germany,ML Engineer,Master,15,40,16,33,19,54,862,1,87,3,24,196624.0,15.0
KAG_2026_12436,USA,Data Scientist,Contributor,10,20,0,6,6,24,179,0,36,4,7,180829.0,10.0
KAG_2026_12437,USA,Data Analyst,Novice,16,11,0,0,2,9,4,0,30,11,4,117177.0,16.0
KAG_2026_12438,Germany,Data Scientist,Expert,11,24,4,4,18,26,226,1,50,6,13,140827.0,11.0
KAG_2026_12439,India,Researcher,Grandmaster,18,52,18,34,23,111,2543,1,100,11,30,157405.0,18.0
KAG_2026_12440,UK,Data Scientist,Expert,16,20,1,7,11,22,181,1,62,11,13,171720.0,16.0
KAG_2026_12441,USA,Data Scientist,Expert,6,32,2,3,14,30,346,1,50,3,10,160208.0,6.0
KAG_2026_12442,USA,Data Scientist,Expert,16,24,1,1,14,35,277,1,68,11,13,202266.0,16.0
KAG_2026_12443,India,Researcher,Master,15,47,7,34,15,65,1020,1,76,10,20,139469.0,15.0
KAG_2026_12444,USA,Student,Grandmaster,0,59,6,39,23,116,2513,1,69,3,19,0.0,0.0
KAG_2026_12445,India,Researcher,Master,16,42,12,33,20,63,976,1,81,7,22,125495.0,16.0
KAG_2026_12446,Brazil,Data Analyst,Novice,15,9,0,0,6,7,1,1,36,10,4,70054.0,15.0
KAG_2026_12447,Spain,Student,Novice,2,4,0,0,1,8,2,0,17,2,0,13309.0,2.0
KAG_2026_12448,USA,Student,Novice,2,9,0,0,1,5,5,1,12,1,0,0.0,2.0
KAG_2026_12449,Nigeria,Student,Novice,2,2,0,0,7,18,5,1,10,1,0,0.0,2.0
KAG_2026_12450,Germany,Student,Novice,0,7,0,0,5,1,1,0,0,4,0,0.0,0.0
KAG_2026_12451,India,Researcher,Expert,6,26,2,4,13,34,172,1,54,7,10,88047.0,6.0
KAG_2026_12452,USA,Data Analyst,Contributor,20,12,0,6,12,22,374,0,56,10,10,142558.0,20.0
KAG_2026_12453,UK,Researcher,Expert,8,20,3,2,13,31,314,1,55,8,11,130278.0,8.0
KAG_2026_12454,USA,ML Engineer,Expert,13,29,2,4,18,35,310,1,54,4,12,188493.0,13.0
KAG_2026_12455,Brazil,Data Scientist,Contributor,11,13,0,6,5,9,92,1,42,8,7,84041.0,11.0
KAG_2026_12456,France,Data Analyst,Contributor,4,16,0,8,8,7,255,0,30,8,5,67454.0,4.0
KAG_2026_12457,Brazil,Student,Contributor,0,20,0,5,8,13,358,0,15,2,4,0.0,0.0
KAG_2026_12458,USA,Researcher,Grandmaster,17,56,17,38,22,119,2624,1,100,6,29,238305.0,17.0
KAG_2026_12459,Brazil,Data Analyst,Master,14,45,19,16,21,63,815,1,88,10,25,101464.0,14.0
KAG_2026_12460,Nigeria,Data Scientist,Expert,18,34,4,3,15,36,157,1,62,9,15,116793.0,18.0
KAG_2026_12461,Brazil,Student,Novice,1,13,0,0,9,4,4,1,8,1,0,0.0,1.0
KAG_2026_12462,USA,Student,Novice,1,13,0,0,7,18,7,1,1,2,0,0.0,1.0
KAG_2026_12463,USA,Student,Expert,0,25,2,8,14,28,537,1,35,1,9,12119.0,0.0
KAG_2026_12464,Japan,Researcher,Master,18,49,7,19,22,58,993,1,77,11,20,162325.0,18.0
KAG_2026_12465,India,Student,Novice,1,9,0,0,5,16,9,1,11,3,0,0.0,1.0
KAG_2026_12466,Canada,Researcher,Master,15,37,16,35,20,58,1181,1,77,6,24,169013.0,15.0
KAG_2026_12467,Germany,Data Scientist,Expert,4,28,1,4,16,29,533,1,36,8,9,118272.0,4.0
KAG_2026_12468,UK,ML Engineer,Expert,21,29,1,8,15,38,287,1,70,9,14,191693.0,21.0
KAG_2026_12469,Germany,Student,Novice,1,8,0,0,9,20,8,0,7,4,0,0.0,1.0
KAG_2026_12470,Nigeria,Data Analyst,Contributor,20,18,0,7,9,23,45,1,54,2,10,101924.0,20.0
KAG_2026_12471,Spain,Data Analyst,Novice,11,5,0,0,7,15,12,1,26,11,3,70215.0,11.0
KAG_2026_12472,USA,Student,Contributor,0,12,0,8,14,18,270,0,20,4,4,6251.0,0.0
KAG_2026_12473,Germany,ML Engineer,Grandmaster,15,60,11,37,23,114,2608,1,100,4,26,202326.0,15.0
KAG_2026_12474,Brazil,Researcher,Expert,7,24,4,1,18,35,386,1,51,11,12,86405.0,7.0
KAG_2026_12475,USA,Data Scientist,Expert,13,27,1,1,14,29,396,1,59,10,12,184607.0,13.0
KAG_2026_12476,India,Student,Contributor,2,7,0,6,6,21,236,0,23,4,4,0.0,2.0
KAG_2026_12477,Brazil,Data Analyst,Contributor,21,17,0,8,9,20,159,1,50,2,10,106341.0,21.0
KAG_2026_12478,USA,Student,Contributor,2,16,0,1,6,9,71,1,19,3,4,0.0,2.0
KAG_2026_12479,UK,Researcher,Master,17,44,14,23,22,52,859,1,78,7,24,175809.0,17.0
KAG_2026_12480,Canada,Student,Novice,1,4,0,0,3,13,9,1,14,3,0,0.0,1.0
KAG_2026_12481,UK,ML Engineer,Master,15,40,22,38,21,56,1158,1,91,6,27,198516.0,15.0
KAG_2026_12482,Germany,ML Engineer,Contributor,9,14,0,7,12,8,163,1,39,7,6,123537.0,9.0
KAG_2026_12483,USA,Researcher,Expert,18,26,4,8,16,21,246,1,66,4,15,209998.0,18.0
KAG_2026_12484,Canada,ML Engineer,Expert,12,29,2,9,19,38,163,1,56,3,12,152528.0,12.0
KAG_2026_12485,Japan,Researcher,Grandmaster,17,52,23,25,23,122,2610,1,100,5,32,206781.0,17.0
KAG_2026_12486,Canada,Researcher,Grandmaster,12,60,15,39,22,110,2566,1,89,11,27,164278.0,12.0
KAG_2026_12487,France,Researcher,Grandmaster,9,56,24,33,28,122,2593,1,93,4,30,169231.0,9.0
KAG_2026_12488,USA,ML Engineer,Expert,15,26,1,6,11,36,360,1,65,4,13,186701.0,15.0
KAG_2026_12489,UK,Data Analyst,Contributor,18,9,0,9,8,11,283,1,52,6,9,112756.0,18.0
KAG_2026_12490,India,Researcher,Grandmaster,18,51,16,30,21,115,2847,1,98,4,29,151862.0,18.0
KAG_2026_12491,Japan,ML Engineer,Contributor,13,16,0,2,9,13,226,1,48,7,7,132325.0,13.0
KAG_2026_12492,Germany,Data Scientist,Expert,16,32,2,3,17,30,314,1,63,4,13,163176.0,16.0
KAG_2026_12493,Brazil,ML Engineer,Expert,18,20,1,8,16,22,478,1,58,11,13,123022.0,18.0
KAG_2026_12494,USA,Researcher,Grandmaster,17,54,22,32,21,126,2780,1,100,7,32,246354.0,17.0
KAG_2026_12495,UK,Researcher,Expert,17,29,3,3,13,27,295,1,60,11,14,156875.0,17.0
KAG_2026_12496,Canada,ML Engineer,Expert,16,30,4,9,10,28,309,1,64,9,14,194409.0,16.0
KAG_2026_12497,USA,Student,Novice,0,13,0,0,0,9,14,1,4,3,0,0.0,0.0
KAG_2026_12498,USA,Student,Master,2,41,18,19,21,54,837,1,71,1,21,14937.0,2.0
KAG_2026_12499,UK,Student,Novice,1,10,0,0,5,13,8,0,7,2,0,0.0,1.0
KAG_2026_12500,India,Researcher,Expert,12,30,3,8,14,26,470,1,61,3,13,115638.0,12.0
KAG_2026_12501,UK,Data Analyst,Contributor,10,16,0,6,10,18,264,1,41,3,7,85928.0,10.0
KAG_2026_12502,USA,ML Engineer,Expert,8,22,3,7,18,24,201,1,54,3,11,199913.0,8.0
KAG_2026_12503,Canada,ML Engineer,Expert,12,25,1,7,13,24,294,1,58,5,12,148416.0,12.0
KAG_2026_12504,USA,Researcher,Grandmaster,18,54,21,25,21,113,2633,1,100,3,31,230488.0,18.0
KAG_2026_12505,Canada,Data Scientist,Master,10,42,5,31,19,62,949,1,70,7,17,164454.0,10.0
KAG_2026_12506,India,ML Engineer,Contributor,14,16,0,9,11,8,367,0,48,2,8,102422.0,14.0
KAG_2026_12507,UK,ML Engineer,Expert,18,22,1,3,16,36,205,1,69,9,13,186682.0,18.0
KAG_2026_12508,India,ML Engineer,Master,20,43,7,27,17,65,1102,1,84,11,21,138114.0,20.0
KAG_2026_12509,USA,Data Analyst,Novice,4,11,0,0,1,9,4,0,12,8,1,73457.0,4.0
KAG_2026_12510,Canada,Data Analyst,Novice,7,7,0,0,7,19,0,1,21,9,2,80787.0,7.0
KAG_2026_12511,India,Data Scientist,Expert,8,27,3,1,12,22,196,1,47,8,11,89063.0,8.0
KAG_2026_12512,Canada,Data Scientist,Contributor,3,21,0,9,11,18,372,1,29,7,4,103970.0,3.0
KAG_2026_12513,India,Student,Contributor,2,17,0,8,11,21,323,0,29,3,4,0.0,2.0
KAG_2026_12514,USA,Student,Contributor,2,15,0,1,6,20,330,1,21,4,4,0.0,2.0
KAG_2026_12515,USA,Researcher,Expert,16,23,2,5,12,37,376,1,57,5,13,225344.0,16.0
KAG_2026_12516,USA,Data Scientist,Contributor,12,12,0,4,14,11,99,1,45,9,7,192170.0,12.0
KAG_2026_12517,UK,Student,Novice,1,8,0,0,9,10,5,0,15,4,0,7204.0,1.0
KAG_2026_12518,USA,Data Analyst,Expert,14,20,1,4,10,38,243,1,54,10,12,142656.0,14.0
KAG_2026_12519,Brazil,ML Engineer,Grandmaster,8,58,10,33,27,115,2861,1,77,7,23,101129.0,8.0
KAG_2026_12520,India,Data Analyst,Expert,13,25,1,5,10,28,256,1,62,3,12,81849.0,13.0
KAG_2026_12521,USA,ML Engineer,Expert,21,22,2,4,19,33,445,1,68,2,15,228365.0,21.0
KAG_2026_12522,India,ML Engineer,Expert,15,25,3,2,17,30,414,1,64,7,14,128739.0,15.0
KAG_2026_12523,Canada,ML Engineer,Expert,4,20,2,3,10,29,502,1,51,5,10,129399.0,4.0
KAG_2026_12524,Germany,Data Scientist,Master,13,38,20,29,23,51,859,1,88,4,25,162376.0,13.0
KAG_2026_12525,USA,Researcher,Expert,5,23,1,8,18,37,248,1,38,5,10,153495.0,5.0
KAG_2026_12526,India,Student,Novice,2,3,0,0,8,13,0,1,11,2,0,0.0,2.0
KAG_2026_12527,UK,Student,Novice,0,2,0,0,3,20,8,0,4,4,0,9127.0,0.0
KAG_2026_12528,UK,Data Analyst,Contributor,9,16,0,1,5,12,125,1,30,4,6,82740.0,9.0
KAG_2026_12529,Germany,Student,Novice,2,2,0,0,8,7,8,0,12,4,0,0.0,2.0
KAG_2026_12530,Canada,Data Scientist,Master,8,39,7,22,15,59,818,1,67,9,17,150584.0,8.0
KAG_2026_12531,UK,Data Scientist,Expert,14,25,1,1,11,28,305,1,63,11,12,139802.0,14.0
KAG_2026_12532,Nigeria,Data Analyst,Contributor,10,12,0,6,11,19,186,1,36,10,7,63673.0,10.0
KAG_2026_12533,USA,Data Scientist,Grandmaster,8,61,11,15,20,124,2692,1,90,7,23,186435.0,8.0
KAG_2026_12534,Canada,Data Scientist,Expert,5,26,4,4,11,21,375,1,43,9,11,142951.0,5.0
KAG_2026_12535,USA,Data Analyst,Novice,3,2,0,0,4,1,10,1,18,7,0,70238.0,3.0
KAG_2026_12536,Nigeria,Researcher,Master,17,48,5,36,18,61,1018,1,85,6,19,118528.0,17.0
KAG_2026_12537,Canada,Data Scientist,Grandmaster,16,61,13,37,26,110,2862,1,91,10,27,178207.0,16.0
KAG_2026_12538,USA,Researcher,Expert,21,21,2,6,14,31,219,1,67,6,15,221557.0,21.0
KAG_2026_12539,France,Researcher,Expert,10,31,2,6,16,20,180,1,50,2,12,132452.0,10.0
KAG_2026_12540,Germany,ML Engineer,Expert,10,32,3,8,14,20,509,1,53,5,12,148417.0,10.0
KAG_2026_12541,India,Researcher,Master,8,46,10,21,16,69,802,1,63,8,19,112569.0,8.0
KAG_2026_12542,USA,Data Scientist,Expert,7,31,1,6,17,25,372,1,55,11,10,168348.0,7.0
KAG_2026_12543,USA,Data Scientist,Master,11,39,17,39,20,59,864,1,73,9,23,197154.0,11.0
KAG_2026_12544,India,Data Analyst,Contributor,13,20,0,7,7,22,59,0,48,6,7,74032.0,13.0
KAG_2026_12545,Canada,Researcher,Grandmaster,21,52,19,35,27,116,2615,1,100,3,31,204291.0,21.0
KAG_2026_12546,USA,Data Analyst,Expert,6,34,3,3,16,25,307,1,50,10,11,109832.0,6.0
KAG_2026_12547,Canada,Researcher,Grandmaster,18,58,14,28,24,115,2849,1,100,4,28,184571.0,18.0
KAG_2026_12548,USA,Data Scientist,Expert,21,34,2,7,18,33,165,1,65,9,15,203970.0,21.0
KAG_2026_12549,Spain,Data Scientist,Contributor,7,11,0,3,9,21,273,1,39,4,6,100121.0,7.0
KAG_2026_12550,France,Data Scientist,Contributor,5,16,0,7,10,7,164,0,33,3,5,110847.0,5.0
KAG_2026_12551,Canada,Data Analyst,Contributor,14,20,0,9,10,7,133,0,45,2,8,101157.0,14.0
KAG_2026_12552,USA,Data Scientist,Contributor,10,15,0,3,14,17,426,1,31,7,7,164282.0,10.0
KAG_2026_12553,Brazil,Data Scientist,Grandmaster,13,57,14,26,24,127,2551,1,87,2,26,129957.0,13.0
KAG_2026_12554,Nigeria,Student,Novice,1,10,0,0,8,4,13,0,12,2,0,0.0,1.0
KAG_2026_12555,Japan,Student,Expert,1,26,3,7,10,29,447,1,43,3,9,0.0,1.0
KAG_2026_12556,Brazil,Researcher,Master,13,46,13,21,18,57,1126,1,83,7,22,124694.0,13.0
KAG_2026_12557,UK,Data Scientist,Master,13,47,14,11,17,56,1021,1,80,3,22,170919.0,13.0
KAG_2026_12558,Germany,Researcher,Expert,6,30,3,6,11,21,171,1,42,10,11,144568.0,6.0
KAG_2026_12559,Nigeria,Data Scientist,Expert,7,29,2,1,19,29,486,1,46,2,11,77432.0,7.0
KAG_2026_12560,Canada,Data Analyst,Contributor,6,8,0,7,6,18,308,0,31,7,5,83696.0,6.0
KAG_2026_12561,USA,ML Engineer,Expert,4,29,2,9,18,29,165,1,43,9,10,168584.0,4.0
KAG_2026_12562,India,Data Analyst,Expert,16,26,3,3,19,37,312,1,55,6,14,93570.0,16.0
KAG_2026_12563,Spain,Data Scientist,Grandmaster,11,62,15,31,28,118,2621,1,94,5,26,137152.0,11.0
KAG_2026_12564,France,ML Engineer,Expert,17,31,3,8,13,25,202,1,60,4,14,168605.0,17.0
KAG_2026_12565,India,Student,Novice,2,3,0,0,6,9,7,0,12,1,0,0.0,2.0
KAG_2026_12566,Nigeria,Data Analyst,Novice,21,10,0,0,4,5,4,1,33,6,6,84064.0,21.0
KAG_2026_12567,India,Data Scientist,Master,18,47,20,16,17,53,888,1,87,6,27,158628.0,18.0
KAG_2026_12568,Germany,Data Scientist,Grandmaster,8,51,20,31,26,117,2886,1,90,9,28,169962.0,8.0
KAG_2026_12569,India,Student,Grandmaster,1,58,16,15,24,125,2768,1,73,4,24,0.0,1.0
KAG_2026_12570,USA,Data Analyst,Expert,9,20,4,7,12,26,488,1,50,8,12,124480.0,9.0
KAG_2026_12571,Canada,Data Scientist,Expert,18,22,3,4,14,35,482,1,67,10,14,166454.0,18.0
KAG_2026_12572,UK,ML Engineer,Contributor,19,16,0,4,9,19,308,0,49,8,9,163601.0,19.0
KAG_2026_12573,Japan,Data Analyst,Master,9,35,6,13,19,68,1068,1,75,5,17,111499.0,9.0
KAG_2026_12574,India,ML Engineer,Master,19,44,20,32,16,68,1107,1,83,5,27,159773.0,19.0
KAG_2026_12575,India,Student,Expert,2,27,3,6,12,27,272,1,45,1,10,12459.0,2.0
KAG_2026_12576,Germany,Student,Contributor,2,9,0,8,10,17,347,1,19,4,4,0.0,2.0
KAG_2026_12577,France,Data Scientist,Contributor,4,10,0,1,10,6,223,0,35,8,5,110438.0,4.0
KAG_2026_12578,Brazil,Researcher,Grandmaster,12,57,16,19,21,119,2707,1,86,8,27,116834.0,12.0
KAG_2026_12579,USA,ML Engineer,Expert,13,28,1,3,12,30,543,1,62,10,12,211169.0,13.0
KAG_2026_12580,UK,Data Scientist,Contributor,14,7,0,1,8,18,282,1,37,3,8,146893.0,14.0
KAG_2026_12581,Germany,Student,Master,0,40,20,30,23,54,905,1,59,2,22,0.0,0.0
KAG_2026_12582,USA,Student,Novice,2,12,0,0,6,15,7,0,12,3,0,0.0,2.0
KAG_2026_12583,Germany,Data Scientist,Contributor,6,20,0,2,13,10,216,1,24,2,5,128324.0,6.0
KAG_2026_12584,India,Student,Novice,2,4,0,0,8,18,1,0,8,4,0,0.0,2.0
KAG_2026_12585,USA,Student,Novice,2,2,0,0,3,18,6,1,15,3,0,0.0,2.0
KAG_2026_12586,India,Student,Novice,1,13,0,0,6,6,7,1,10,3,0,0.0,1.0
KAG_2026_12587,USA,ML Engineer,Contributor,18,13,0,2,9,23,300,0,44,10,9,219053.0,18.0
KAG_2026_12588,USA,Researcher,Grandmaster,7,61,17,25,25,114,2782,1,85,4,26,182372.0,7.0
KAG_2026_12589,USA,Researcher,Grandmaster,12,52,21,33,23,114,2502,1,88,5,30,230191.0,12.0
KAG_2026_12590,USA,Student,Novice,2,3,0,0,5,7,10,1,15,2,0,12906.0,2.0
KAG_2026_12591,Canada,Data Analyst,Contributor,8,12,0,5,11,9,175,0,38,8,6,93599.0,8.0
KAG_2026_12592,USA,Data Scientist,Contributor,8,9,0,8,8,11,145,0,29,8,6,159211.0,8.0
KAG_2026_12593,Japan,Data Analyst,Novice,8,2,0,0,8,19,3,0,14,6,2,66446.0,8.0
KAG_2026_12594,Canada,Data Scientist,Expert,14,20,3,4,15,26,260,1,62,7,13,146728.0,14.0
KAG_2026_12595,Canada,Student,Master,0,44,15,20,23,62,970,1,60,4,19,0.0,0.0
KAG_2026_12596,USA,Researcher,Expert,8,22,2,6,16,31,503,1,52,2,11,175132.0,8.0
KAG_2026_12597,UK,Data Analyst,Novice,2,14,0,0,3,3,3,0,7,3,0,54212.0,2.0
KAG_2026_12598,India,ML Engineer,Master,6,46,19,19,24,59,811,1,72,4,23,107863.0,6.0
KAG_2026_12599,UK,Student,Novice,0,9,0,0,0,15,6,1,8,3,0,0.0,0.0
KAG_2026_12600,Brazil,Data Analyst,Expert,18,27,2,2,18,22,361,1,71,7,14,110844.0,18.0
KAG_2026_12601,India,Data Scientist,Contributor,16,8,0,3,12,19,152,1,47,4,8,115110.0,16.0
KAG_2026_12602,UK,Researcher,Expert,11,29,3,5,11,27,204,1,58,3,12,150889.0,11.0
KAG_2026_12603,Germany,Student,Novice,1,10,0,0,3,8,10,1,7,1,0,14407.0,1.0
KAG_2026_12604,India,Researcher,Expert,8,28,2,4,15,24,415,1,52,2,11,90352.0,8.0
KAG_2026_12605,Nigeria,Researcher,Master,13,39,13,34,22,66,997,1,75,5,22,110125.0,13.0
KAG_2026_12606,India,Data Scientist,Expert,8,33,3,4,18,25,217,1,53,4,11,96694.0,8.0
KAG_2026_12607,India,ML Engineer,Contributor,3,18,0,3,11,16,355,1,27,3,4,68058.0,3.0
KAG_2026_12608,USA,ML Engineer,Contributor,8,10,0,5,9,13,346,0,37,8,6,171273.0,8.0
KAG_2026_12609,Germany,Data Analyst,Novice,10,2,0,0,8,12,9,0,16,6,3,87495.0,10.0
KAG_2026_12610,Germany,Student,Contributor,0,20,0,5,5,12,95,1,23,4,4,0.0,0.0
KAG_2026_12611,UK,Student,Contributor,2,20,0,3,5,7,236,1,30,2,4,0.0,2.0
KAG_2026_12612,USA,ML Engineer,Master,15,43,10,24,21,54,1034,1,85,9,21,201036.0,15.0
KAG_2026_12613,India,Data Analyst,Contributor,13,16,0,2,13,16,156,1,44,11,7,72170.0,13.0
KAG_2026_12614,India,Data Scientist,Master,15,47,22,36,23,68,869,1,91,6,27,143964.0,15.0
KAG_2026_12615,India,Student,Contributor,2,17,0,8,5,19,134,0,29,2,4,0.0,2.0
KAG_2026_12616,India,Researcher,Expert,18,22,1,7,10,35,508,1,65,4,13,130764.0,18.0
KAG_2026_12617,France,Researcher,Expert,18,21,1,4,19,25,396,1,59,3,13,154109.0,18.0
KAG_2026_12618,USA,Researcher,Expert,16,33,4,5,16,28,429,1,56,9,14,220430.0,16.0
KAG_2026_12619,USA,Researcher,Grandmaster,8,58,19,30,27,128,2543,1,93,2,27,185047.0,8.0
KAG_2026_12620,India,Data Scientist,Expert,21,32,2,5,18,20,348,1,75,7,15,149703.0,21.0
KAG_2026_12621,USA,Data Analyst,Contributor,3,11,0,4,10,9,153,1,19,10,4,77924.0,3.0
KAG_2026_12622,India,Researcher,Expert,17,21,4,3,19,27,499,1,63,5,15,123370.0,17.0
KAG_2026_12623,USA,Data Analyst,Contributor,3,8,0,8,7,19,377,0,22,8,4,78931.0,3.0
KAG_2026_12624,USA,Student,Contributor,2,14,0,5,12,18,69,1,19,2,4,0.0,2.0
KAG_2026_12625,India,Data Analyst,Contributor,14,8,0,6,10,20,340,1,42,8,8,85488.0,14.0
KAG_2026_12626,India,Student,Novice,1,13,0,0,8,17,14,0,4,4,0,0.0,1.0
KAG_2026_12627,Germany,Researcher,Expert,19,20,2,2,11,29,475,1,71,8,14,181763.0,19.0
KAG_2026_12628,India,Data Scientist,Expert,6,22,1,3,10,25,506,1,40,10,10,90784.0,6.0
KAG_2026_12629,India,Data Analyst,Novice,11,11,0,0,1,1,0,1,25,4,3,65227.0,11.0
KAG_2026_12630,Canada,Researcher,Grandmaster,9,57,13,27,24,114,2679,1,85,4,25,178864.0,9.0
KAG_2026_12631,India,ML Engineer,Grandmaster,10,57,15,11,28,125,2556,1,88,7,26,136576.0,10.0
KAG_2026_12632,Germany,Student,Novice,0,2,0,0,7,10,7,0,12,1,0,0.0,0.0
KAG_2026_12633,Germany,ML Engineer,Contributor,13,16,0,7,8,19,364,1,34,7,7,147391.0,13.0
KAG_2026_12634,India,ML Engineer,Contributor,5,20,0,4,6,7,155,0,25,3,5,79793.0,5.0
KAG_2026_12635,India,Data Scientist,Master,6,46,20,28,17,65,853,1,76,11,23,99760.0,6.0
KAG_2026_12636,India,Researcher,Expert,8,33,4,4,13,31,491,1,58,5,12,86698.0,8.0
KAG_2026_12637,Germany,Data Scientist,Master,13,39,10,20,23,59,831,1,78,9,20,174663.0,13.0
KAG_2026_12638,USA,Researcher,Expert,14,33,1,7,17,37,520,1,55,8,12,183409.0,14.0
KAG_2026_12639,UK,Student,Novice,1,6,0,0,5,8,13,1,1,4,0,0.0,1.0
KAG_2026_12640,Germany,Student,Contributor,1,14,0,1,6,12,121,1,30,4,4,0.0,1.0
KAG_2026_12641,USA,Data Scientist,Expert,6,27,4,4,15,30,420,1,44,10,11,155853.0,6.0
KAG_2026_12642,Spain,ML Engineer,Expert,8,28,1,9,11,21,370,1,47,5,10,110305.0,8.0
KAG_2026_12643,Japan,Researcher,Expert,19,32,3,1,10,29,463,1,63,10,15,175191.0,19.0
KAG_2026_12644,India,ML Engineer,Expert,13,30,1,5,10,39,345,1,60,9,12,112232.0,13.0
KAG_2026_12645,USA,Data Analyst,Novice,2,5,0,0,5,7,13,0,8,3,0,72159.0,2.0
KAG_2026_12646,USA,ML Engineer,Expert,5,34,2,7,12,24,312,1,52,3,10,187585.0,5.0
KAG_2026_12647,India,Data Scientist,Expert,16,33,2,9,15,29,318,1,57,8,13,123273.0,16.0
KAG_2026_12648,India,ML Engineer,Expert,11,21,2,7,10,33,448,1,60,9,12,110404.0,11.0
KAG_2026_12649,Spain,ML Engineer,Grandmaster,8,59,24,12,22,115,2575,1,86,3,30,146721.0,8.0
KAG_2026_12650,France,Student,Novice,0,12,0,0,9,13,7,0,14,1,0,0.0,0.0
KAG_2026_12651,USA,Student,Novice,2,2,0,0,8,7,1,1,6,3,0,0.0,2.0
KAG_2026_12652,UK,Data Scientist,Master,11,39,13,12,22,60,1152,1,74,11,21,159815.0,11.0
KAG_2026_12653,USA,Data Analyst,Novice,4,2,0,0,0,13,2,1,12,6,1,80390.0,4.0
KAG_2026_12654,USA,Researcher,Expert,12,23,2,1,16,39,189,1,60,5,12,193261.0,12.0
KAG_2026_12655,UK,Student,Novice,0,9,0,0,4,2,8,1,7,4,0,0.0,0.0
KAG_2026_12656,Spain,ML Engineer,Contributor,15,7,0,5,10,20,237,1,41,10,8,138196.0,15.0
KAG_2026_12657,USA,ML Engineer,Contributor,12,7,0,3,14,6,64,0,39,7,7,191305.0,12.0
KAG_2026_12658,USA,ML Engineer,Contributor,10,7,0,5,9,10,276,1,43,8,7,181463.0,10.0
KAG_2026_12659,France,Data Scientist,Expert,6,25,2,8,15,28,320,1,54,7,10,106102.0,6.0
KAG_2026_12660,Canada,ML Engineer,Master,12,44,11,10,23,64,822,1,76,5,21,172099.0,12.0
KAG_2026_12661,UK,ML Engineer,Expert,20,25,1,5,18,25,421,1,62,4,14,184144.0,20.0
KAG_2026_12662,USA,Data Analyst,Expert,14,21,1,7,11,28,461,1,54,6,12,122008.0,14.0
KAG_2026_12663,Germany,Researcher,Master,21,39,18,30,19,55,854,1,88,11,27,186577.0,21.0
KAG_2026_12664,India,ML Engineer,Contributor,20,10,0,4,5,8,121,0,50,3,10,129690.0,20.0
KAG_2026_12665,Spain,Data Analyst,Novice,2,14,0,0,8,9,3,0,4,8,0,44864.0,2.0
KAG_2026_12666,USA,ML Engineer,Contributor,8,18,0,4,7,18,410,1,29,3,6,172996.0,8.0
KAG_2026_12667,Germany,Data Scientist,Expert,12,21,2,5,15,28,197,1,56,2,12,160715.0,12.0
KAG_2026_12668,Canada,Data Scientist,Expert,8,21,3,9,16,30,517,1,55,2,11,133558.0,8.0
KAG_2026_12669,India,ML Engineer,Contributor,21,10,0,8,5,8,256,0,52,7,10,124371.0,21.0
KAG_2026_12670,USA,Data Scientist,Master,7,49,16,24,22,63,1136,1,67,10,22,197153.0,7.0
KAG_2026_12671,Japan,ML Engineer,Expert,13,20,4,6,14,37,334,1,59,10,13,155211.0,13.0
KAG_2026_12672,USA,Data Analyst,Expert,18,27,1,3,13,39,458,1,59,3,13,148090.0,18.0
KAG_2026_12673,Nigeria,ML Engineer,Expert,21,25,4,5,18,39,307,1,69,6,16,119149.0,21.0
KAG_2026_12674,India,Researcher,Master,17,42,10,25,18,65,1138,1,84,6,22,149365.0,17.0
KAG_2026_12675,Germany,Data Scientist,Expert,6,32,1,3,15,35,296,1,50,11,10,117428.0,6.0
KAG_2026_12676,Nigeria,Data Analyst,Contributor,7,19,0,9,10,8,55,0,36,6,6,56163.0,7.0
KAG_2026_12677,Canada,Student,Novice,2,14,0,0,4,9,7,1,13,3,0,5960.0,2.0
KAG_2026_12678,USA,Data Analyst,Contributor,6,20,0,3,12,13,72,1,30,4,5,94789.0,6.0
KAG_2026_12679,USA,Data Scientist,Grandmaster,12,64,9,27,27,123,2719,1,90,10,24,185556.0,12.0
KAG_2026_12680,India,ML Engineer,Grandmaster,11,58,16,16,26,128,2744,1,84,9,27,138131.0,11.0
KAG_2026_12681,France,Researcher,Expert,4,31,1,3,11,39,492,1,49,10,9,109691.0,4.0
KAG_2026_12682,UK,Data Scientist,Expert,13,22,3,9,10,38,454,1,63,7,13,152529.0,13.0
KAG_2026_12683,USA,ML Engineer,Expert,16,31,4,3,19,30,170,1,58,9,14,193191.0,16.0
KAG_2026_12684,USA,ML Engineer,Contributor,11,20,0,1,11,14,276,1,41,7,7,201308.0,11.0
KAG_2026_12685,Canada,ML Engineer,Master,11,36,13,34,21,51,819,1,72,2,21,177586.0,11.0
KAG_2026_12686,Germany,Researcher,Expert,21,22,2,8,17,30,460,1,62,4,15,200173.0,21.0
KAG_2026_12687,USA,Student,Grandmaster,0,51,5,38,28,128,2653,1,75,2,18,0.0,0.0
KAG_2026_12688,Nigeria,Data Scientist,Expert,21,28,1,6,10,32,418,1,74,9,14,120395.0,21.0
KAG_2026_12689,India,Researcher,Expert,17,33,2,1,19,21,294,1,58,5,14,129394.0,17.0
KAG_2026_12690,Japan,Researcher,Master,18,38,18,29,22,53,824,1,81,8,26,192743.0,18.0
KAG_2026_12691,India,Data Scientist,Expert,16,22,2,5,18,33,544,1,60,11,13,127310.0,16.0
KAG_2026_12692,Canada,Researcher,Master,10,41,11,17,16,62,908,1,73,7,20,159401.0,10.0
KAG_2026_12693,USA,ML Engineer,Master,17,36,20,24,15,66,888,1,90,6,27,214589.0,17.0
KAG_2026_12694,Germany,Researcher,Expert,10,34,3,3,17,27,475,1,51,11,12,154005.0,10.0
KAG_2026_12695,USA,Data Scientist,Expert,13,31,2,3,14,22,350,1,54,11,12,173835.0,13.0
KAG_2026_12696,Germany,ML Engineer,Master,10,43,18,20,20,55,861,1,69,9,24,181183.0,10.0
KAG_2026_12697,USA,Data Analyst,Novice,10,7,0,0,1,10,10,1,18,4,3,101215.0,10.0
KAG_2026_12698,Brazil,Student,Contributor,0,20,0,3,8,6,409,0,21,3,4,0.0,0.0
KAG_2026_12699,Brazil,Researcher,Grandmaster,17,52,10,16,26,116,2841,1,95,10,26,138849.0,17.0
KAG_2026_12700,India,Student,Contributor,0,17,0,6,9,10,368,1,21,3,4,0.0,0.0
KAG_2026_12701,India,Data Scientist,Contributor,18,15,0,3,14,19,218,1,44,10,9,127295.0,18.0
KAG_2026_12702,Japan,Student,Grandmaster,2,59,8,39,22,114,2766,1,80,2,20,0.0,2.0
KAG_2026_12703,USA,Data Scientist,Expert,12,20,1,8,19,31,446,1,53,10,12,166679.0,12.0
KAG_2026_12704,USA,Data Scientist,Grandmaster,16,54,24,29,26,121,2510,1,96,8,32,207349.0,16.0
KAG_2026_12705,USA,ML Engineer,Grandmaster,7,53,16,34,26,122,2751,1,92,7,26,219098.0,7.0
KAG_2026_12706,Nigeria,ML Engineer,Contributor,4,7,0,4,10,20,48,1,21,2,5,67475.0,4.0
KAG_2026_12707,India,ML Engineer,Contributor,6,16,0,6,8,11,299,1,26,7,5,80751.0,6.0
KAG_2026_12708,USA,Data Scientist,Grandmaster,19,62,8,26,29,125,2896,1,98,7,25,249983.0,19.0
KAG_2026_12709,Spain,Student,Novice,0,7,0,0,4,12,0,0,10,1,0,0.0,0.0
KAG_2026_12710,Germany,Data Scientist,Expert,15,25,4,5,10,35,270,1,67,5,14,164422.0,15.0
KAG_2026_12711,India,Student,Expert,1,29,1,7,15,27,240,1,44,2,8,0.0,1.0
KAG_2026_12712,India,Data Analyst,Novice,13,10,0,0,3,6,6,0,33,7,3,73570.0,13.0
KAG_2026_12713,USA,Student,Expert,1,20,4,3,19,28,258,1,43,4,10,0.0,1.0
KAG_2026_12714,UK,Data Analyst,Novice,21,2,0,0,0,4,2,0,31,4,6,129069.0,21.0
KAG_2026_12715,India,Data Analyst,Contributor,13,15,0,4,9,12,179,0,35,6,7,80532.0,13.0
KAG_2026_12716,USA,Student,Contributor,2,17,0,4,12,12,340,1,27,4,4,0.0,2.0
KAG_2026_12717,France,Data Analyst,Contributor,17,13,0,5,14,9,416,1,46,7,9,109347.0,17.0
KAG_2026_12718,USA,Data Analyst,Contributor,15,17,0,2,6,7,434,1,40,5,8,122323.0,15.0
KAG_2026_12719,France,Data Analyst,Novice,11,7,0,0,4,4,7,1,29,11,3,82857.0,11.0
KAG_2026_12720,India,Data Analyst,Novice,10,4,0,0,7,8,14,1,22,6,3,61132.0,10.0
KAG_2026_12721,USA,Student,Contributor,1,13,0,1,11,15,406,1,18,1,4,14657.0,1.0
KAG_2026_12722,Canada,Data Scientist,Contributor,4,8,0,5,8,15,247,1,31,3,5,109641.0,4.0
KAG_2026_12723,USA,Researcher,Expert,12,32,4,5,12,39,195,1,60,10,13,188721.0,12.0
KAG_2026_12724,USA,ML Engineer,Expert,4,24,1,8,16,38,319,1,47,4,9,181321.0,4.0
KAG_2026_12725,USA,Researcher,Expert,15,25,3,2,16,20,416,1,57,5,14,183481.0,15.0
KAG_2026_12726,India,Researcher,Grandmaster,14,52,21,10,26,127,2558,1,98,6,30,152931.0,14.0
KAG_2026_12727,USA,Student,Novice,1,8,0,0,4,18,13,1,7,2,0,0.0,1.0
KAG_2026_12728,France,Researcher,Master,19,35,6,18,19,62,958,1,87,8,20,172945.0,19.0
KAG_2026_12729,USA,Researcher,Master,14,44,5,28,19,65,954,1,79,8,18,209919.0,14.0
KAG_2026_12730,Canada,Student,Contributor,0,13,0,8,13,18,432,1,24,1,4,0.0,0.0
KAG_2026_12731,UK,Student,Novice,2,4,0,0,7,20,4,1,4,3,0,0.0,2.0
KAG_2026_12732,USA,Data Analyst,Expert,11,28,4,8,10,32,518,1,56,6,13,124210.0,11.0
KAG_2026_12733,USA,Student,Master,0,40,15,30,20,53,867,1,61,4,19,0.0,0.0
KAG_2026_12734,UK,Student,Novice,2,8,0,0,3,14,2,1,17,1,0,0.0,2.0
KAG_2026_12735,USA,Data Scientist,Contributor,5,18,0,4,6,15,362,1,33,7,5,157380.0,5.0
KAG_2026_12736,Nigeria,Researcher,Expert,4,26,2,3,11,30,485,1,46,5,10,63572.0,4.0
KAG_2026_12737,India,ML Engineer,Expert,4,20,4,4,10,35,356,1,45,4,11,85133.0,4.0
KAG_2026_12738,Nigeria,ML Engineer,Expert,21,26,4,8,16,25,481,1,65,3,16,128402.0,21.0
KAG_2026_12739,India,ML Engineer,Contributor,6,12,0,1,7,9,242,1,33,6,5,80405.0,6.0
KAG_2026_12740,India,Data Scientist,Contributor,17,16,0,3,6,22,120,1,46,2,9,107749.0,17.0
KAG_2026_12741,Germany,Student,Novice,1,2,0,0,2,12,4,0,15,4,0,0.0,1.0
KAG_2026_12742,USA,Student,Novice,2,8,0,0,7,10,7,1,8,3,0,0.0,2.0
KAG_2026_12743,UK,Data Analyst,Novice,4,8,0,0,4,3,13,0,12,8,1,64159.0,4.0
KAG_2026_12744,USA,ML Engineer,Expert,5,33,1,7,10,26,431,1,46,10,10,161360.0,5.0
KAG_2026_12745,UK,Data Analyst,Grandmaster,14,52,6,38,27,122,2578,1,97,3,23,137485.0,14.0
KAG_2026_12746,USA,Student,Novice,2,5,0,0,3,15,11,0,8,2,0,0.0,2.0
KAG_2026_12747,Spain,Data Scientist,Expert,17,30,3,7,19,36,472,1,59,3,14,140990.0,17.0
KAG_2026_12748,USA,Data Scientist,Contributor,16,19,0,1,14,7,304,0,51,11,8,197606.0,16.0
KAG_2026_12749,France,Data Analyst,Master,16,49,23,10,24,52,953,1,86,4,28,123331.0,16.0
KAG_2026_12750,Brazil,ML Engineer,Expert,19,28,4,3,16,34,155,1,63,8,15,117740.0,19.0
KAG_2026_12751,India,ML Engineer,Master,10,47,15,29,23,64,1028,1,72,6,22,125664.0,10.0
KAG_2026_12752,India,ML Engineer,Contributor,9,20,0,7,13,18,320,1,32,7,6,84647.0,9.0
KAG_2026_12753,Germany,Researcher,Master,21,41,10,12,17,61,960,1,95,7,23,183698.0,21.0
KAG_2026_12754,India,Data Scientist,Expert,12,28,4,2,13,29,348,1,53,3,13,114175.0,12.0
KAG_2026_12755,Brazil,Data Scientist,Master,14,45,9,25,24,52,1007,1,72,3,20,119727.0,14.0
KAG_2026_12756,Japan,Data Analyst,Contributor,7,11,0,2,11,18,124,0,32,6,6,80999.0,7.0
KAG_2026_12757,Brazil,Data Analyst,Novice,6,4,0,0,1,16,0,1,23,7,1,40049.0,6.0
KAG_2026_12758,UK,Student,Master,0,40,5,12,22,62,1177,1,50,4,14,0.0,0.0
KAG_2026_12759,USA,Data Scientist,Contributor,8,8,0,8,10,13,342,1,30,7,6,150601.0,8.0
KAG_2026_12760,USA,Data Analyst,Contributor,16,15,0,9,9,17,324,1,47,9,8,140104.0,16.0
KAG_2026_12761,Canada,Researcher,Grandmaster,13,59,11,14,23,123,2579,1,97,3,25,179773.0,13.0
KAG_2026_12762,USA,Student,Expert,2,26,2,2,17,32,377,1,39,1,9,0.0,2.0
KAG_2026_12763,Brazil,Researcher,Expert,5,27,1,2,14,30,533,1,41,9,10,84824.0,5.0
KAG_2026_12764,France,Data Analyst,Novice,12,12,0,0,6,13,10,0,25,6,3,87432.0,12.0
KAG_2026_12765,India,Student,Contributor,1,9,0,4,11,18,317,0,17,2,4,0.0,1.0
KAG_2026_12766,Nigeria,Researcher,Expert,18,27,4,9,19,26,361,1,72,5,15,121312.0,18.0
KAG_2026_12767,UK,Data Analyst,Contributor,12,19,0,6,8,10,376,1,35,7,7,101765.0,12.0
KAG_2026_12768,Spain,Student,Novice,2,2,0,0,7,14,6,1,4,4,0,0.0,2.0
KAG_2026_12769,India,Researcher,Grandmaster,6,60,13,18,28,123,2537,1,78,7,24,113524.0,6.0
KAG_2026_12770,USA,Researcher,Expert,16,28,1,5,17,25,543,1,60,2,13,197926.0,16.0
KAG_2026_12771,Germany,Data Analyst,Novice,7,8,0,0,8,14,5,1,20,9,2,77389.0,7.0
KAG_2026_12772,Canada,Student,Grandmaster,0,63,5,13,23,110,2734,1,71,2,18,0.0,0.0
KAG_2026_12773,USA,Data Scientist,Contributor,12,16,0,1,10,15,158,1,33,7,7,169317.0,12.0
KAG_2026_12774,UK,Student,Expert,2,30,4,8,11,23,367,1,39,2,10,0.0,2.0
KAG_2026_12775,France,Researcher,Expert,6,33,3,4,16,26,303,1,42,4,11,116885.0,6.0
KAG_2026_12776,USA,Researcher,Expert,9,32,3,6,17,32,465,1,57,11,12,191817.0,9.0
KAG_2026_12777,India,ML Engineer,Expert,6,24,4,3,13,25,368,1,47,2,11,90339.0,6.0
KAG_2026_12778,USA,ML Engineer,Expert,4,30,3,5,19,28,174,1,46,7,10,184564.0,4.0
KAG_2026_12779,USA,Data Analyst,Novice,11,7,0,0,2,9,4,1,29,7,3,97540.0,11.0
KAG_2026_12780,USA,Data Analyst,Novice,3,2,0,0,6,18,9,1,9,8,0,78076.0,3.0
KAG_2026_12781,USA,ML Engineer,Contributor,21,17,0,2,7,22,339,1,51,5,10,220421.0,21.0
KAG_2026_12782,Canada,Data Scientist,Grandmaster,20,58,10,17,25,128,2637,1,100,5,27,184875.0,20.0
KAG_2026_12783,Spain,ML Engineer,Expert,14,27,3,4,10,30,273,1,64,4,13,150866.0,14.0
KAG_2026_12784,UK,Data Analyst,Novice,11,7,0,0,1,1,5,1,25,4,3,75606.0,11.0
KAG_2026_12785,Germany,Data Analyst,Novice,8,2,0,0,7,3,7,1,16,7,2,75783.0,8.0
KAG_2026_12786,India,Data Analyst,Novice,10,11,0,0,9,19,8,0,23,3,3,58520.0,10.0
KAG_2026_12787,Japan,Data Analyst,Expert,13,24,4,6,11,29,379,1,59,5,13,99716.0,13.0
KAG_2026_12788,UK,Researcher,Expert,18,24,4,5,13,22,154,1,72,4,15,184749.0,18.0
KAG_2026_12789,Spain,Data Analyst,Novice,21,2,0,0,6,20,6,1,44,10,6,102379.0,21.0
KAG_2026_12790,USA,Data Analyst,Grandmaster,15,54,9,17,29,120,2856,1,95,9,25,159616.0,15.0
KAG_2026_12791,Canada,ML Engineer,Contributor,10,17,0,7,6,18,241,0,44,2,7,157336.0,10.0
KAG_2026_12792,USA,ML Engineer,Grandmaster,18,51,24,13,24,126,2548,1,100,11,33,232014.0,18.0
KAG_2026_12793,UK,ML Engineer,Master,16,36,9,16,17,67,825,1,78,9,21,173145.0,16.0
KAG_2026_12794,UK,Student,Contributor,2,9,0,9,13,6,64,1,23,2,4,0.0,2.0
KAG_2026_12795,India,Student,Contributor,1,15,0,4,8,5,360,1,25,3,4,0.0,1.0
KAG_2026_12796,Nigeria,Researcher,Grandmaster,15,53,5,38,23,120,2509,1,98,7,23,133096.0,15.0
KAG_2026_12797,Spain,Researcher,Master,19,46,10,28,18,50,1153,1,86,4,22,152370.0,19.0
KAG_2026_12798,India,Student,Novice,2,2,0,0,3,4,9,0,8,2,0,0.0,2.0
KAG_2026_12799,Germany,ML Engineer,Master,14,37,14,34,17,55,1122,1,76,8,23,160390.0,14.0
KAG_2026_12800,Germany,Data Analyst,Grandmaster,18,63,18,26,25,121,2879,1,100,7,30,143446.0,18.0
KAG_2026_12801,Japan,Researcher,Expert,9,27,2,3,16,33,314,1,48,6,11,129338.0,9.0
KAG_2026_12802,India,Researcher,Master,12,39,19,10,21,58,1170,1,86,6,25,129536.0,12.0
KAG_2026_12803,USA,Data Analyst,Contributor,8,19,0,7,13,19,64,0,28,11,6,96229.0,8.0
KAG_2026_12804,India,Data Analyst,Novice,11,10,0,0,2,12,8,1,16,6,3,68172.0,11.0
KAG_2026_12805,UK,Researcher,Master,6,42,22,18,23,58,932,1,65,8,24,141304.0,6.0
KAG_2026_12806,USA,Researcher,Expert,16,22,1,8,11,35,271,1,66,9,13,187640.0,16.0
KAG_2026_12807,USA,Researcher,Expert,21,31,1,5,16,23,512,1,71,4,14,243665.0,21.0
KAG_2026_12808,UK,Data Scientist,Contributor,9,15,0,5,6,5,211,1,29,2,6,127814.0,9.0
KAG_2026_12809,Canada,ML Engineer,Expert,16,23,1,3,12,33,355,1,62,11,13,172434.0,16.0
KAG_2026_12810,USA,Researcher,Expert,18,23,3,4,17,23,185,1,64,10,14,226668.0,18.0
KAG_2026_12811,USA,ML Engineer,Grandmaster,14,61,11,13,22,116,2601,1,89,9,25,236890.0,14.0
KAG_2026_12812,USA,ML Engineer,Expert,9,30,4,9,12,24,158,1,46,3,12,204068.0,9.0
KAG_2026_12813,USA,Data Scientist,Master,15,48,8,11,22,68,1070,1,83,2,20,204236.0,15.0
KAG_2026_12814,Japan,ML Engineer,Expert,16,24,2,6,13,32,476,1,69,7,13,154401.0,16.0
KAG_2026_12815,USA,Data Analyst,Novice,7,2,0,0,0,3,8,0,12,5,2,88276.0,7.0
KAG_2026_12816,USA,Data Analyst,Contributor,15,16,0,8,12,20,272,1,46,7,8,119867.0,15.0
KAG_2026_12817,USA,ML Engineer,Contributor,4,19,0,5,14,16,412,1,29,2,5,153317.0,4.0
KAG_2026_12818,Brazil,Researcher,Expert,19,27,3,7,18,27,529,1,72,6,15,125167.0,19.0
KAG_2026_12819,Canada,Researcher,Master,14,36,15,25,18,55,966,1,85,9,23,173353.0,14.0
KAG_2026_12820,Spain,Researcher,Master,14,40,8,13,23,53,1183,1,79,4,20,150848.0,14.0
KAG_2026_12821,Germany,Researcher,Master,16,35,23,31,22,68,1100,1,83,10,28,183857.0,16.0
KAG_2026_12822,India,Data Analyst,Novice,2,2,0,0,9,7,11,0,14,2,0,29682.0,2.0
KAG_2026_12823,USA,ML Engineer,Master,19,44,8,10,21,62,1091,1,85,7,21,210731.0,19.0
KAG_2026_12824,USA,ML Engineer,Contributor,10,15,0,8,9,13,261,1,37,5,7,177538.0,10.0
KAG_2026_12825,USA,Researcher,Expert,8,27,2,5,19,39,501,1,54,7,11,168846.0,8.0
KAG_2026_12826,USA,Student,Novice,2,5,0,0,9,13,13,0,5,2,0,0.0,2.0
KAG_2026_12827,Germany,Data Analyst,Novice,16,14,0,0,8,7,14,1,37,9,4,106228.0,16.0
KAG_2026_12828,Canada,ML Engineer,Master,18,47,19,31,15,50,982,1,84,11,26,181951.0,18.0
KAG_2026_12829,India,Researcher,Expert,7,22,3,4,15,31,257,1,46,7,11,84244.0,7.0
KAG_2026_12830,India,ML Engineer,Contributor,18,18,0,4,8,11,213,1,46,9,9,124497.0,18.0
KAG_2026_12831,Brazil,Data Scientist,Contributor,12,18,0,4,9,18,167,1,36,3,7,93741.0,12.0
KAG_2026_12832,India,Data Scientist,Expert,6,22,1,1,16,23,155,1,46,2,10,90128.0,6.0
KAG_2026_12833,USA,Researcher,Expert,11,32,3,6,16,23,199,1,56,4,12,191582.0,11.0
KAG_2026_12834,UK,Researcher,Expert,5,27,4,8,13,36,448,1,51,7,11,115083.0,5.0
KAG_2026_12835,Canada,Data Analyst,Contributor,6,15,0,3,8,6,225,1,29,4,5,84072.0,6.0
KAG_2026_12836,USA,Data Scientist,Expert,16,33,3,8,15,34,159,1,65,11,14,196200.0,16.0
KAG_2026_12837,France,Data Scientist,Expert,18,21,4,4,13,38,203,1,71,7,15,172501.0,18.0
KAG_2026_12838,USA,Data Scientist,Expert,4,24,1,5,16,24,478,1,44,2,9,166781.0,4.0
KAG_2026_12839,USA,Researcher,Master,8,42,20,23,16,66,899,1,81,8,24,177648.0,8.0
KAG_2026_12840,Germany,Researcher,Expert,6,30,2,4,12,33,159,1,41,5,10,132397.0,6.0
KAG_2026_12841,Germany,Student,Contributor,0,10,0,2,5,20,216,1,16,4,4,0.0,0.0
KAG_2026_12842,USA,Researcher,Master,20,46,16,23,22,57,877,1,84,3,26,225833.0,20.0
KAG_2026_12843,Canada,Researcher,Expert,11,28,2,7,18,35,436,1,50,5,12,145612.0,11.0
KAG_2026_12844,USA,Data Scientist,Expert,5,31,4,2,19,39,214,1,51,4,11,175706.0,5.0
KAG_2026_12845,Nigeria,Data Scientist,Contributor,16,15,0,4,8,15,252,0,49,8,8,105362.0,16.0
KAG_2026_12846,UK,Data Analyst,Novice,10,4,0,0,4,15,1,0,16,4,3,72240.0,10.0
KAG_2026_12847,France,Data Scientist,Master,19,45,17,11,18,58,1165,1,84,2,26,165086.0,19.0
KAG_2026_12848,USA,Data Scientist,Contributor,4,11,0,6,11,13,252,1,33,3,5,151574.0,4.0
KAG_2026_12849,USA,Data Analyst,Contributor,13,14,0,8,14,11,222,0,36,2,7,117251.0,13.0
KAG_2026_12850,UK,Student,Novice,1,5,0,0,8,9,9,1,5,1,0,0.0,1.0
KAG_2026_12851,Nigeria,Data Scientist,Contributor,20,18,0,3,11,7,401,0,59,2,10,105783.0,20.0
KAG_2026_12852,Brazil,Data Scientist,Expert,11,24,3,5,15,37,392,1,60,2,12,92548.0,11.0
KAG_2026_12853,UK,Data Analyst,Contributor,14,13,0,8,13,24,157,1,36,10,8,105135.0,14.0
KAG_2026_12854,UK,Researcher,Expert,12,28,1,6,10,38,171,1,58,5,12,150637.0,12.0
KAG_2026_12855,USA,Student,Expert,1,34,2,5,15,20,315,1,35,3,9,0.0,1.0
KAG_2026_12856,Nigeria,Researcher,Expert,5,26,2,5,13,30,156,1,41,7,10,75380.0,5.0
KAG_2026_12857,Germany,Data Scientist,Contributor,15,9,0,1,12,16,346,0,43,8,8,136117.0,15.0
KAG_2026_12858,France,Data Analyst,Novice,16,11,0,0,5,15,5,1,32,4,4,98945.0,16.0
KAG_2026_12859,India,Data Analyst,Master,7,36,20,19,23,50,838,1,65,10,24,81549.0,7.0
KAG_2026_12860,India,Researcher,Expert,16,34,1,1,17,35,411,1,55,9,13,118436.0,16.0
KAG_2026_12861,Germany,Student,Contributor,0,20,0,8,11,18,243,1,29,1,4,0.0,0.0
KAG_2026_12862,India,ML Engineer,Master,11,42,20,24,21,61,970,1,77,10,25,115496.0,11.0
KAG_2026_12863,India,Data Scientist,Expert,12,26,4,7,14,26,401,1,55,3,13,117673.0,12.0
KAG_2026_12864,Canada,Researcher,Master,21,45,22,33,23,64,939,1,97,2,29,219531.0,21.0
KAG_2026_12865,India,Researcher,Grandmaster,18,58,20,20,21,119,2805,1,98,6,31,147178.0,18.0
KAG_2026_12866,Brazil,ML Engineer,Master,21,41,16,22,16,52,1025,1,94,9,26,140974.0,21.0
KAG_2026_12867,India,Researcher,Master,21,38,24,33,20,63,901,1,93,2,30,146557.0,21.0
KAG_2026_12868,India,Data Analyst,Contributor,13,14,0,5,13,12,248,0,36,2,7,80926.0,13.0
KAG_2026_12869,USA,ML Engineer,Expert,8,28,4,1,12,26,275,1,56,2,12,199299.0,8.0
KAG_2026_12870,India,ML Engineer,Grandmaster,11,57,7,11,24,124,2872,1,82,7,22,128686.0,11.0
KAG_2026_12871,Germany,Student,Novice,0,8,0,0,4,18,12,0,5,4,0,0.0,0.0
KAG_2026_12872,France,Data Scientist,Expert,13,30,2,5,13,29,317,1,54,4,12,130559.0,13.0
KAG_2026_12873,Canada,Researcher,Expert,8,31,3,8,15,22,294,1,45,3,11,135478.0,8.0
KAG_2026_12874,Germany,ML Engineer,Expert,4,22,4,3,10,22,525,1,44,9,11,136524.0,4.0
KAG_2026_12875,India,Data Scientist,Contributor,12,15,0,1,8,14,223,0,44,3,7,106823.0,12.0
KAG_2026_12876,India,ML Engineer,Master,14,44,16,17,18,68,887,1,80,6,24,135626.0,14.0
KAG_2026_12877,Germany,ML Engineer,Master,7,35,6,23,24,68,1009,1,72,3,17,134576.0,7.0
KAG_2026_12878,Germany,Data Scientist,Contributor,19,8,0,6,9,6,280,0,52,11,9,156228.0,19.0
KAG_2026_12879,India,Student,Novice,0,4,0,0,0,12,9,0,9,2,0,0.0,0.0
KAG_2026_12880,Japan,ML Engineer,Expert,18,30,3,9,15,25,367,1,59,11,14,184195.0,18.0
KAG_2026_12881,Canada,Data Scientist,Expert,9,31,1,4,18,39,218,1,46,4,11,155397.0,9.0
KAG_2026_12882,India,Student,Expert,2,34,2,9,15,30,286,1,34,4,9,0.0,2.0
KAG_2026_12883,Japan,ML Engineer,Contributor,5,18,0,5,13,22,358,1,35,9,5,117666.0,5.0
KAG_2026_12884,India,Data Scientist,Contributor,21,7,0,6,12,15,143,1,52,6,10,116701.0,21.0
KAG_2026_12885,USA,Student,Contributor,1,19,0,6,10,6,117,0,30,1,4,0.0,1.0
KAG_2026_12886,USA,Data Analyst,Novice,10,2,0,0,6,15,5,1,26,4,3,104253.0,10.0
KAG_2026_12887,USA,Researcher,Master,12,35,12,12,17,64,983,1,76,5,21,200407.0,12.0
KAG_2026_12888,India,Student,Contributor,2,14,0,4,5,11,64,1,27,2,4,6688.0,2.0
KAG_2026_12889,USA,Data Scientist,Expert,19,33,2,3,11,39,459,1,59,10,14,200590.0,19.0
KAG_2026_12890,Germany,Data Analyst,Contributor,10,7,0,8,9,21,267,0,44,11,7,84169.0,10.0
KAG_2026_12891,Nigeria,ML Engineer,Expert,21,26,2,6,16,21,246,1,74,9,15,134240.0,21.0
KAG_2026_12892,India,Researcher,Grandmaster,17,64,21,22,27,128,2895,1,100,9,31,157061.0,17.0
KAG_2026_12893,France,Student,Expert,1,21,4,3,12,26,370,1,33,2,10,6423.0,1.0
KAG_2026_12894,Canada,ML Engineer,Master,21,37,14,25,18,61,805,1,91,11,25,199529.0,21.0
KAG_2026_12895,Spain,Data Analyst,Novice,10,2,0,0,3,19,8,0,20,8,3,74273.0,10.0
KAG_2026_12896,France,Student,Novice,2,13,0,0,4,10,0,0,11,4,0,0.0,2.0
KAG_2026_12897,India,Data Analyst,Contributor,5,8,0,4,12,16,381,0,26,5,5,48401.0,5.0
KAG_2026_12898,UK,ML Engineer,Expert,5,34,1,3,12,38,536,1,46,7,10,133843.0,5.0
KAG_2026_12899,USA,Researcher,Master,13,38,5,31,20,67,1095,1,79,10,18,209639.0,13.0
KAG_2026_12900,Canada,Student,Novice,0,3,0,0,3,11,14,1,12,4,0,0.0,0.0
KAG_2026_12901,USA,Student,Contributor,1,9,0,1,11,13,392,0,19,2,4,0.0,1.0
KAG_2026_12902,India,Researcher,Grandmaster,14,54,20,29,26,116,2866,1,91,5,30,149320.0,14.0
KAG_2026_12903,Spain,Student,Novice,2,11,0,0,1,13,13,0,12,2,0,0.0,2.0
KAG_2026_12904,India,Data Scientist,Expert,6,27,1,6,12,20,299,1,42,6,10,84765.0,6.0
KAG_2026_12905,Nigeria,ML Engineer,Expert,10,22,3,2,16,26,365,1,53,6,12,100996.0,10.0
KAG_2026_12906,UK,Data Scientist,Contributor,20,8,0,3,9,20,59,0,59,7,10,160429.0,20.0
KAG_2026_12907,Canada,ML Engineer,Contributor,6,11,0,4,12,6,214,1,37,5,5,135172.0,6.0
KAG_2026_12908,UK,ML Engineer,Contributor,6,21,0,5,14,13,230,0,34,11,5,129222.0,6.0
KAG_2026_12909,Germany,Student,Novice,2,4,0,0,4,3,6,0,11,4,0,0.0,2.0
KAG_2026_12910,UK,Data Scientist,Contributor,10,12,0,2,13,24,176,1,44,4,7,138413.0,10.0
KAG_2026_12911,Canada,ML Engineer,Contributor,7,8,0,1,13,9,227,1,31,7,6,149595.0,7.0
KAG_2026_12912,UK,Student,Contributor,1,15,0,8,12,7,348,1,23,3,4,0.0,1.0
KAG_2026_12913,Germany,Data Analyst,Novice,4,7,0,0,9,14,0,0,19,5,1,66789.0,4.0
KAG_2026_12914,India,Data Scientist,Contributor,14,17,0,5,11,6,327,0,47,7,8,107031.0,14.0
KAG_2026_12915,India,Researcher,Grandmaster,17,53,9,26,26,124,2883,1,100,11,25,143302.0,17.0
KAG_2026_12916,USA,ML Engineer,Master,17,39,7,16,16,52,1045,1,80,8,20,207594.0,17.0
KAG_2026_12917,Germany,Data Analyst,Novice,8,6,0,0,4,8,7,1,22,9,2,78973.0,8.0
KAG_2026_12918,USA,Data Analyst,Novice,13,6,0,0,0,13,13,1,23,11,3,120074.0,13.0
KAG_2026_12919,India,Student,Contributor,1,7,0,8,6,14,137,1,23,2,4,0.0,1.0
KAG_2026_12920,UK,Data Analyst,Contributor,20,10,0,3,7,15,242,1,55,6,10,131435.0,20.0
KAG_2026_12921,USA,Data Analyst,Novice,21,14,0,0,6,15,13,1,31,8,6,147428.0,21.0
KAG_2026_12922,Germany,Data Scientist,Contributor,17,13,0,4,8,9,63,1,45,6,9,144394.0,17.0
KAG_2026_12923,Brazil,Data Analyst,Contributor,7,9,0,3,12,5,344,0,38,7,6,50496.0,7.0
KAG_2026_12924,USA,ML Engineer,Expert,10,33,3,4,18,28,452,1,48,2,12,190985.0,10.0
KAG_2026_12925,India,Student,Novice,0,2,0,0,2,17,7,1,4,3,0,0.0,0.0
KAG_2026_12926,Germany,Data Scientist,Expert,14,32,1,6,12,20,270,1,62,8,12,148935.0,14.0
KAG_2026_12927,Canada,Data Scientist,Contributor,16,7,0,5,14,19,414,1,50,2,8,149453.0,16.0
KAG_2026_12928,USA,Data Analyst,Novice,13,2,0,0,6,4,1,1,23,6,3,116265.0,13.0
KAG_2026_12929,USA,ML Engineer,Contributor,18,9,0,7,6,14,248,1,55,2,9,199787.0,18.0
KAG_2026_12930,USA,Data Scientist,Grandmaster,14,50,9,29,23,123,2594,1,88,8,24,193101.0,14.0
KAG_2026_12931,India,ML Engineer,Expert,9,31,1,4,14,37,169,1,52,5,11,101256.0,9.0
KAG_2026_12932,UK,Data Analyst,Expert,15,29,4,1,11,27,398,1,67,10,14,109841.0,15.0
KAG_2026_12933,India,Data Scientist,Contributor,16,9,0,5,10,15,353,1,52,4,8,120757.0,16.0
KAG_2026_12934,Germany,Student,Contributor,2,18,0,2,13,8,156,1,25,2,4,0.0,2.0
KAG_2026_12935,Japan,Researcher,Master,20,42,8,33,20,68,1089,1,89,6,22,194422.0,20.0
KAG_2026_12936,Brazil,Researcher,Grandmaster,16,57,24,32,21,127,2765,1,100,8,32,141437.0,16.0
KAG_2026_12937,Brazil,Researcher,Master,20,46,22,26,21,55,829,1,99,2,29,149105.0,20.0
KAG_2026_12938,USA,Data Scientist,Contributor,12,16,0,3,10,20,61,1,41,7,7,167683.0,12.0
KAG_2026_12939,Spain,Data Scientist,Grandmaster,20,54,11,15,21,128,2670,1,97,10,27,170241.0,20.0
KAG_2026_12940,USA,Student,Novice,1,5,0,0,5,11,14,0,14,4,0,0.0,1.0
KAG_2026_12941,Canada,Researcher,Master,13,40,21,25,24,64,976,1,82,11,26,170425.0,13.0
KAG_2026_12942,Germany,Student,Novice,1,9,0,0,5,20,8,1,10,1,0,0.0,1.0
KAG_2026_12943,Brazil,Data Analyst,Grandmaster,16,63,19,18,24,124,2834,1,93,4,30,129374.0,16.0
KAG_2026_12944,Canada,Student,Contributor,1,11,0,7,13,9,208,0,27,1,4,0.0,1.0
KAG_2026_12945,Nigeria,Data Analyst,Expert,5,31,3,7,17,21,312,1,49,8,11,53581.0,5.0
KAG_2026_12946,UK,Data Analyst,Master,15,48,5,15,22,69,1186,1,83,9,19,134564.0,15.0
KAG_2026_12947,Japan,Researcher,Expert,10,30,4,8,17,37,200,1,51,7,13,147932.0,10.0
KAG_2026_12948,USA,Data Scientist,Master,16,39,17,30,19,62,993,1,91,8,25,194535.0,16.0
KAG_2026_12949,USA,Student,Expert,2,23,3,4,16,35,490,1,40,2,10,5643.0,2.0
KAG_2026_12950,Japan,ML Engineer,Master,18,42,21,18,16,67,852,1,96,9,27,185633.0,18.0
KAG_2026_12951,USA,Student,Contributor,1,19,0,9,8,13,178,1,23,1,4,0.0,1.0
KAG_2026_12952,India,Data Analyst,Expert,14,20,1,4,19,27,257,1,57,10,12,91122.0,14.0
KAG_2026_12953,Brazil,Data Scientist,Grandmaster,12,62,18,14,22,128,2689,1,88,9,28,131235.0,12.0
KAG_2026_12954,India,ML Engineer,Grandmaster,6,56,16,28,26,111,2692,1,83,3,25,116782.0,6.0
KAG_2026_12955,USA,Researcher,Expert,4,26,4,5,10,29,414,1,43,5,11,156219.0,4.0
KAG_2026_12956,India,ML Engineer,Contributor,15,12,0,5,13,13,210,1,42,6,8,116313.0,15.0
KAG_2026_12957,India,ML Engineer,Grandmaster,17,62,11,15,23,126,2763,1,98,8,26,156858.0,17.0
KAG_2026_12958,Spain,Data Analyst,Novice,12,2,0,0,8,6,4,0,21,3,3,71946.0,12.0
KAG_2026_12959,India,Researcher,Expert,19,20,1,1,15,25,364,1,70,5,14,122737.0,19.0
KAG_2026_12960,India,Researcher,Expert,12,26,1,8,13,38,437,1,51,9,12,117997.0,12.0
KAG_2026_12961,UK,Researcher,Expert,17,27,1,9,16,21,402,1,69,11,13,165050.0,17.0
KAG_2026_12962,France,Data Analyst,Contributor,8,14,0,1,10,24,113,0,40,4,6,79685.0,8.0
KAG_2026_12963,India,Data Analyst,Expert,16,25,3,6,13,38,205,1,61,8,14,91980.0,16.0
KAG_2026_12964,UK,Student,Contributor,0,20,0,1,11,5,213,1,25,1,4,0.0,0.0
KAG_2026_12965,Canada,Student,Novice,1,2,0,0,7,17,7,1,5,2,0,0.0,1.0
KAG_2026_12966,UK,Data Scientist,Grandmaster,17,59,11,18,25,119,2574,1,91,6,26,166595.0,17.0
KAG_2026_12967,India,Researcher,Expert,20,22,3,7,17,24,296,1,70,11,15,150686.0,20.0
KAG_2026_12968,India,Data Scientist,Expert,18,27,4,7,16,30,370,1,65,4,15,115670.0,18.0
KAG_2026_12969,Germany,Researcher,Expert,8,25,2,6,13,36,310,1,56,6,11,152270.0,8.0
KAG_2026_12970,India,Researcher,Expert,12,33,3,1,15,26,458,1,63,10,13,109261.0,12.0
KAG_2026_12971,Spain,ML Engineer,Expert,4,24,3,5,15,24,436,1,37,6,10,97452.0,4.0
KAG_2026_12972,India,Data Scientist,Contributor,15,12,0,6,5,17,244,1,49,4,8,100682.0,15.0
KAG_2026_12973,India,Student,Novice,2,10,0,0,8,18,6,0,17,4,0,0.0,2.0
KAG_2026_12974,USA,Data Analyst,Novice,8,8,0,0,1,8,10,1,20,7,2,97463.0,8.0
KAG_2026_12975,UK,Data Analyst,Novice,17,5,0,0,2,17,2,1,30,2,5,96032.0,17.0
KAG_2026_12976,UK,Data Analyst,Novice,17,10,0,0,6,2,9,1,35,7,5,107830.0,17.0
KAG_2026_12977,France,Researcher,Expert,8,32,3,8,14,23,269,1,53,4,11,131346.0,8.0
KAG_2026_12978,India,Data Analyst,Grandmaster,8,56,23,39,25,129,2610,1,89,3,29,88930.0,8.0
KAG_2026_12979,USA,Data Scientist,Master,8,37,20,25,21,52,1160,1,81,7,24,174090.0,8.0
KAG_2026_12980,Germany,Student,Novice,1,4,0,0,3,15,6,1,9,2,0,0.0,1.0
KAG_2026_12981,USA,Researcher,Master,9,44,5,17,19,53,897,1,75,8,17,205281.0,9.0
KAG_2026_12982,Spain,ML Engineer,Contributor,11,14,0,5,12,6,346,0,37,9,7,116653.0,11.0
KAG_2026_12983,USA,Researcher,Expert,5,29,2,4,12,29,186,1,50,9,10,172464.0,5.0
KAG_2026_12984,USA,Data Analyst,Novice,18,9,0,0,0,12,7,1,40,9,5,124605.0,18.0
KAG_2026_12985,USA,Data Scientist,Master,20,39,17,10,18,61,804,1,88,4,26,248615.0,20.0
KAG_2026_12986,France,Data Analyst,Master,6,39,13,32,19,54,968,1,69,9,20,96816.0,6.0
KAG_2026_12987,India,Student,Contributor,1,9,0,6,8,16,135,1,19,1,4,0.0,1.0
KAG_2026_12988,France,Student,Novice,0,7,0,0,6,10,8,0,2,2,0,0.0,0.0
KAG_2026_12989,UK,Data Analyst,Expert,12,27,2,6,12,33,290,1,63,6,12,106490.0,12.0
KAG_2026_12990,India,ML Engineer,Contributor,21,11,0,4,7,13,88,0,54,5,10,129075.0,21.0
KAG_2026_12991,USA,Student,Contributor,2,12,0,4,6,24,147,1,30,3,4,0.0,2.0
KAG_2026_12992,Spain,Data Scientist,Master,17,35,19,25,24,63,828,1,87,9,26,165529.0,17.0
KAG_2026_12993,India,Student,Novice,0,3,0,0,7,3,1,1,13,3,0,0.0,0.0
KAG_2026_12994,India,Student,Novice,1,2,0,0,6,10,8,1,11,4,0,5003.0,1.0
KAG_2026_12995,UK,Data Analyst,Contributor,19,14,0,1,14,7,382,1,50,11,9,119771.0,19.0
KAG_2026_12996,USA,Researcher,Expert,21,20,3,7,16,37,479,1,75,8,15,244528.0,21.0
KAG_2026_12997,Germany,Researcher,Expert,9,25,1,5,15,34,175,1,51,4,11,151774.0,9.0
KAG_2026_12998,Germany,Data Scientist,Expert,9,20,4,5,11,35,445,1,46,2,12,126289.0,9.0
KAG_2026_12999,Spain,Student,Novice,2,2,0,0,6,14,2,0,8,2,0,0.0,2.0
KAG_2026_13000,Nigeria,Researcher,Master,19,39,24,17,21,53,1013,1,86,9,29,135829.0,19.0
KAG_2026_13001,UK,Researcher,Expert,10,23,1,6,18,23,224,1,54,6,11,142599.0,10.0
KAG_2026_13002,Nigeria,Data Scientist,Contributor,13,15,0,8,9,10,153,0,42,7,7,95451.0,13.0
KAG_2026_13003,India,Data Analyst,Novice,21,11,0,0,9,9,9,0,32,9,6,94188.0,21.0
KAG_2026_13004,Canada,Student,Novice,1,13,0,0,5,9,0,1,4,2,0,0.0,1.0
KAG_2026_13005,France,Student,Contributor,0,8,0,2,12,6,156,1,22,3,4,0.0,0.0
KAG_2026_13006,India,Student,Novice,1,2,0,0,1,9,14,1,2,3,0,0.0,1.0
KAG_2026_13007,Germany,Researcher,Master,10,47,5,24,20,63,1081,1,69,11,17,160289.0,10.0
KAG_2026_13008,Canada,Student,Contributor,0,12,0,4,10,14,204,0,29,3,4,0.0,0.0
KAG_2026_13009,USA,ML Engineer,Contributor,6,20,0,4,11,18,329,1,29,10,5,179276.0,6.0
KAG_2026_13010,India,ML Engineer,Expert,4,22,4,1,10,36,291,1,48,3,11,80137.0,4.0
KAG_2026_13011,USA,Student,Expert,1,23,2,3,11,35,405,1,45,3,9,0.0,1.0
KAG_2026_13012,Nigeria,Student,Expert,0,26,4,8,19,30,364,1,45,3,10,0.0,0.0
KAG_2026_13013,USA,Data Analyst,Novice,8,2,0,0,4,5,0,1,22,4,2,95884.0,8.0
KAG_2026_13014,India,Researcher,Master,5,41,24,37,19,56,996,1,67,5,25,108998.0,5.0
KAG_2026_13015,Canada,ML Engineer,Master,21,39,22,30,24,60,840,1,96,4,29,220513.0,21.0
KAG_2026_13016,USA,Data Scientist,Expert,12,24,1,3,19,20,320,1,56,2,12,189063.0,12.0
KAG_2026_13017,France,ML Engineer,Expert,10,21,4,8,14,33,206,1,57,8,13,138784.0,10.0
KAG_2026_13018,Canada,Data Analyst,Grandmaster,13,59,6,24,27,118,2774,1,88,4,22,132004.0,13.0
KAG_2026_13019,USA,ML Engineer,Contributor,16,13,0,6,5,22,296,1,42,9,8,201283.0,16.0
KAG_2026_13020,Germany,Researcher,Expert,9,25,2,6,16,34,422,1,50,10,11,132548.0,9.0
KAG_2026_13021,UK,Data Scientist,Expert,9,23,3,7,18,35,509,1,58,5,12,139875.0,9.0
KAG_2026_13022,USA,Data Analyst,Contributor,20,7,0,7,8,10,151,1,48,4,10,150820.0,20.0
KAG_2026_13023,Japan,Researcher,Expert,20,24,1,7,13,22,236,1,70,6,14,180170.0,20.0
KAG_2026_13024,Brazil,ML Engineer,Expert,7,22,1,5,10,20,440,1,49,11,10,94769.0,7.0
KAG_2026_13025,USA,Data Analyst,Novice,13,6,0,0,6,7,12,0,22,7,3,118215.0,13.0
KAG_2026_13026,USA,Data Analyst,Contributor,10,19,0,5,10,15,415,0,37,4,7,98546.0,10.0
KAG_2026_13027,India,ML Engineer,Grandmaster,20,62,11,37,21,125,2815,1,96,6,27,164960.0,20.0
KAG_2026_13028,Spain,ML Engineer,Grandmaster,7,62,24,39,20,117,2825,1,87,11,30,129127.0,7.0
KAG_2026_13029,India,Data Analyst,Novice,18,2,0,0,9,16,5,1,31,9,5,82502.0,18.0
KAG_2026_13030,India,ML Engineer,Contributor,18,14,0,6,13,23,90,1,43,5,9,132812.0,18.0
KAG_2026_13031,Nigeria,Student,Novice,1,13,0,0,9,4,0,1,10,3,0,0.0,1.0
KAG_2026_13032,Canada,ML Engineer,Master,16,35,16,14,18,59,1166,1,85,9,24,203698.0,16.0
KAG_2026_13033,France,ML Engineer,Master,7,49,16,21,18,56,997,1,71,9,22,129679.0,7.0
KAG_2026_13034,India,Researcher,Master,12,40,7,37,16,65,855,1,73,2,19,125402.0,12.0
KAG_2026_13035,India,Data Scientist,Master,15,44,14,39,16,50,840,1,74,4,23,142030.0,15.0
KAG_2026_13036,Germany,ML Engineer,Expert,17,32,4,2,17,37,431,1,64,3,15,180013.0,17.0
KAG_2026_13037,USA,Researcher,Grandmaster,6,56,21,13,28,115,2752,1,79,4,28,176793.0,6.0
KAG_2026_13038,UK,ML Engineer,Master,10,48,11,23,20,67,821,1,74,11,20,145726.0,10.0
KAG_2026_13039,Germany,Data Analyst,Novice,11,11,0,0,9,11,13,1,28,8,3,80187.0,11.0
KAG_2026_13040,USA,Data Scientist,Contributor,17,15,0,1,9,15,402,0,49,8,9,179537.0,17.0
KAG_2026_13041,USA,Data Scientist,Grandmaster,14,64,20,17,22,127,2671,1,95,4,30,208711.0,14.0
KAG_2026_13042,Japan,Data Analyst,Contributor,9,8,0,2,9,15,377,0,41,6,6,84739.0,9.0
KAG_2026_13043,Canada,Data Scientist,Expert,14,31,4,3,19,36,316,1,53,5,14,176136.0,14.0
KAG_2026_13044,France,ML Engineer,Grandmaster,21,62,12,32,27,119,2844,1,100,10,28,180333.0,21.0
KAG_2026_13045,UK,Data Analyst,Novice,18,10,0,0,6,2,3,1,29,11,5,102089.0,18.0
KAG_2026_13046,France,ML Engineer,Expert,5,34,2,4,15,21,497,1,39,10,10,114724.0,5.0
KAG_2026_13047,Germany,Data Scientist,Expert,18,26,3,3,12,27,530,1,60,8,14,158224.0,18.0
KAG_2026_13048,Brazil,Researcher,Grandmaster,7,60,8,13,27,127,2751,1,74,9,22,108341.0,7.0
KAG_2026_13049,India,Researcher,Expert,12,22,1,6,14,27,445,1,51,5,12,104216.0,12.0
KAG_2026_13050,India,Data Scientist,Grandmaster,7,56,5,38,21,116,2544,1,83,9,20,106444.0,7.0
KAG_2026_13051,Canada,Student,Novice,2,7,0,0,9,16,13,1,8,2,0,0.0,2.0
KAG_2026_13052,Germany,Student,Novice,0,12,0,0,4,1,8,0,3,3,0,0.0,0.0
KAG_2026_13053,USA,Student,Novice,0,9,0,0,0,6,12,1,10,1,0,0.0,0.0
KAG_2026_13054,Japan,ML Engineer,Contributor,19,9,0,5,6,15,396,0,51,3,9,162309.0,19.0
KAG_2026_13055,India,Data Analyst,Novice,13,8,0,0,4,2,13,0,29,2,3,73476.0,13.0
KAG_2026_13056,India,Researcher,Expert,7,24,3,6,18,36,304,1,49,8,11,94544.0,7.0
KAG_2026_13057,USA,Data Analyst,Novice,4,13,0,0,4,18,6,1,15,2,1,75900.0,4.0
KAG_2026_13058,USA,ML Engineer,Contributor,6,13,0,2,7,8,201,0,35,4,5,174548.0,6.0
KAG_2026_13059,Canada,Data Analyst,Novice,12,11,0,0,6,1,7,1,28,8,3,85112.0,12.0
KAG_2026_13060,India,ML Engineer,Expert,13,29,4,8,16,29,413,1,65,7,13,116108.0,13.0
KAG_2026_13061,USA,Data Scientist,Expert,19,25,1,3,10,31,215,1,71,8,14,193613.0,19.0
KAG_2026_13062,Germany,Researcher,Expert,13,26,1,8,17,32,309,1,56,5,12,158443.0,13.0
KAG_2026_13063,USA,ML Engineer,Contributor,8,12,0,9,8,16,149,1,35,11,6,164302.0,8.0
KAG_2026_13064,France,Data Scientist,Expert,6,26,2,1,15,32,399,1,41,6,10,124544.0,6.0
KAG_2026_13065,India,ML Engineer,Contributor,10,10,0,2,8,5,96,1,31,7,7,102215.0,10.0
KAG_2026_13066,Germany,ML Engineer,Master,19,36,8,26,20,52,940,1,80,8,21,195725.0,19.0
KAG_2026_13067,Canada,Data Scientist,Master,5,36,12,38,18,50,1128,1,64,3,19,140783.0,5.0
KAG_2026_13068,Spain,Data Scientist,Grandmaster,13,54,9,36,23,114,2609,1,95,7,24,143578.0,13.0
KAG_2026_13069,UK,Data Scientist,Expert,13,27,2,7,10,21,157,1,53,10,12,146182.0,13.0
KAG_2026_13070,France,Researcher,Expert,20,24,1,3,18,38,196,1,71,7,14,175910.0,20.0
KAG_2026_13071,UK,Data Analyst,Novice,9,9,0,0,5,4,3,1,14,8,2,79584.0,9.0
KAG_2026_13072,Germany,ML Engineer,Contributor,13,18,0,7,7,20,83,1,37,3,7,157055.0,13.0
KAG_2026_13073,Spain,Student,Novice,0,4,0,0,0,9,1,1,6,4,0,0.0,0.0
KAG_2026_13074,USA,ML Engineer,Master,7,49,18,34,18,54,1167,1,68,3,23,212410.0,7.0
KAG_2026_13075,India,ML Engineer,Master,9,49,24,16,19,58,1006,1,82,6,26,116787.0,9.0
KAG_2026_13076,India,Data Analyst,Novice,20,12,0,0,4,17,7,0,33,11,6,101482.0,20.0
KAG_2026_13077,India,Researcher,Master,20,37,9,31,23,53,849,1,79,4,22,134197.0,20.0
KAG_2026_13078,UK,ML Engineer,Expert,17,29,4,9,16,35,166,1,69,9,15,166471.0,17.0
KAG_2026_13079,Japan,Data Scientist,Master,20,45,17,35,17,66,883,1,86,6,26,170042.0,20.0
KAG_2026_13080,India,Data Analyst,Novice,12,4,0,0,6,2,5,0,27,9,3,66056.0,12.0
KAG_2026_13081,UK,Data Scientist,Contributor,16,19,0,8,9,24,60,1,47,5,8,146348.0,16.0
KAG_2026_13082,USA,ML Engineer,Contributor,10,20,0,3,5,9,70,1,39,7,7,167788.0,10.0
KAG_2026_13083,USA,Data Scientist,Expert,14,30,3,1,16,36,222,1,58,8,13,175715.0,14.0
KAG_2026_13084,Brazil,Data Analyst,Novice,19,9,0,0,8,9,10,0,28,6,5,91220.0,19.0
KAG_2026_13085,Germany,Data Scientist,Master,21,37,22,11,18,63,1022,1,94,3,29,212052.0,21.0
KAG_2026_13086,Germany,Student,Expert,1,21,2,8,16,20,455,1,45,3,9,0.0,1.0
KAG_2026_13087,France,Researcher,Expert,18,24,4,3,13,37,527,1,64,3,15,165899.0,18.0
KAG_2026_13088,Canada,Data Scientist,Expert,17,25,4,2,10,28,150,1,69,2,15,160363.0,17.0
KAG_2026_13089,Germany,Data Scientist,Expert,21,20,4,2,11,20,424,1,71,8,16,196298.0,21.0
KAG_2026_13090,Nigeria,ML Engineer,Expert,20,24,2,9,11,34,172,1,65,7,15,124072.0,20.0
KAG_2026_13091,India,ML Engineer,Master,14,36,17,13,23,54,1022,1,76,3,24,133108.0,14.0
KAG_2026_13092,France,Data Analyst,Expert,13,25,2,9,10,28,451,1,59,11,12,110713.0,13.0
KAG_2026_13093,Spain,Data Analyst,Novice,21,3,0,0,6,12,5,1,39,2,6,104151.0,21.0
KAG_2026_13094,UK,ML Engineer,Expert,18,24,2,7,11,36,282,1,58,3,14,164288.0,18.0
KAG_2026_13095,UK,Student,Novice,2,8,0,0,8,16,11,0,16,2,0,0.0,2.0
KAG_2026_13096,France,ML Engineer,Contributor,19,15,0,4,6,22,368,0,54,4,9,164044.0,19.0
KAG_2026_13097,Japan,Researcher,Master,18,35,16,35,22,51,1092,1,87,8,25,179639.0,18.0
KAG_2026_13098,USA,Data Scientist,Contributor,12,11,0,4,7,20,336,1,39,3,7,177000.0,12.0
KAG_2026_13099,Canada,Data Scientist,Expert,10,30,3,2,11,34,282,1,59,5,12,135553.0,10.0
KAG_2026_13100,Nigeria,Data Analyst,Novice,13,11,0,0,6,1,6,0,33,9,3,65061.0,13.0
KAG_2026_13101,Brazil,ML Engineer,Contributor,5,21,0,4,7,9,227,1,35,9,5,67621.0,5.0
KAG_2026_13102,Canada,Data Scientist,Expert,19,21,2,1,16,22,365,1,68,3,14,194628.0,19.0
KAG_2026_13103,Canada,Data Analyst,Novice,18,2,0,0,2,9,10,1,33,9,5,121354.0,18.0
KAG_2026_13104,USA,ML Engineer,Expert,15,33,4,9,19,35,468,1,66,4,14,207359.0,15.0
KAG_2026_13105,Brazil,Data Scientist,Expert,12,22,3,9,18,21,373,1,50,7,13,95464.0,12.0
KAG_2026_13106,USA,Data Analyst,Novice,4,11,0,0,1,10,10,0,17,5,1,77892.0,4.0
KAG_2026_13107,Germany,Researcher,Expert,5,29,3,6,19,39,150,1,42,2,11,121372.0,5.0
KAG_2026_13108,India,Data Scientist,Contributor,14,14,0,1,10,5,93,1,42,8,8,114530.0,14.0
KAG_2026_13109,UK,ML Engineer,Expert,20,22,4,1,19,28,211,1,68,8,16,182329.0,20.0
KAG_2026_13110,Nigeria,Data Analyst,Contributor,16,18,0,7,8,11,98,0,44,8,8,76817.0,16.0
KAG_2026_13111,India,Data Analyst,Novice,3,2,0,0,3,7,3,1,12,4,0,33221.0,3.0
KAG_2026_13112,Brazil,Data Scientist,Expert,14,21,2,6,18,20,269,1,65,9,13,112520.0,14.0
KAG_2026_13113,Japan,Data Analyst,Novice,16,7,0,0,0,4,13,0,27,3,4,90918.0,16.0
KAG_2026_13114,Spain,Student,Contributor,1,12,0,4,6,20,317,1,30,3,4,9866.0,1.0
KAG_2026_13115,India,Data Scientist,Master,21,36,19,25,16,62,989,1,96,10,27,141689.0,21.0
KAG_2026_13116,USA,Data Analyst,Expert,4,31,2,9,18,33,408,1,44,3,10,94354.0,4.0
KAG_2026_13117,India,Student,Novice,0,9,0,0,2,16,10,1,9,4,0,0.0,0.0
KAG_2026_13118,India,Student,Contributor,0,14,0,2,5,10,263,1,25,3,4,8977.0,0.0
KAG_2026_13119,India,Researcher,Grandmaster,15,54,5,29,27,115,2543,1,92,5,23,143543.0,15.0
KAG_2026_13120,India,Student,Contributor,0,15,0,3,14,6,133,1,17,4,4,0.0,0.0
KAG_2026_13121,Brazil,ML Engineer,Contributor,3,12,0,7,9,12,351,1,19,11,4,70292.0,3.0
KAG_2026_13122,Canada,Data Analyst,Novice,16,4,0,0,3,2,8,0,37,7,4,100582.0,16.0
KAG_2026_13123,UK,ML Engineer,Contributor,15,16,0,4,7,21,276,1,40,2,8,162623.0,15.0
KAG_2026_13124,Nigeria,Data Analyst,Novice,21,2,0,0,6,17,9,1,41,10,6,91059.0,21.0
KAG_2026_13125,India,Researcher,Expert,20,25,4,1,14,33,437,1,75,4,16,126827.0,20.0
KAG_2026_13126,UK,ML Engineer,Expert,14,24,2,4,15,26,235,1,65,11,13,154267.0,14.0
KAG_2026_13127,Germany,ML Engineer,Contributor,20,12,0,7,5,21,177,1,54,5,10,177927.0,20.0
KAG_2026_13128,USA,Data Scientist,Expert,18,26,4,4,17,30,237,1,69,8,15,189344.0,18.0
KAG_2026_13129,Japan,ML Engineer,Contributor,21,20,0,9,8,19,214,1,50,11,10,155251.0,21.0
KAG_2026_13130,India,Data Scientist,Contributor,9,10,0,4,12,22,378,1,39,10,6,83272.0,9.0
KAG_2026_13131,India,ML Engineer,Contributor,5,13,0,9,9,18,439,1,35,2,5,79097.0,5.0
KAG_2026_13132,France,Data Analyst,Contributor,4,13,0,8,11,21,417,0,26,8,5,66789.0,4.0
KAG_2026_13133,Germany,Data Scientist,Expert,7,33,1,9,16,23,219,1,55,6,10,118188.0,7.0
KAG_2026_13134,Brazil,Data Analyst,Master,7,44,14,10,18,56,935,1,75,4,21,84489.0,7.0
KAG_2026_13135,India,Student,Novice,1,6,0,0,3,5,7,1,3,3,0,0.0,1.0
KAG_2026_13136,Germany,Data Scientist,Contributor,19,8,0,9,14,24,401,1,46,5,9,147525.0,19.0
KAG_2026_13137,USA,Researcher,Master,10,38,5,25,20,55,997,1,63,11,17,186797.0,10.0
KAG_2026_13138,Nigeria,Data Analyst,Novice,21,9,0,0,4,10,10,1,34,5,6,87986.0,21.0
KAG_2026_13139,India,Researcher,Expert,10,28,4,4,15,33,547,1,57,7,13,107960.0,10.0
KAG_2026_13140,Nigeria,Researcher,Grandmaster,18,61,19,28,29,128,2560,1,99,5,30,139383.0,18.0
KAG_2026_13141,India,ML Engineer,Grandmaster,9,56,16,17,28,124,2571,1,86,3,26,117004.0,9.0
KAG_2026_13142,France,ML Engineer,Contributor,11,17,0,2,9,9,47,0,31,9,7,129909.0,11.0
KAG_2026_13143,UK,Data Scientist,Expert,13,21,1,5,15,33,214,1,59,8,12,139282.0,13.0
KAG_2026_13144,USA,Data Scientist,Master,17,36,24,32,20,53,1175,1,90,7,29,234712.0,17.0
KAG_2026_13145,Canada,Student,Contributor,0,14,0,7,10,7,152,1,21,3,4,7371.0,0.0
KAG_2026_13146,USA,Researcher,Expert,18,32,1,2,16,27,514,1,57,4,13,226618.0,18.0
KAG_2026_13147,France,Data Scientist,Expert,13,31,3,7,12,25,341,1,55,9,13,155858.0,13.0
KAG_2026_13148,USA,Data Analyst,Novice,10,7,0,0,9,1,6,0,27,7,3,99347.0,10.0
KAG_2026_13149,Brazil,Data Scientist,Expert,8,33,3,1,13,21,337,1,57,7,11,86298.0,8.0
KAG_2026_13150,USA,ML Engineer,Expert,4,26,2,4,12,24,496,1,42,10,10,173474.0,4.0
KAG_2026_13151,USA,ML Engineer,Contributor,12,7,0,9,8,9,387,1,42,8,7,206410.0,12.0
KAG_2026_13152,Nigeria,Student,Contributor,0,13,0,9,8,23,186,0,29,3,4,0.0,0.0
KAG_2026_13153,Canada,Researcher,Grandmaster,10,54,9,34,27,114,2530,1,83,2,23,156983.0,10.0
KAG_2026_13154,Nigeria,Data Scientist,Expert,9,28,1,7,11,30,169,1,45,6,11,86142.0,9.0
KAG_2026_13155,Japan,Student,Master,0,47,13,39,17,65,1031,1,54,2,18,0.0,0.0
KAG_2026_13156,USA,Student,Contributor,1,21,0,2,9,18,422,0,28,1,4,0.0,1.0
KAG_2026_13157,UK,Researcher,Expert,21,33,1,4,18,30,472,1,70,2,14,194416.0,21.0
KAG_2026_13158,USA,Student,Expert,0,27,2,4,14,36,362,1,43,1,9,6272.0,0.0
KAG_2026_13159,USA,Student,Novice,0,9,0,0,5,17,9,0,5,2,0,0.0,0.0
KAG_2026_13160,Germany,Researcher,Expert,15,31,2,9,10,29,501,1,57,2,13,162394.0,15.0
KAG_2026_13161,Brazil,Data Scientist,Contributor,8,14,0,9,14,6,64,1,41,6,6,73009.0,8.0
KAG_2026_13162,USA,ML Engineer,Contributor,14,10,0,4,11,8,272,1,44,9,8,189997.0,14.0
KAG_2026_13163,USA,Data Scientist,Expert,4,27,3,9,15,35,325,1,41,10,10,147717.0,4.0
KAG_2026_13164,Germany,Student,Novice,1,2,0,0,7,14,14,1,7,3,0,0.0,1.0
KAG_2026_13165,USA,ML Engineer,Contributor,6,20,0,7,5,6,327,1,34,11,5,182686.0,6.0
KAG_2026_13166,USA,ML Engineer,Expert,5,20,4,1,19,23,213,1,39,8,11,171669.0,5.0
KAG_2026_13167,Spain,Data Analyst,Contributor,5,19,0,9,11,8,253,0,34,8,5,62077.0,5.0
KAG_2026_13168,Germany,ML Engineer,Master,9,47,23,21,24,55,1051,1,80,5,26,164843.0,9.0
KAG_2026_13169,Germany,Researcher,Master,10,46,12,27,18,63,871,1,78,5,21,170549.0,10.0
KAG_2026_13170,Nigeria,Researcher,Grandmaster,20,58,6,39,23,112,2631,1,98,5,25,152706.0,20.0
KAG_2026_13171,Nigeria,ML Engineer,Master,21,47,23,35,21,53,1066,1,90,8,29,163859.0,21.0
KAG_2026_13172,Brazil,Student,Novice,1,5,0,0,7,20,7,1,9,3,0,0.0,1.0
KAG_2026_13173,Brazil,Data Analyst,Contributor,17,15,0,7,14,18,91,0,51,6,9,91014.0,17.0
KAG_2026_13174,Spain,Data Scientist,Expert,12,25,1,8,15,21,325,1,59,8,12,114918.0,12.0
KAG_2026_13175,Spain,ML Engineer,Contributor,13,14,0,5,8,20,146,1,44,8,7,116079.0,13.0
KAG_2026_13176,USA,Data Analyst,Contributor,7,20,0,3,8,10,373,0,25,6,6,104465.0,7.0
KAG_2026_13177,USA,Data Analyst,Contributor,21,12,0,4,8,17,417,1,54,11,10,159188.0,21.0
KAG_2026_13178,Canada,Student,Contributor,0,9,0,4,7,6,364,1,25,4,4,0.0,0.0
KAG_2026_13179,USA,Data Scientist,Expert,14,34,2,1,13,27,172,1,66,11,13,204238.0,14.0
KAG_2026_13180,USA,ML Engineer,Master,10,43,7,25,20,60,1093,1,71,9,18,195617.0,10.0
KAG_2026_13181,France,Data Scientist,Master,20,40,18,32,24,58,914,1,98,9,27,185516.0,20.0
KAG_2026_13182,Canada,Data Scientist,Expert,16,33,4,8,15,36,441,1,64,11,14,173113.0,16.0
KAG_2026_13183,Germany,Student,Contributor,1,7,0,3,8,24,75,0,17,2,4,0.0,1.0
KAG_2026_13184,Germany,Data Scientist,Contributor,17,8,0,5,11,20,183,0,46,5,9,156619.0,17.0
KAG_2026_13185,USA,Data Analyst,Novice,10,3,0,0,8,7,1,1,29,9,3,105176.0,10.0
KAG_2026_13186,UK,Data Scientist,Expert,17,26,4,6,17,24,385,1,63,9,15,150766.0,17.0
KAG_2026_13187,Germany,Data Scientist,Expert,4,25,4,2,16,20,358,1,48,4,11,129311.0,4.0
KAG_2026_13188,USA,Data Scientist,Expert,7,32,4,1,13,26,533,1,56,2,12,183975.0,7.0
KAG_2026_13189,India,ML Engineer,Expert,14,25,4,4,11,36,390,1,67,9,14,109132.0,14.0
KAG_2026_13190,USA,Data Analyst,Contributor,17,11,0,7,5,6,298,1,46,10,9,122427.0,17.0
KAG_2026_13191,India,Data Scientist,Expert,4,33,1,4,13,23,505,1,44,3,9,80925.0,4.0
KAG_2026_13192,USA,Researcher,Expert,11,22,1,6,16,24,223,1,60,5,11,198982.0,11.0
KAG_2026_13193,USA,Student,Novice,0,4,0,0,2,10,9,1,2,4,0,11045.0,0.0
KAG_2026_13194,Nigeria,ML Engineer,Grandmaster,6,60,19,19,28,110,2677,1,91,6,27,104479.0,6.0
KAG_2026_13195,Nigeria,Data Scientist,Grandmaster,17,53,6,37,29,123,2811,1,88,8,24,131682.0,17.0
KAG_2026_13196,India,Data Scientist,Contributor,19,13,0,6,5,14,129,0,45,10,9,111772.0,19.0
KAG_2026_13197,USA,Student,Novice,0,4,0,0,5,7,0,0,4,3,0,0.0,0.0
KAG_2026_13198,USA,Student,Contributor,2,9,0,4,11,17,366,0,25,4,4,0.0,2.0
KAG_2026_13199,Canada,Data Analyst,Contributor,7,17,0,3,13,19,102,1,36,5,6,86955.0,7.0
KAG_2026_13200,USA,Researcher,Grandmaster,19,50,23,20,28,120,2864,1,100,8,33,228591.0,19.0
KAG_2026_13201,USA,Data Scientist,Expert,13,27,3,6,11,28,516,1,60,11,13,195929.0,13.0
KAG_2026_13202,USA,Data Scientist,Contributor,18,7,0,5,8,6,311,1,55,2,9,207036.0,18.0
KAG_2026_13203,Nigeria,Researcher,Expert,10,27,3,1,19,24,257,1,50,3,12,92316.0,10.0
KAG_2026_13204,UK,Student,Contributor,2,18,0,7,14,16,225,1,25,2,4,0.0,2.0
KAG_2026_13205,USA,ML Engineer,Expert,14,29,4,7,10,33,485,1,53,7,14,193172.0,14.0
KAG_2026_13206,Brazil,Student,Novice,2,13,0,0,4,1,3,0,13,4,0,0.0,2.0
KAG_2026_13207,France,Student,Novice,2,11,0,0,1,13,2,0,15,2,0,0.0,2.0
KAG_2026_13208,USA,ML Engineer,Contributor,12,20,0,4,7,19,346,1,38,5,7,188612.0,12.0
KAG_2026_13209,Japan,Data Analyst,Contributor,5,18,0,1,7,10,231,0,26,7,5,67771.0,5.0
KAG_2026_13210,USA,Data Scientist,Contributor,8,7,0,7,14,8,216,0,37,10,6,177560.0,8.0
KAG_2026_13211,USA,Data Analyst,Novice,4,3,0,0,7,17,10,0,19,8,1,83194.0,4.0
KAG_2026_13212,Canada,Student,Novice,0,2,0,0,1,12,1,1,2,4,0,12807.0,0.0
KAG_2026_13213,France,Data Analyst,Contributor,20,11,0,6,12,10,97,1,49,3,10,118755.0,20.0
KAG_2026_13214,USA,Student,Grandmaster,0,61,14,10,29,115,2898,1,69,1,23,0.0,0.0
KAG_2026_13215,Nigeria,Researcher,Grandmaster,6,55,18,29,26,111,2857,1,86,2,26,92752.0,6.0
KAG_2026_13216,Canada,Researcher,Master,5,49,22,36,22,56,805,1,74,6,24,156988.0,5.0
KAG_2026_13217,USA,Data Analyst,Novice,21,8,0,0,9,7,14,0,40,8,6,151107.0,21.0
KAG_2026_13218,India,Data Analyst,Expert,17,22,2,3,15,31,338,1,61,8,14,96344.0,17.0
KAG_2026_13219,USA,Data Scientist,Master,8,36,10,20,22,59,1069,1,65,6,19,194569.0,8.0
KAG_2026_13220,UK,Data Scientist,Contributor,10,14,0,6,11,16,225,1,38,5,7,117778.0,10.0
KAG_2026_13221,Nigeria,Researcher,Expert,5,33,2,9,14,27,159,1,49,3,10,66036.0,5.0
KAG_2026_13222,UK,Student,Contributor,2,16,0,6,8,21,428,0,21,1,4,0.0,2.0
KAG_2026_13223,UK,Data Analyst,Novice,9,11,0,0,1,4,7,0,21,8,2,79094.0,9.0
KAG_2026_13224,UK,Researcher,Expert,20,30,3,6,18,28,267,1,64,8,15,185306.0,20.0
KAG_2026_13225,UK,ML Engineer,Contributor,13,10,0,6,10,19,357,0,41,9,7,155518.0,13.0
KAG_2026_13226,Brazil,ML Engineer,Contributor,7,17,0,2,8,23,55,1,25,5,6,86246.0,7.0
KAG_2026_13227,Germany,ML Engineer,Master,6,42,23,10,17,62,894,1,70,4,25,154607.0,6.0
KAG_2026_13228,Germany,Student,Contributor,1,12,0,9,14,14,178,1,27,1,4,0.0,1.0
KAG_2026_13229,India,Student,Novice,1,2,0,0,3,5,6,0,5,2,0,0.0,1.0
KAG_2026_13230,USA,ML Engineer,Expert,11,22,4,2,17,29,471,1,54,6,13,175781.0,11.0
KAG_2026_13231,USA,Data Analyst,Novice,15,2,0,0,0,8,9,0,26,5,4,114534.0,15.0
KAG_2026_13232,France,Student,Novice,0,2,0,0,4,4,9,1,14,1,0,0.0,0.0
KAG_2026_13233,Spain,Researcher,Grandmaster,9,51,7,15,24,114,2765,1,90,3,22,148586.0,9.0
KAG_2026_13234,Germany,Data Scientist,Contributor,18,14,0,8,11,15,277,1,50,5,9,174804.0,18.0
KAG_2026_13235,India,ML Engineer,Expert,21,23,1,5,18,20,290,1,66,2,14,140092.0,21.0
KAG_2026_13236,Germany,Student,Contributor,0,13,0,9,11,22,433,0,24,4,4,0.0,0.0
KAG_2026_13237,France,Data Scientist,Expert,4,30,4,5,15,25,484,1,42,9,11,105105.0,4.0
KAG_2026_13238,India,ML Engineer,Grandmaster,8,51,23,32,20,127,2717,1,85,6,29,115641.0,8.0
KAG_2026_13239,USA,ML Engineer,Contributor,10,19,0,1,11,9,231,0,33,2,7,176704.0,10.0
KAG_2026_13240,Brazil,Student,Contributor,2,21,0,5,11,11,355,1,26,3,4,0.0,2.0
KAG_2026_13241,India,ML Engineer,Expert,19,21,1,5,12,32,188,1,71,8,14,133476.0,19.0
KAG_2026_13242,Japan,Data Analyst,Contributor,11,9,0,4,12,20,368,1,44,6,7,91698.0,11.0
KAG_2026_13243,India,Data Analyst,Contributor,13,7,0,9,6,17,136,0,39,11,7,82968.0,13.0
KAG_2026_13244,India,Researcher,Expert,16,24,1,2,14,22,251,1,55,6,13,121845.0,16.0
KAG_2026_13245,USA,Data Analyst,Novice,14,14,0,0,1,11,0,0,31,5,4,125263.0,14.0
KAG_2026_13246,India,Researcher,Master,11,35,15,37,18,60,1163,1,70,7,22,119656.0,11.0
KAG_2026_13247,USA,Data Scientist,Master,15,42,13,12,15,56,1153,1,77,8,23,192358.0,15.0
KAG_2026_13248,Japan,ML Engineer,Expert,12,28,4,5,10,20,260,1,58,9,13,161832.0,12.0
KAG_2026_13249,Canada,Student,Master,2,36,9,21,20,58,1177,1,53,1,17,0.0,2.0
KAG_2026_13250,India,ML Engineer,Expert,17,25,2,6,15,31,300,1,68,8,14,123714.0,17.0
KAG_2026_13251,USA,Data Analyst,Novice,21,8,0,0,4,11,12,0,42,11,6,147168.0,21.0
KAG_2026_13252,USA,Data Analyst,Master,16,46,8,14,22,64,1024,1,73,7,20,153418.0,16.0
KAG_2026_13253,India,Data Analyst,Novice,12,4,0,0,0,8,4,1,31,11,3,65805.0,12.0
KAG_2026_13254,India,ML Engineer,Master,18,49,14,38,15,65,1001,1,88,7,24,132415.0,18.0
KAG_2026_13255,USA,Student,Master,1,46,6,37,17,62,899,1,50,2,15,0.0,1.0
KAG_2026_13256,India,Researcher,Grandmaster,18,60,19,34,26,111,2771,1,100,7,30,140594.0,18.0
KAG_2026_13257,Canada,Researcher,Grandmaster,12,63,8,33,25,113,2660,1,92,4,23,171182.0,12.0
KAG_2026_13258,Japan,Data Scientist,Grandmaster,10,53,11,38,21,119,2562,1,90,6,24,153341.0,10.0
KAG_2026_13259,India,Data Scientist,Expert,14,26,2,1,12,28,317,1,60,5,13,123342.0,14.0
KAG_2026_13260,Germany,Data Analyst,Novice,10,10,0,0,5,20,11,1,19,11,3,78941.0,10.0
KAG_2026_13261,India,Researcher,Expert,11,25,2,6,11,38,243,1,51,4,12,115250.0,11.0
KAG_2026_13262,USA,Student,Contributor,1,15,0,3,14,14,278,1,16,1,4,0.0,1.0
KAG_2026_13263,USA,Student,Novice,2,6,0,0,5,7,2,1,16,4,0,0.0,2.0
KAG_2026_13264,Canada,Researcher,Master,6,39,22,35,22,60,1143,1,75,7,24,142399.0,6.0
KAG_2026_13265,France,Researcher,Master,12,45,14,11,24,57,900,1,76,10,22,159764.0,12.0
KAG_2026_13266,India,Data Analyst,Expert,4,27,1,5,19,25,269,1,40,2,9,57481.0,4.0
KAG_2026_13267,Nigeria,Data Analyst,Expert,4,23,4,5,16,29,162,1,51,2,11,46549.0,4.0
KAG_2026_13268,India,Data Analyst,Contributor,7,15,0,5,14,6,304,0,32,5,6,58611.0,7.0
KAG_2026_13269,Canada,Data Analyst,Grandmaster,14,60,23,14,20,115,2783,1,94,4,31,153592.0,14.0
KAG_2026_13270,France,Data Analyst,Contributor,5,18,0,1,6,8,226,0,26,4,5,65056.0,5.0
KAG_2026_13271,Brazil,Student,Novice,0,2,0,0,6,7,14,1,9,4,0,0.0,0.0
KAG_2026_13272,USA,Researcher,Grandmaster,15,61,24,11,24,122,2880,1,100,9,32,235286.0,15.0
KAG_2026_13273,Germany,Student,Contributor,2,13,0,2,14,18,359,1,26,4,4,0.0,2.0
KAG_2026_13274,UK,Data Analyst,Contributor,20,18,0,4,10,11,395,0,47,6,10,124742.0,20.0
KAG_2026_13275,USA,ML Engineer,Master,13,42,11,32,15,55,926,1,70,11,21,221104.0,13.0
KAG_2026_13276,Japan,ML Engineer,Expert,18,21,3,3,17,23,302,1,69,7,14,178034.0,18.0
KAG_2026_13277,Brazil,Student,Contributor,2,9,0,1,13,19,185,1,18,3,4,0.0,2.0
KAG_2026_13278,USA,ML Engineer,Contributor,20,20,0,4,11,23,217,1,46,8,10,237414.0,20.0
KAG_2026_13279,Brazil,Data Scientist,Expert,8,30,1,7,16,28,343,1,50,4,10,85632.0,8.0
KAG_2026_13280,India,Student,Contributor,0,20,0,9,7,18,152,1,18,4,4,0.0,0.0
KAG_2026_13281,India,Researcher,Master,21,35,20,34,23,52,907,1,89,2,28,171910.0,21.0
KAG_2026_13282,USA,Researcher,Expert,5,24,2,6,19,24,306,1,39,10,10,170343.0,5.0
KAG_2026_13283,Spain,Researcher,Master,10,43,20,37,20,69,1141,1,79,5,25,139142.0,10.0
KAG_2026_13284,Spain,Student,Novice,0,8,0,0,1,4,13,1,5,2,0,0.0,0.0
KAG_2026_13285,India,Data Analyst,Contributor,8,8,0,9,9,9,240,0,27,10,6,64094.0,8.0
KAG_2026_13286,USA,Data Analyst,Novice,16,2,0,0,3,12,13,1,30,3,4,123195.0,16.0
KAG_2026_13287,USA,ML Engineer,Expert,17,24,2,2,12,36,187,1,58,2,14,216923.0,17.0
KAG_2026_13288,France,Student,Contributor,0,20,0,9,12,22,340,1,21,1,4,0.0,0.0
KAG_2026_13289,Spain,Student,Novice,2,12,0,0,5,18,4,1,7,2,0,0.0,2.0
KAG_2026_13290,USA,Researcher,Expert,13,29,3,3,18,37,264,1,57,7,13,196836.0,13.0
KAG_2026_13291,USA,Data Analyst,Grandmaster,12,50,15,35,29,113,2855,1,97,6,27,142519.0,12.0
KAG_2026_13292,Canada,Student,Contributor,0,17,0,2,12,8,278,0,16,4,4,0.0,0.0
KAG_2026_13293,Germany,ML Engineer,Contributor,3,9,0,9,6,21,300,0,27,3,4,112507.0,3.0
KAG_2026_13294,USA,Researcher,Master,8,44,12,22,22,52,810,1,77,10,20,171382.0,8.0
KAG_2026_13295,India,Student,Contributor,1,12,0,1,6,8,212,1,29,3,4,0.0,1.0
KAG_2026_13296,Germany,Data Analyst,Novice,13,14,0,0,4,1,1,0,29,9,3,88326.0,13.0
KAG_2026_13297,India,Data Analyst,Contributor,12,15,0,9,9,6,305,0,38,2,7,75992.0,12.0
KAG_2026_13298,Brazil,Student,Novice,0,4,0,0,3,6,0,0,11,1,0,0.0,0.0
KAG_2026_13299,Canada,Researcher,Expert,17,28,3,3,13,38,294,1,65,10,14,168775.0,17.0
KAG_2026_13300,USA,Student,Contributor,2,16,0,6,6,17,334,1,22,1,4,0.0,2.0
KAG_2026_13301,USA,Data Scientist,Contributor,14,9,0,2,6,8,277,0,37,4,8,181644.0,14.0
KAG_2026_13302,USA,ML Engineer,Contributor,13,12,0,5,11,20,411,0,35,3,7,200050.0,13.0
KAG_2026_13303,UK,ML Engineer,Grandmaster,6,57,12,36,24,115,2686,1,84,8,23,147561.0,6.0
KAG_2026_13304,USA,Student,Expert,2,33,4,1,14,23,294,1,38,2,10,0.0,2.0
KAG_2026_13305,Germany,Researcher,Expert,14,21,4,6,16,25,388,1,66,6,14,154332.0,14.0
KAG_2026_13306,UK,Data Scientist,Contributor,12,12,0,1,11,15,50,1,36,7,7,148715.0,12.0
KAG_2026_13307,India,ML Engineer,Contributor,8,8,0,2,13,23,99,0,35,7,6,79193.0,8.0
KAG_2026_13308,Spain,Data Analyst,Grandmaster,10,57,15,33,21,111,2887,1,86,4,26,102028.0,10.0
KAG_2026_13309,UK,ML Engineer,Master,6,44,19,38,24,68,858,1,72,8,23,144382.0,6.0
KAG_2026_13310,Spain,ML Engineer,Grandmaster,16,62,16,10,25,125,2741,1,97,8,28,178370.0,16.0
KAG_2026_13311,USA,Student,Expert,2,26,2,7,15,36,183,1,41,2,9,0.0,2.0
KAG_2026_13312,India,Data Analyst,Grandmaster,9,50,20,31,28,113,2638,1,88,10,28,94791.0,9.0
KAG_2026_13313,India,Data Scientist,Expert,13,22,2,7,15,36,270,1,60,7,12,99921.0,13.0
KAG_2026_13314,Germany,Researcher,Expert,21,20,1,1,19,26,265,1,69,9,14,190189.0,21.0
KAG_2026_13315,Brazil,Data Analyst,Novice,7,5,0,0,9,19,9,1,19,11,2,42888.0,7.0
KAG_2026_13316,Germany,Data Analyst,Contributor,8,14,0,8,14,13,152,1,29,11,6,76820.0,8.0
KAG_2026_13317,India,Researcher,Expert,15,26,1,3,16,25,383,1,56,10,13,117627.0,15.0
KAG_2026_13318,Canada,ML Engineer,Grandmaster,12,50,13,32,26,125,2819,1,93,4,26,188882.0,12.0
KAG_2026_13319,USA,Data Analyst,Novice,17,14,0,0,9,4,9,1,30,9,5,123986.0,17.0
KAG_2026_13320,Brazil,Researcher,Expert,12,21,1,1,19,29,251,1,53,3,12,95099.0,12.0
KAG_2026_13321,India,ML Engineer,Expert,4,22,3,5,16,30,265,1,41,10,10,86574.0,4.0
KAG_2026_13322,India,Data Scientist,Contributor,17,15,0,7,14,9,309,0,46,8,9,110551.0,17.0
KAG_2026_13323,India,Student,Novice,2,8,0,0,8,8,12,1,16,1,0,0.0,2.0
KAG_2026_13324,USA,Student,Grandmaster,0,52,14,32,24,123,2764,1,74,3,23,0.0,0.0
KAG_2026_13325,India,Data Analyst,Contributor,5,20,0,5,13,6,357,0,28,8,5,51548.0,5.0
KAG_2026_13326,USA,Student,Contributor,2,17,0,2,10,11,271,0,26,1,4,0.0,2.0
KAG_2026_13327,USA,Student,Novice,1,12,0,0,3,4,9,1,2,4,0,0.0,1.0
KAG_2026_13328,USA,Researcher,Master,17,48,11,18,17,51,1107,1,76,6,22,231848.0,17.0
KAG_2026_13329,USA,ML Engineer,Master,13,44,12,38,17,57,833,1,77,2,21,216080.0,13.0
KAG_2026_13330,Canada,Data Scientist,Expert,16,27,1,6,10,32,478,1,66,10,13,151585.0,16.0
KAG_2026_13331,Spain,Student,Novice,0,3,0,0,6,7,9,0,6,1,0,0.0,0.0
KAG_2026_13332,USA,Student,Expert,2,21,3,9,12,21,177,1,40,4,10,0.0,2.0
KAG_2026_13333,India,ML Engineer,Expert,16,24,3,8,16,30,334,1,60,4,14,125816.0,16.0
KAG_2026_13334,India,Data Scientist,Contributor,16,15,0,8,8,7,173,0,51,2,8,101030.0,16.0
KAG_2026_13335,Nigeria,ML Engineer,Contributor,12,14,0,9,6,9,108,1,42,8,7,95289.0,12.0
KAG_2026_13336,USA,ML Engineer,Expert,14,29,2,6,19,35,272,1,60,9,13,214672.0,14.0
KAG_2026_13337,UK,Student,Novice,1,4,0,0,8,16,11,0,12,3,0,0.0,1.0
KAG_2026_13338,UK,ML Engineer,Grandmaster,12,54,8,19,29,123,2599,1,94,8,23,169888.0,12.0
KAG_2026_13339,India,Data Analyst,Master,20,48,21,13,19,57,1134,1,87,4,28,128263.0,20.0
KAG_2026_13340,USA,Data Analyst,Contributor,14,7,0,2,8,19,175,1,38,10,8,135063.0,14.0
KAG_2026_13341,Canada,Data Scientist,Expert,8,31,1,9,13,28,182,1,46,11,10,146524.0,8.0
KAG_2026_13342,Germany,Data Analyst,Contributor,19,15,0,7,14,9,318,1,51,10,9,132206.0,19.0
KAG_2026_13343,Germany,Data Scientist,Master,8,46,11,24,17,63,847,1,71,5,19,144949.0,8.0
KAG_2026_13344,USA,Data Scientist,Contributor,19,15,0,4,11,22,234,1,54,5,9,183524.0,19.0
KAG_2026_13345,Nigeria,ML Engineer,Contributor,14,10,0,7,6,7,75,1,43,5,8,96488.0,14.0
KAG_2026_13346,Spain,Researcher,Master,8,36,17,19,21,56,881,1,76,10,22,119852.0,8.0
KAG_2026_13347,Nigeria,Data Analyst,Novice,9,3,0,0,3,18,1,0,14,11,2,54076.0,9.0
KAG_2026_13348,USA,Researcher,Master,12,35,23,30,21,68,876,1,74,2,27,211097.0,12.0
KAG_2026_13349,Germany,ML Engineer,Expert,7,29,1,9,13,21,287,1,43,11,10,128398.0,7.0
KAG_2026_13350,France,ML Engineer,Master,5,35,20,13,22,50,914,1,66,8,23,136618.0,5.0
KAG_2026_13351,USA,Data Analyst,Grandmaster,21,53,9,11,25,110,2858,1,100,4,26,182089.0,21.0
KAG_2026_13352,India,Data Scientist,Expert,5,33,2,7,18,38,450,1,46,2,10,82405.0,5.0
KAG_2026_13353,UK,Data Scientist,Expert,5,34,2,4,12,36,242,1,48,8,10,124165.0,5.0
KAG_2026_13354,UK,Data Scientist,Contributor,19,21,0,6,11,15,399,0,55,8,9,145729.0,19.0
KAG_2026_13355,Germany,Student,Novice,2,7,0,0,1,3,7,0,9,2,0,0.0,2.0
KAG_2026_13356,UK,Researcher,Master,19,46,19,31,18,51,1070,1,97,9,27,197903.0,19.0
KAG_2026_13357,India,Data Scientist,Contributor,5,13,0,8,6,17,312,0,34,6,5,73259.0,5.0
KAG_2026_13358,France,Researcher,Expert,17,31,2,8,19,25,313,1,56,7,14,156366.0,17.0
KAG_2026_13359,Germany,ML Engineer,Expert,11,25,4,9,14,23,532,1,57,3,13,164641.0,11.0
KAG_2026_13360,USA,Student,Novice,1,6,0,0,1,9,6,0,12,3,0,0.0,1.0
KAG_2026_13361,India,Data Scientist,Contributor,4,17,0,5,9,14,418,0,24,9,5,69747.0,4.0
KAG_2026_13362,India,Data Scientist,Expert,15,25,3,5,12,32,524,1,64,3,14,128642.0,15.0
KAG_2026_13363,France,ML Engineer,Master,13,41,17,21,18,59,926,1,82,2,24,178151.0,13.0
KAG_2026_13364,Canada,Data Scientist,Grandmaster,19,55,22,19,22,123,2521,1,100,6,32,198231.0,19.0
KAG_2026_13365,India,Researcher,Grandmaster,13,55,7,38,25,110,2517,1,83,9,23,138448.0,13.0
KAG_2026_13366,USA,Researcher,Expert,11,31,2,3,10,33,171,1,49,4,12,182891.0,11.0
KAG_2026_13367,India,Student,Novice,1,11,0,0,4,15,6,1,3,4,0,0.0,1.0
KAG_2026_13368,UK,Researcher,Grandmaster,18,63,7,22,26,119,2544,1,93,7,24,174891.0,18.0
KAG_2026_13369,USA,Researcher,Expert,16,30,4,3,15,21,158,1,56,11,14,197907.0,16.0
KAG_2026_13370,India,ML Engineer,Contributor,15,16,0,9,8,13,91,1,46,2,8,116938.0,15.0
KAG_2026_13371,Canada,Researcher,Master,9,38,19,32,16,55,1187,1,81,5,24,172518.0,9.0
KAG_2026_13372,France,ML Engineer,Contributor,10,14,0,8,13,17,97,1,43,2,7,133461.0,10.0
KAG_2026_13373,Spain,Student,Expert,2,27,3,3,16,35,405,1,38,4,10,0.0,2.0
KAG_2026_13374,India,ML Engineer,Expert,17,24,4,5,19,21,255,1,59,7,15,127097.0,17.0
KAG_2026_13375,Canada,Data Scientist,Contributor,4,7,0,7,5,7,426,1,28,10,5,108715.0,4.0
KAG_2026_13376,Canada,Researcher,Expert,16,21,4,9,12,20,444,1,58,6,14,161001.0,16.0
KAG_2026_13377,France,Data Analyst,Contributor,9,7,0,7,5,13,96,0,33,6,6,82073.0,9.0
KAG_2026_13378,India,ML Engineer,Grandmaster,9,56,17,13,22,121,2547,1,82,5,27,117546.0,9.0
KAG_2026_13379,Germany,Researcher,Expert,13,29,3,3,13,21,171,1,56,6,13,153761.0,13.0
KAG_2026_13380,Germany,ML Engineer,Expert,19,31,1,6,15,34,528,1,68,4,14,193636.0,19.0
KAG_2026_13381,USA,Data Analyst,Novice,15,12,0,0,5,17,10,1,32,11,4,125367.0,15.0
KAG_2026_13382,USA,Student,Contributor,1,11,0,3,8,21,325,1,28,2,4,5403.0,1.0
KAG_2026_13383,USA,ML Engineer,Contributor,12,13,0,9,14,11,187,1,34,9,7,177675.0,12.0
KAG_2026_13384,Germany,Researcher,Expert,12,20,3,2,19,37,463,1,60,7,13,141138.0,12.0
KAG_2026_13385,Germany,Data Scientist,Contributor,11,21,0,6,6,10,289,1,31,2,7,122177.0,11.0
KAG_2026_13386,Brazil,ML Engineer,Expert,12,29,3,4,14,23,321,1,60,5,13,107494.0,12.0
KAG_2026_13387,Germany,Student,Contributor,0,12,0,1,10,18,314,0,24,3,4,0.0,0.0
KAG_2026_13388,Canada,Student,Novice,2,9,0,0,1,4,14,1,8,4,0,0.0,2.0
KAG_2026_13389,USA,Student,Contributor,2,14,0,8,5,23,376,1,25,3,4,0.0,2.0
KAG_2026_13390,India,Researcher,Grandmaster,18,52,6,13,21,114,2680,1,100,4,24,135477.0,18.0
KAG_2026_13391,India,ML Engineer,Expert,14,27,1,7,13,32,290,1,62,11,12,126977.0,14.0
KAG_2026_13392,USA,Data Scientist,Contributor,19,14,0,5,13,18,229,0,43,5,9,189348.0,19.0
KAG_2026_13393,Germany,Data Scientist,Contributor,3,21,0,4,5,17,260,1,23,11,4,100089.0,3.0
KAG_2026_13394,India,Researcher,Expert,17,20,3,2,10,31,174,1,57,7,14,126300.0,17.0
KAG_2026_13395,Germany,Data Analyst,Expert,6,23,4,7,11,37,438,1,47,4,11,88194.0,6.0
KAG_2026_13396,India,Data Analyst,Grandmaster,20,60,8,22,24,128,2742,1,100,2,26,128173.0,20.0
KAG_2026_13397,Brazil,Researcher,Grandmaster,16,57,8,19,28,114,2748,1,92,10,24,135324.0,16.0
KAG_2026_13398,USA,ML Engineer,Expert,9,24,3,3,19,35,505,1,51,11,12,198671.0,9.0
KAG_2026_13399,Japan,Data Scientist,Grandmaster,11,62,16,16,20,118,2665,1,93,6,27,167337.0,11.0
KAG_2026_13400,UK,Student,Novice,1,9,0,0,0,2,11,1,10,3,0,0.0,1.0
KAG_2026_13401,USA,ML Engineer,Master,15,38,14,11,17,65,842,1,79,4,23,219405.0,15.0
KAG_2026_13402,Brazil,ML Engineer,Contributor,10,21,0,2,10,22,109,0,34,9,7,87642.0,10.0
KAG_2026_13403,Germany,Data Scientist,Contributor,12,16,0,5,6,24,288,0,37,8,7,143210.0,12.0
KAG_2026_13404,Canada,Student,Novice,0,3,0,0,9,12,6,0,11,4,0,0.0,0.0
KAG_2026_13405,India,Data Scientist,Master,10,42,13,25,21,61,1044,1,72,2,21,105314.0,10.0
KAG_2026_13406,India,Data Analyst,Novice,3,2,0,0,1,8,3,1,6,2,0,36113.0,3.0
KAG_2026_13407,India,Data Analyst,Novice,16,9,0,0,4,11,14,0,37,9,4,80057.0,16.0
KAG_2026_13408,Germany,Data Analyst,Novice,20,14,0,0,8,7,9,1,35,2,6,124951.0,20.0
KAG_2026_13409,USA,Student,Novice,2,14,0,0,2,9,9,0,16,2,0,6697.0,2.0
KAG_2026_13410,USA,Data Analyst,Novice,8,11,0,0,9,13,4,0,17,2,2,85993.0,8.0
KAG_2026_13411,Brazil,Data Scientist,Master,9,38,6,16,21,59,1183,1,72,10,17,96814.0,9.0
KAG_2026_13412,USA,ML Engineer,Contributor,16,13,0,6,11,6,247,0,44,4,8,185233.0,16.0
KAG_2026_13413,Nigeria,Data Scientist,Expert,21,20,1,2,11,25,281,1,64,8,14,123927.0,21.0
KAG_2026_13414,USA,Data Analyst,Contributor,13,14,0,9,8,13,412,1,44,5,7,129594.0,13.0
KAG_2026_13415,India,Data Analyst,Expert,21,33,2,3,15,35,426,1,76,7,15,116557.0,21.0
KAG_2026_13416,Brazil,Data Scientist,Contributor,5,18,0,4,8,6,312,1,26,5,5,63142.0,5.0
KAG_2026_13417,USA,Student,Novice,2,7,0,0,0,10,7,0,6,1,0,0.0,2.0
KAG_2026_13418,USA,Data Analyst,Novice,15,10,0,0,4,7,4,1,28,9,4,128732.0,15.0
KAG_2026_13419,India,Data Scientist,Expert,5,21,1,8,11,23,173,1,39,11,10,75269.0,5.0
KAG_2026_13420,Nigeria,Data Analyst,Novice,7,13,0,0,1,20,3,1,19,3,2,48049.0,7.0
KAG_2026_13421,Germany,ML Engineer,Grandmaster,15,53,17,31,21,128,2517,1,100,11,29,183640.0,15.0
KAG_2026_13422,Germany,Researcher,Master,5,43,17,36,18,56,930,1,63,3,22,150248.0,5.0
KAG_2026_13423,India,ML Engineer,Grandmaster,7,57,11,22,24,117,2888,1,77,5,23,121815.0,7.0
KAG_2026_13424,Brazil,Data Scientist,Contributor,3,17,0,3,12,19,166,0,20,8,4,60253.0,3.0
KAG_2026_13425,Nigeria,Student,Expert,0,21,4,6,18,28,328,1,38,3,10,0.0,0.0
KAG_2026_13426,USA,Data Scientist,Master,8,46,14,35,20,65,859,1,77,3,21,178876.0,8.0
KAG_2026_13427,India,Researcher,Expert,6,25,1,1,13,20,316,1,47,3,10,86578.0,6.0
KAG_2026_13428,India,Student,Novice,2,6,0,0,5,16,6,1,14,3,0,12153.0,2.0
KAG_2026_13429,Japan,Data Scientist,Contributor,5,21,0,8,7,16,89,0,29,3,5,104687.0,5.0
KAG_2026_13430,Germany,Data Analyst,Novice,6,6,0,0,3,10,8,1,11,5,1,70499.0,6.0
KAG_2026_13431,Japan,ML Engineer,Master,6,47,20,11,16,69,850,1,69,9,23,137339.0,6.0
KAG_2026_13432,Japan,Data Scientist,Expert,8,28,1,2,17,31,327,1,52,8,10,124827.0,8.0
KAG_2026_13433,Brazil,Researcher,Expert,15,22,1,4,17,31,406,1,58,5,13,117653.0,15.0
KAG_2026_13434,Nigeria,Data Analyst,Expert,13,32,1,2,12,31,367,1,50,10,12,73528.0,13.0
KAG_2026_13435,India,ML Engineer,Grandmaster,11,61,12,28,24,124,2577,1,91,11,25,137055.0,11.0
KAG_2026_13436,Spain,Researcher,Grandmaster,6,55,9,20,29,119,2732,1,87,2,22,123026.0,6.0
KAG_2026_13437,India,Student,Novice,2,5,0,0,6,16,2,1,10,1,0,0.0,2.0
KAG_2026_13438,UK,ML Engineer,Contributor,8,18,0,3,9,9,307,1,33,8,6,134762.0,8.0
KAG_2026_13439,USA,ML Engineer,Master,9,46,5,22,19,52,1092,1,62,5,17,182284.0,9.0
KAG_2026_13440,France,Data Analyst,Novice,3,2,0,0,9,10,2,0,17,2,0,48041.0,3.0
KAG_2026_13441,India,Researcher,Grandmaster,9,53,16,17,23,129,2770,1,91,6,26,121180.0,9.0
KAG_2026_13442,India,Student,Novice,0,4,0,0,5,20,9,1,12,1,0,0.0,0.0
KAG_2026_13443,USA,Student,Novice,2,2,0,0,5,20,0,0,12,1,0,0.0,2.0
KAG_2026_13444,India,Data Scientist,Master,8,48,19,35,19,64,929,1,74,8,23,108817.0,8.0
KAG_2026_13445,Japan,Researcher,Expert,6,23,1,4,13,25,363,1,45,9,10,119169.0,6.0
KAG_2026_13446,Germany,ML Engineer,Expert,15,29,4,5,11,34,379,1,61,11,14,167298.0,15.0
KAG_2026_13447,India,Data Scientist,Expert,15,22,4,6,19,35,291,1,62,7,14,107044.0,15.0
KAG_2026_13448,France,ML Engineer,Master,6,44,14,29,18,57,1050,1,70,3,20,149753.0,6.0
KAG_2026_13449,France,Data Analyst,Novice,13,10,0,0,7,13,0,1,31,8,3,78520.0,13.0
KAG_2026_13450,USA,Researcher,Expert,16,25,2,6,13,34,393,1,61,8,13,212480.0,16.0
KAG_2026_13451,USA,Data Analyst,Novice,21,2,0,0,2,12,13,1,45,3,6,138550.0,21.0
KAG_2026_13452,India,Data Scientist,Contributor,5,13,0,3,11,17,234,0,36,9,5,78638.0,5.0
KAG_2026_13453,India,Data Scientist,Grandmaster,7,61,11,17,20,120,2602,1,77,6,23,104145.0,7.0
KAG_2026_13454,USA,Data Analyst,Contributor,20,10,0,5,9,19,236,1,57,10,10,147227.0,20.0
KAG_2026_13455,USA,Data Analyst,Contributor,14,9,0,4,14,21,359,1,40,6,8,132231.0,14.0
KAG_2026_13456,India,Researcher,Expert,9,27,1,3,15,35,381,1,47,11,11,102370.0,9.0
KAG_2026_13457,USA,ML Engineer,Expert,10,34,1,9,12,37,184,1,51,2,11,184199.0,10.0
KAG_2026_13458,India,Data Scientist,Contributor,3,20,0,1,6,20,430,0,32,4,4,64229.0,3.0
KAG_2026_13459,Nigeria,Researcher,Grandmaster,18,58,6,21,23,122,2536,1,93,10,24,149223.0,18.0
KAG_2026_13460,India,Researcher,Master,15,38,11,26,19,64,801,1,79,3,22,142289.0,15.0
KAG_2026_13461,UK,Researcher,Master,19,45,7,39,15,69,915,1,79,2,21,199648.0,19.0
KAG_2026_13462,Spain,Student,Novice,1,5,0,0,7,19,9,1,8,2,0,0.0,1.0
KAG_2026_13463,UK,Researcher,Grandmaster,8,53,19,17,20,122,2649,1,89,4,27,150277.0,8.0
KAG_2026_13464,Japan,Data Scientist,Contributor,9,13,0,8,6,12,439,1,42,7,6,126417.0,9.0
KAG_2026_13465,India,Data Scientist,Expert,12,21,3,7,18,35,161,1,52,6,13,110811.0,12.0
KAG_2026_13466,UK,Data Scientist,Contributor,9,12,0,6,10,12,102,0,31,5,6,120196.0,9.0
KAG_2026_13467,USA,Data Analyst,Novice,21,2,0,0,7,11,6,1,40,5,6,138239.0,21.0
KAG_2026_13468,USA,ML Engineer,Expert,12,30,1,1,17,25,290,1,53,11,12,202780.0,12.0
KAG_2026_13469,France,Data Analyst,Novice,21,6,0,0,1,19,10,0,31,9,6,107430.0,21.0
KAG_2026_13470,India,Researcher,Expert,13,22,1,7,11,32,405,1,61,10,12,107782.0,13.0
KAG_2026_13471,Nigeria,Student,Novice,0,2,0,0,8,2,5,1,8,4,0,11119.0,0.0
KAG_2026_13472,UK,Data Analyst,Expert,8,27,2,3,12,24,472,1,53,2,11,99033.0,8.0
KAG_2026_13473,India,Researcher,Master,14,48,15,17,17,55,1093,1,83,11,23,117142.0,14.0
KAG_2026_13474,Canada,Researcher,Expert,19,34,4,8,14,26,269,1,61,5,15,187635.0,19.0
KAG_2026_13475,UK,Data Scientist,Expert,10,29,4,6,15,23,401,1,54,2,13,148023.0,10.0
KAG_2026_13476,Canada,ML Engineer,Expert,18,21,4,3,15,22,307,1,67,10,15,180715.0,18.0
KAG_2026_13477,Japan,Researcher,Grandmaster,17,62,16,32,26,116,2605,1,100,8,29,167348.0,17.0
KAG_2026_13478,USA,Student,Contributor,1,13,0,2,7,20,53,1,24,3,4,0.0,1.0
KAG_2026_13479,India,ML Engineer,Expert,9,29,2,1,14,28,400,1,46,9,11,95743.0,9.0
KAG_2026_13480,UK,Data Scientist,Contributor,6,8,0,8,8,22,223,1,24,7,5,124522.0,6.0
KAG_2026_13481,Germany,Data Analyst,Novice,2,9,0,0,6,6,9,0,11,2,0,49896.0,2.0
KAG_2026_13482,Brazil,Data Analyst,Novice,4,2,0,0,8,8,1,0,18,3,1,38526.0,4.0
KAG_2026_13483,USA,Researcher,Master,14,48,5,27,21,64,888,1,69,9,18,191075.0,14.0
KAG_2026_13484,USA,Data Analyst,Expert,12,20,2,8,13,26,450,1,51,7,12,114851.0,12.0
KAG_2026_13485,Brazil,Data Analyst,Contributor,18,8,0,3,7,8,276,0,47,4,9,89466.0,18.0
KAG_2026_13486,Canada,ML Engineer,Grandmaster,20,59,18,12,21,128,2730,1,100,10,31,206210.0,20.0
KAG_2026_13487,Germany,Data Scientist,Master,19,39,21,10,20,66,1005,1,98,8,28,195241.0,19.0
KAG_2026_13488,France,ML Engineer,Expert,18,25,4,5,18,26,337,1,65,10,15,158367.0,18.0
KAG_2026_13489,India,Data Scientist,Grandmaster,16,52,8,23,25,115,2674,1,88,8,24,147920.0,16.0
KAG_2026_13490,Japan,Data Scientist,Expert,12,26,4,8,11,21,342,1,57,10,13,137411.0,12.0
KAG_2026_13491,USA,Student,Novice,2,14,0,0,1,9,7,0,3,4,0,0.0,2.0
KAG_2026_13492,Brazil,Student,Master,1,47,10,26,20,57,892,1,55,3,17,0.0,1.0
KAG_2026_13493,Canada,Student,Novice,1,6,0,0,4,19,3,1,9,1,0,0.0,1.0
KAG_2026_13494,USA,Researcher,Grandmaster,8,54,5,20,21,122,2576,1,76,2,20,211207.0,8.0
KAG_2026_13495,UK,Researcher,Master,9,38,10,27,22,59,884,1,65,4,19,137575.0,9.0
KAG_2026_13496,Brazil,ML Engineer,Contributor,15,7,0,5,14,5,208,1,42,10,8,106691.0,15.0
KAG_2026_13497,Nigeria,Data Scientist,Expert,20,28,3,6,10,27,203,1,67,8,15,126269.0,20.0
KAG_2026_13498,UK,Student,Contributor,1,9,0,1,14,18,268,1,19,3,4,0.0,1.0
KAG_2026_13499,Germany,Data Analyst,Novice,13,6,0,0,0,9,11,1,30,2,3,88519.0,13.0
KAG_2026_13500,Nigeria,ML Engineer,Expert,15,21,2,1,16,22,298,1,60,3,13,105822.0,15.0
KAG_2026_13501,USA,ML Engineer,Expert,19,22,2,8,13,28,338,1,65,2,14,211911.0,19.0
KAG_2026_13502,India,ML Engineer,Contributor,8,13,0,9,8,9,353,1,32,11,6,96336.0,8.0
KAG_2026_13503,USA,ML Engineer,Contributor,10,10,0,1,8,9,284,1,44,5,7,176427.0,10.0
KAG_2026_13504,USA,Researcher,Expert,21,33,2,1,11,35,174,1,66,9,15,239660.0,21.0
KAG_2026_13505,USA,ML Engineer,Master,6,38,16,26,22,65,1176,1,68,5,21,191617.0,6.0
KAG_2026_13506,Germany,Researcher,Expert,6,33,3,9,13,29,288,1,41,7,11,140754.0,6.0
KAG_2026_13507,USA,Student,Novice,1,10,0,0,7,6,9,1,8,2,0,0.0,1.0
KAG_2026_13508,USA,Data Analyst,Contributor,10,12,0,6,8,16,318,1,41,10,7,116355.0,10.0
KAG_2026_13509,USA,Data Analyst,Novice,8,14,0,0,1,6,2,1,19,5,2,95382.0,8.0
KAG_2026_13510,India,Data Analyst,Novice,9,5,0,0,0,11,4,1,25,7,2,51691.0,9.0
KAG_2026_13511,India,Researcher,Expert,13,33,3,9,17,25,292,1,65,5,13,110498.0,13.0
KAG_2026_13512,USA,Data Analyst,Novice,19,2,0,0,8,5,0,0,31,10,5,122876.0,19.0
KAG_2026_13513,India,Researcher,Expert,11,34,4,4,17,28,543,1,52,11,13,108147.0,11.0
KAG_2026_13514,USA,Student,Novice,0,12,0,0,8,4,14,1,6,2,0,0.0,0.0
KAG_2026_13515,Germany,Student,Master,0,41,8,20,23,53,866,1,61,2,16,0.0,0.0
KAG_2026_13516,Germany,Student,Master,1,35,22,35,18,66,1173,1,71,4,23,0.0,1.0
KAG_2026_13517,UK,Data Scientist,Master,21,39,11,35,18,56,1173,1,84,7,23,197389.0,21.0
KAG_2026_13518,Germany,Student,Contributor,0,10,0,7,7,8,385,1,29,4,4,0.0,0.0
KAG_2026_13519,USA,ML Engineer,Master,7,39,22,36,22,55,1063,1,71,8,25,209217.0,7.0
KAG_2026_13520,Spain,Data Scientist,Grandmaster,8,62,12,13,26,129,2525,1,83,9,24,147255.0,8.0
KAG_2026_13521,USA,Data Analyst,Contributor,4,21,0,6,11,11,225,1,26,11,5,90780.0,4.0
KAG_2026_13522,Canada,Data Analyst,Novice,5,12,0,0,0,2,11,0,18,2,1,63913.0,5.0
KAG_2026_13523,Canada,Data Analyst,Novice,4,2,0,0,6,13,5,1,8,7,1,64092.0,4.0
KAG_2026_13524,India,Student,Novice,2,4,0,0,8,10,5,1,17,1,0,0.0,2.0
KAG_2026_13525,India,Data Scientist,Grandmaster,17,59,19,10,26,112,2781,1,100,2,30,161925.0,17.0
KAG_2026_13526,India,Student,Novice,0,10,0,0,8,6,2,1,2,3,0,0.0,0.0
KAG_2026_13527,India,Data Analyst,Master,13,40,9,10,22,65,921,1,82,3,20,90209.0,13.0
KAG_2026_13528,Germany,Researcher,Master,16,46,21,36,16,51,912,1,81,7,27,189477.0,16.0
KAG_2026_13529,Nigeria,Researcher,Expert,8,20,3,7,16,39,344,1,49,6,11,80551.0,8.0
KAG_2026_13530,India,Data Scientist,Contributor,6,11,0,3,13,7,240,1,24,6,5,75232.0,6.0
KAG_2026_13531,India,Data Scientist,Contributor,7,20,0,6,6,8,298,1,34,8,6,83029.0,7.0
KAG_2026_13532,Nigeria,Researcher,Expert,9,29,1,5,13,29,209,1,47,4,11,82439.0,9.0
KAG_2026_13533,India,Data Analyst,Novice,13,3,0,0,0,19,0,0,31,2,3,67789.0,13.0
KAG_2026_13534,India,Data Analyst,Contributor,17,20,0,7,12,24,120,0,45,7,9,83339.0,17.0
KAG_2026_13535,France,Data Scientist,Contributor,16,14,0,1,12,9,189,0,52,3,8,132879.0,16.0
KAG_2026_13536,India,Data Scientist,Contributor,16,16,0,9,14,5,337,1,40,5,8,101374.0,16.0
KAG_2026_13537,India,Data Analyst,Novice,11,12,0,0,0,7,11,0,19,11,3,66519.0,11.0
KAG_2026_13538,Nigeria,Data Analyst,Contributor,12,10,0,1,13,17,102,1,41,2,7,73285.0,12.0
KAG_2026_13539,India,Data Analyst,Contributor,13,14,0,8,11,15,378,1,48,8,7,81785.0,13.0
KAG_2026_13540,USA,Student,Novice,1,2,0,0,8,10,1,0,15,2,0,6450.0,1.0
KAG_2026_13541,India,Student,Contributor,2,18,0,3,5,18,156,1,28,1,4,0.0,2.0
KAG_2026_13542,Spain,ML Engineer,Master,12,41,15,14,22,60,838,1,72,4,23,152222.0,12.0
KAG_2026_13543,USA,Data Scientist,Expert,17,34,4,6,15,32,346,1,61,2,15,189933.0,17.0
KAG_2026_13544,Germany,Data Scientist,Grandmaster,14,64,7,14,29,120,2507,1,88,9,23,181084.0,14.0
KAG_2026_13545,India,ML Engineer,Contributor,6,18,0,3,6,21,372,1,25,6,5,74308.0,6.0
KAG_2026_13546,Germany,Student,Novice,1,11,0,0,8,3,6,0,1,3,0,0.0,1.0
KAG_2026_13547,India,Student,Novice,2,3,0,0,8,3,5,1,16,1,0,0.0,2.0
KAG_2026_13548,India,Data Scientist,Contributor,5,12,0,5,5,7,146,1,36,9,5,66094.0,5.0
KAG_2026_13549,Canada,Researcher,Expert,18,25,2,3,15,33,255,1,71,9,14,186001.0,18.0
KAG_2026_13550,Germany,Data Analyst,Novice,13,4,0,0,3,17,13,1,25,4,3,99993.0,13.0
KAG_2026_13551,India,Data Scientist,Contributor,4,7,0,8,11,17,418,1,29,11,5,66237.0,4.0
KAG_2026_13552,USA,Data Scientist,Grandmaster,16,64,20,35,25,122,2717,1,100,10,30,219002.0,16.0
KAG_2026_13553,France,Student,Contributor,0,21,0,4,9,8,354,0,22,4,4,0.0,0.0
KAG_2026_13554,USA,Student,Novice,0,13,0,0,5,5,12,0,11,3,0,0.0,0.0
KAG_2026_13555,USA,Student,Novice,1,7,0,0,4,7,0,1,7,1,0,0.0,1.0
KAG_2026_13556,USA,ML Engineer,Contributor,12,18,0,9,12,7,414,1,34,9,7,196742.0,12.0
KAG_2026_13557,USA,ML Engineer,Expert,5,32,4,7,14,36,541,1,43,6,11,182557.0,5.0
KAG_2026_13558,USA,ML Engineer,Contributor,20,14,0,3,14,5,169,1,46,10,10,222914.0,20.0
KAG_2026_13559,USA,Data Analyst,Novice,15,8,0,0,0,3,7,0,22,8,4,112694.0,15.0
KAG_2026_13560,India,Student,Novice,1,2,0,0,4,16,9,1,6,1,0,13690.0,1.0
KAG_2026_13561,Spain,Researcher,Expert,11,28,1,1,11,36,232,1,53,7,11,113872.0,11.0
KAG_2026_13562,Brazil,ML Engineer,Grandmaster,20,52,7,23,23,124,2644,1,98,5,25,155321.0,20.0
KAG_2026_13563,Brazil,ML Engineer,Expert,4,26,1,1,18,35,413,1,46,11,9,83793.0,4.0
KAG_2026_13564,USA,ML Engineer,Contributor,20,8,0,5,8,13,249,1,51,8,10,222216.0,20.0
KAG_2026_13565,USA,Data Analyst,Contributor,11,20,0,7,5,9,310,0,31,4,7,114130.0,11.0
KAG_2026_13566,Canada,Data Analyst,Contributor,14,9,0,3,5,5,130,1,39,4,8,108635.0,14.0
KAG_2026_13567,Canada,Data Scientist,Grandmaster,16,62,8,35,24,115,2724,1,96,10,24,194475.0,16.0
KAG_2026_13568,USA,Data Analyst,Novice,18,11,0,0,8,4,2,1,31,10,5,131508.0,18.0
KAG_2026_13569,USA,Student,Novice,1,4,0,0,5,6,0,1,11,2,0,0.0,1.0
KAG_2026_13570,Germany,Student,Contributor,0,13,0,1,11,10,328,0,23,1,4,0.0,0.0
KAG_2026_13571,USA,Data Scientist,Expert,15,23,3,8,14,36,234,1,58,7,14,188821.0,15.0
KAG_2026_13572,Germany,ML Engineer,Master,9,39,12,33,24,51,1070,1,68,7,20,168008.0,9.0
KAG_2026_13573,Nigeria,Data Analyst,Novice,7,9,0,0,4,4,10,1,14,9,2,46109.0,7.0
KAG_2026_13574,USA,ML Engineer,Master,8,38,9,15,23,52,1094,1,70,11,18,197035.0,8.0
KAG_2026_13575,USA,Data Scientist,Expert,9,32,2,6,16,39,272,1,57,7,11,174958.0,9.0
KAG_2026_13576,USA,Data Analyst,Novice,11,3,0,0,6,11,14,1,17,6,3,105186.0,11.0
KAG_2026_13577,Germany,ML Engineer,Grandmaster,19,63,15,23,29,127,2586,1,99,6,29,209329.0,19.0
KAG_2026_13578,India,Researcher,Expert,18,23,3,8,16,26,244,1,70,11,14,137327.0,18.0
KAG_2026_13579,France,ML Engineer,Contributor,17,15,0,8,8,5,46,0,42,10,9,153699.0,17.0
KAG_2026_13580,France,Data Analyst,Novice,8,2,0,0,8,8,14,0,13,4,2,69937.0,8.0
KAG_2026_13581,Japan,Data Analyst,Novice,14,8,0,0,1,16,0,0,22,10,4,84153.0,14.0
KAG_2026_13582,India,Data Analyst,Novice,13,4,0,0,3,6,8,0,29,4,3,74178.0,13.0
KAG_2026_13583,USA,Data Analyst,Contributor,16,21,0,6,9,15,357,1,44,7,8,138327.0,16.0
KAG_2026_13584,USA,ML Engineer,Grandmaster,12,51,17,28,25,124,2535,1,92,3,28,202315.0,12.0
KAG_2026_13585,UK,Data Scientist,Grandmaster,21,63,12,30,29,129,2762,1,100,7,28,177943.0,21.0
KAG_2026_13586,Germany,Data Analyst,Novice,7,2,0,0,4,18,7,1,15,3,2,65356.0,7.0
KAG_2026_13587,France,ML Engineer,Contributor,16,16,0,4,12,11,89,0,40,5,8,141160.0,16.0
KAG_2026_13588,Canada,Researcher,Expert,19,27,1,7,10,29,252,1,62,5,14,173536.0,19.0
KAG_2026_13589,USA,Data Scientist,Expert,8,30,2,6,12,25,207,1,45,3,11,168240.0,8.0
KAG_2026_13590,Brazil,ML Engineer,Master,13,43,24,33,24,55,891,1,90,4,27,126152.0,13.0
KAG_2026_13591,USA,Data Scientist,Grandmaster,17,53,11,30,25,116,2567,1,98,4,26,225684.0,17.0
KAG_2026_13592,Japan,Researcher,Grandmaster,15,62,23,19,26,112,2820,1,94,7,32,176552.0,15.0
KAG_2026_13593,USA,Student,Contributor,1,10,0,8,10,17,332,1,17,1,4,10203.0,1.0
KAG_2026_13594,Nigeria,Researcher,Expert,9,23,3,5,10,32,263,1,47,11,12,88334.0,9.0
KAG_2026_13595,Spain,Data Analyst,Expert,20,30,4,2,18,30,310,1,74,7,16,115094.0,20.0
KAG_2026_13596,Germany,Researcher,Master,10,37,21,25,23,63,1059,1,81,5,25,160060.0,10.0
KAG_2026_13597,Brazil,ML Engineer,Contributor,20,16,0,5,14,24,274,0,47,4,10,132803.0,20.0
KAG_2026_13598,Germany,Researcher,Master,11,43,18,15,15,52,1041,1,81,5,24,154069.0,11.0
KAG_2026_13599,Germany,Data Scientist,Expert,17,21,1,2,14,32,192,1,65,5,13,154505.0,17.0
KAG_2026_13600,Nigeria,Data Scientist,Expert,4,20,4,8,18,22,443,1,38,4,11,65287.0,4.0
KAG_2026_13601,Japan,ML Engineer,Contributor,14,15,0,8,13,24,405,1,36,6,8,151087.0,14.0
KAG_2026_13602,UK,Student,Novice,1,4,0,0,8,18,6,0,1,2,0,0.0,1.0
KAG_2026_13603,USA,Student,Expert,0,26,3,1,14,25,406,1,43,4,9,0.0,0.0
KAG_2026_13604,Germany,Data Analyst,Novice,17,12,0,0,5,15,1,0,34,5,5,114182.0,17.0
KAG_2026_13605,Germany,Researcher,Expert,14,34,1,1,12,26,375,1,53,9,12,166627.0,14.0
KAG_2026_13606,Canada,ML Engineer,Contributor,16,21,0,6,13,24,428,1,44,8,8,159501.0,16.0
KAG_2026_13607,France,Researcher,Expert,13,31,1,5,19,36,332,1,64,3,12,133202.0,13.0
KAG_2026_13608,Germany,Data Analyst,Contributor,17,10,0,9,6,16,263,0,50,5,9,105773.0,17.0
KAG_2026_13609,Germany,Researcher,Expert,18,25,3,3,14,27,543,1,60,5,14,182478.0,18.0
KAG_2026_13610,Canada,Data Scientist,Contributor,17,13,0,4,7,17,362,1,47,3,9,147468.0,17.0
KAG_2026_13611,India,Data Analyst,Expert,5,30,3,3,16,34,255,1,39,9,11,55350.0,5.0
KAG_2026_13612,Nigeria,ML Engineer,Contributor,17,9,0,5,13,24,289,1,43,5,9,101526.0,17.0
KAG_2026_13613,UK,ML Engineer,Expert,20,33,1,1,14,38,375,1,69,8,14,188991.0,20.0
KAG_2026_13614,Brazil,Data Scientist,Contributor,17,13,0,7,13,12,400,1,43,8,9,111102.0,17.0
KAG_2026_13615,USA,Data Analyst,Contributor,10,9,0,8,6,12,234,1,36,7,7,102772.0,10.0
KAG_2026_13616,India,Data Analyst,Novice,3,14,0,0,6,14,4,0,9,5,0,33582.0,3.0
KAG_2026_13617,USA,Data Analyst,Novice,9,14,0,0,4,4,0,0,23,11,2,101665.0,9.0
KAG_2026_13618,Germany,Data Analyst,Novice,21,10,0,0,3,13,3,0,34,5,6,111093.0,21.0
KAG_2026_13619,Brazil,Student,Novice,0,5,0,0,1,16,8,1,4,3,0,0.0,0.0
KAG_2026_13620,France,ML Engineer,Grandmaster,8,59,23,24,21,124,2815,1,94,2,29,147408.0,8.0
KAG_2026_13621,India,Data Analyst,Novice,12,3,0,0,3,1,13,0,22,8,3,70314.0,12.0
KAG_2026_13622,Japan,Researcher,Master,7,49,8,36,22,66,1117,1,66,9,18,136216.0,7.0
KAG_2026_13623,India,ML Engineer,Expert,12,27,1,7,10,24,332,1,52,9,12,114113.0,12.0
KAG_2026_13624,UK,ML Engineer,Expert,7,34,1,3,17,22,176,1,45,8,10,130279.0,7.0
KAG_2026_13625,USA,Data Scientist,Grandmaster,20,61,5,24,23,124,2682,1,97,6,24,233616.0,20.0
KAG_2026_13626,UK,Data Scientist,Contributor,14,12,0,3,8,6,282,1,41,11,8,150086.0,14.0
KAG_2026_13627,USA,Researcher,Expert,21,26,4,2,16,36,344,1,73,4,16,230960.0,21.0
KAG_2026_13628,USA,ML Engineer,Contributor,10,18,0,9,10,16,390,0,31,3,7,178582.0,10.0
KAG_2026_13629,Spain,Data Analyst,Contributor,4,9,0,4,8,23,115,0,22,2,5,54232.0,4.0
KAG_2026_13630,Canada,Student,Contributor,0,8,0,1,12,13,195,1,21,3,4,13767.0,0.0
KAG_2026_13631,USA,ML Engineer,Expert,16,30,3,6,15,25,515,1,65,5,14,227843.0,16.0
KAG_2026_13632,Germany,Researcher,Expert,19,25,3,8,13,26,197,1,67,3,15,185060.0,19.0
KAG_2026_13633,India,ML Engineer,Contributor,9,18,0,5,9,19,258,1,40,10,6,88259.0,9.0
KAG_2026_13634,USA,Data Scientist,Contributor,6,11,0,1,14,15,60,1,28,5,5,151500.0,6.0
KAG_2026_13635,India,Data Analyst,Contributor,14,12,0,8,9,10,151,1,39,5,8,79482.0,14.0
KAG_2026_13636,France,ML Engineer,Expert,14,28,2,8,18,35,256,1,61,9,13,138934.0,14.0
KAG_2026_13637,Japan,Data Scientist,Expert,21,30,2,4,14,24,301,1,66,2,15,159905.0,21.0
KAG_2026_13638,Germany,Student,Contributor,0,7,0,5,11,7,378,1,28,4,4,0.0,0.0
KAG_2026_13639,Canada,Researcher,Expert,14,22,3,1,12,25,491,1,59,7,13,168253.0,14.0
KAG_2026_13640,Canada,ML Engineer,Contributor,14,12,0,8,12,22,233,1,43,9,8,160671.0,14.0
KAG_2026_13641,Spain,Student,Contributor,1,7,0,4,8,23,388,1,29,4,4,12872.0,1.0
KAG_2026_13642,Germany,Data Analyst,Contributor,3,8,0,9,10,16,378,1,25,11,4,62819.0,3.0
KAG_2026_13643,Nigeria,Student,Novice,2,7,0,0,7,12,5,1,9,4,0,0.0,2.0
KAG_2026_13644,UK,Student,Novice,2,9,0,0,2,20,8,1,8,3,0,8503.0,2.0
KAG_2026_13645,USA,Data Analyst,Novice,13,12,0,0,3,2,13,0,26,7,3,101862.0,13.0
KAG_2026_13646,USA,Data Analyst,Novice,4,2,0,0,2,12,12,1,10,9,1,76702.0,4.0
KAG_2026_13647,Canada,Researcher,Expert,18,31,1,3,13,23,316,1,60,5,13,194147.0,18.0
KAG_2026_13648,USA,Student,Expert,1,32,4,3,17,33,407,1,38,1,10,0.0,1.0
KAG_2026_13649,India,ML Engineer,Contributor,9,7,0,7,8,18,305,0,28,4,6,91923.0,9.0
KAG_2026_13650,USA,Data Scientist,Expert,11,27,3,4,12,37,385,1,57,7,12,169048.0,11.0
KAG_2026_13651,USA,ML Engineer,Contributor,6,13,0,5,6,24,117,1,37,4,5,162935.0,6.0
KAG_2026_13652,USA,Student,Contributor,2,9,0,1,6,13,76,1,29,4,4,0.0,2.0
KAG_2026_13653,USA,ML Engineer,Expert,10,28,1,5,10,21,183,1,51,9,11,190075.0,10.0
KAG_2026_13654,Germany,Researcher,Expert,13,21,1,7,17,38,433,1,57,5,12,143467.0,13.0
KAG_2026_13655,Germany,ML Engineer,Grandmaster,16,55,14,15,29,115,2504,1,97,9,27,182293.0,16.0
KAG_2026_13656,France,Student,Contributor,1,15,0,6,12,15,210,0,26,1,4,0.0,1.0
KAG_2026_13657,France,Researcher,Expert,13,24,1,4,10,39,451,1,51,3,12,136161.0,13.0
KAG_2026_13658,India,ML Engineer,Contributor,7,17,0,4,5,14,344,0,29,6,6,86562.0,7.0
KAG_2026_13659,Germany,Researcher,Master,6,44,16,11,19,56,1017,1,73,7,21,139831.0,6.0
KAG_2026_13660,India,Student,Novice,0,8,0,0,8,20,10,0,8,4,0,0.0,0.0
KAG_2026_13661,USA,Data Analyst,Contributor,7,16,0,5,11,24,422,1,37,6,6,89659.0,7.0
KAG_2026_13662,Spain,Student,Novice,0,3,0,0,6,17,11,1,2,2,0,11478.0,0.0
KAG_2026_13663,Spain,ML Engineer,Grandmaster,20,52,17,10,21,128,2724,1,100,8,30,200059.0,20.0
KAG_2026_13664,USA,Data Analyst,Contributor,16,15,0,5,5,17,433,1,42,3,8,131985.0,16.0
KAG_2026_13665,India,ML Engineer,Master,9,45,6,14,18,58,857,1,61,3,17,119892.0,9.0
KAG_2026_13666,India,ML Engineer,Contributor,15,19,0,2,12,9,329,0,40,10,8,102121.0,15.0
KAG_2026_13667,Germany,Researcher,Expert,21,26,4,8,12,26,400,1,69,2,16,203469.0,21.0
KAG_2026_13668,USA,Data Scientist,Contributor,12,15,0,6,5,11,143,1,42,2,7,168672.0,12.0
KAG_2026_13669,India,Data Analyst,Novice,19,2,0,0,9,5,3,0,29,9,5,100003.0,19.0
KAG_2026_13670,India,Data Scientist,Expert,5,28,3,7,10,30,470,1,46,11,11,89566.0,5.0
KAG_2026_13671,USA,Data Analyst,Novice,5,2,0,0,9,9,4,1,10,8,1,75386.0,5.0
KAG_2026_13672,Brazil,Researcher,Master,13,44,12,27,16,50,899,1,82,4,21,127534.0,13.0
KAG_2026_13673,Spain,Data Scientist,Grandmaster,8,52,17,21,29,128,2779,1,90,8,26,142925.0,8.0
KAG_2026_13674,Brazil,Student,Grandmaster,2,54,10,38,23,116,2548,1,76,4,21,0.0,2.0
KAG_2026_13675,USA,Data Analyst,Contributor,7,21,0,5,13,7,375,0,27,9,6,89548.0,7.0
KAG_2026_13676,USA,Data Analyst,Novice,11,8,0,0,7,8,13,1,17,3,3,96732.0,11.0
KAG_2026_13677,USA,Researcher,Expert,10,31,2,5,11,39,247,1,52,3,12,176693.0,10.0
KAG_2026_13678,Nigeria,Data Scientist,Grandmaster,17,62,22,11,23,112,2892,1,96,10,32,139724.0,17.0
KAG_2026_13679,USA,Data Analyst,Novice,12,2,0,0,6,5,7,1,20,4,3,98566.0,12.0
KAG_2026_13680,USA,Data Analyst,Contributor,4,13,0,9,13,12,211,1,24,10,5,91325.0,4.0
KAG_2026_13681,Nigeria,ML Engineer,Expert,8,29,3,7,11,23,304,1,55,6,11,87195.0,8.0
KAG_2026_13682,India,Data Scientist,Master,18,42,20,19,21,61,919,1,85,5,27,132417.0,18.0
KAG_2026_13683,USA,ML Engineer,Expert,13,26,4,6,16,33,195,1,52,3,13,195415.0,13.0
KAG_2026_13684,Spain,ML Engineer,Contributor,8,11,0,8,9,20,388,1,36,10,6,113133.0,8.0
KAG_2026_13685,India,Data Analyst,Novice,7,3,0,0,8,2,2,0,24,10,2,51868.0,7.0
KAG_2026_13686,USA,Data Scientist,Contributor,14,12,0,6,5,9,404,1,48,6,8,193906.0,14.0
KAG_2026_13687,Germany,Data Analyst,Contributor,12,17,0,7,7,19,145,1,41,6,7,101708.0,12.0
KAG_2026_13688,USA,Student,Contributor,1,18,0,9,14,18,379,1,29,1,4,0.0,1.0
KAG_2026_13689,USA,Researcher,Expert,20,34,1,5,13,36,237,1,68,5,14,233523.0,20.0
KAG_2026_13690,India,Data Scientist,Expert,11,23,2,3,14,27,176,1,59,6,12,108485.0,11.0
KAG_2026_13691,USA,Data Analyst,Master,8,44,20,15,16,64,1079,1,78,6,24,131671.0,8.0
KAG_2026_13692,Germany,Researcher,Master,15,46,19,32,15,63,977,1,90,3,26,181563.0,15.0
KAG_2026_13693,USA,Data Scientist,Expert,15,24,3,4,10,22,381,1,64,6,14,202288.0,15.0
KAG_2026_13694,USA,Student,Novice,0,8,0,0,1,10,13,1,0,1,0,0.0,0.0
KAG_2026_13695,India,Student,Master,0,47,11,12,21,54,875,1,55,3,17,0.0,0.0
KAG_2026_13696,India,Data Analyst,Novice,4,9,0,0,8,3,6,1,17,7,1,38984.0,4.0
KAG_2026_13697,Spain,Researcher,Expert,8,34,4,5,17,34,426,1,55,5,12,114545.0,8.0
KAG_2026_13698,Canada,ML Engineer,Contributor,21,7,0,5,5,12,403,0,48,7,10,170720.0,21.0
KAG_2026_13699,Brazil,ML Engineer,Master,12,36,5,19,16,60,1135,1,71,3,18,107883.0,12.0
KAG_2026_13700,Brazil,Student,Novice,2,5,0,0,6,9,12,0,11,4,0,0.0,2.0
KAG_2026_13701,France,Data Analyst,Novice,18,8,0,0,7,8,3,1,41,9,5,106329.0,18.0
KAG_2026_13702,Spain,Data Analyst,Contributor,6,10,0,6,5,7,141,1,37,6,5,66531.0,6.0
KAG_2026_13703,India,Data Scientist,Contributor,16,12,0,8,14,15,255,0,40,9,8,101782.0,16.0
KAG_2026_13704,USA,Student,Novice,1,2,0,0,0,20,4,0,1,2,0,0.0,1.0
KAG_2026_13705,UK,Researcher,Master,16,49,6,27,21,60,935,1,80,7,19,156228.0,16.0
KAG_2026_13706,Nigeria,Researcher,Expert,13,28,2,4,13,31,156,1,56,5,12,91737.0,13.0
KAG_2026_13707,Germany,Data Analyst,Contributor,8,20,0,5,14,21,234,0,37,5,6,80194.0,8.0
KAG_2026_13708,India,Data Scientist,Grandmaster,6,52,13,16,24,116,2703,1,82,2,24,103875.0,6.0
KAG_2026_13709,India,Data Scientist,Contributor,4,16,0,4,11,18,94,1,32,10,5,66731.0,4.0
KAG_2026_13710,India,ML Engineer,Contributor,14,17,0,3,14,11,414,1,42,11,8,107561.0,14.0
KAG_2026_13711,USA,Student,Novice,1,13,0,0,6,20,14,0,12,3,0,0.0,1.0
KAG_2026_13712,Germany,Researcher,Grandmaster,7,60,9,39,26,129,2704,1,79,9,22,157450.0,7.0
KAG_2026_13713,India,Researcher,Grandmaster,17,60,9,17,23,111,2530,1,100,5,25,154453.0,17.0
KAG_2026_13714,India,Researcher,Master,15,35,13,30,23,65,974,1,85,6,23,132309.0,15.0
KAG_2026_13715,India,Data Analyst,Novice,2,2,0,0,5,3,10,0,14,11,0,30733.0,2.0
KAG_2026_13716,UK,Data Scientist,Expert,14,22,1,7,11,32,253,1,54,8,12,166486.0,14.0
KAG_2026_13717,India,Data Analyst,Contributor,5,7,0,8,9,20,323,1,31,7,5,46614.0,5.0
KAG_2026_13718,India,Data Analyst,Novice,12,6,0,0,4,15,14,0,22,6,3,68953.0,12.0
KAG_2026_13719,France,Student,Master,2,40,21,30,18,62,854,1,70,4,23,8986.0,2.0
KAG_2026_13720,Germany,ML Engineer,Expert,13,33,3,2,15,32,413,1,54,10,13,151433.0,13.0
KAG_2026_13721,India,Data Analyst,Master,18,35,9,28,17,68,1160,1,83,2,21,125878.0,18.0
KAG_2026_13722,Nigeria,Student,Novice,0,12,0,0,2,3,4,1,3,3,0,0.0,0.0
KAG_2026_13723,Germany,Researcher,Expert,12,34,2,9,11,34,519,1,59,5,12,146553.0,12.0
KAG_2026_13724,UK,Researcher,Expert,17,23,2,7,10,23,482,1,67,9,14,182964.0,17.0
KAG_2026_13725,India,Data Analyst,Expert,15,29,3,3,15,39,179,1,68,8,14,101161.0,15.0
KAG_2026_13726,Nigeria,ML Engineer,Expert,7,22,4,7,19,28,205,1,49,3,12,83209.0,7.0
KAG_2026_13727,UK,Researcher,Expert,5,31,4,2,14,23,357,1,49,2,11,135004.0,5.0
KAG_2026_13728,Germany,Data Analyst,Contributor,12,7,0,4,7,6,345,1,40,10,7,97107.0,12.0
KAG_2026_13729,Nigeria,ML Engineer,Grandmaster,15,59,10,28,21,120,2674,1,89,2,25,139420.0,15.0
KAG_2026_13730,Japan,Researcher,Expert,16,20,4,3,10,24,164,1,61,8,14,158000.0,16.0
KAG_2026_13731,France,Data Analyst,Expert,20,26,1,6,13,28,500,1,64,3,14,135109.0,20.0
KAG_2026_13732,India,Data Scientist,Contributor,16,9,0,1,13,18,278,1,53,9,8,116393.0,16.0
KAG_2026_13733,Canada,ML Engineer,Contributor,14,9,0,4,5,14,293,0,42,7,8,164660.0,14.0
KAG_2026_13734,Canada,Student,Contributor,2,10,0,2,6,10,277,0,29,4,4,0.0,2.0
KAG_2026_13735,Spain,Data Scientist,Expert,19,22,4,1,17,21,541,1,65,8,15,158248.0,19.0
KAG_2026_13736,India,Data Analyst,Expert,17,25,3,2,18,32,312,1,66,9,14,96085.0,17.0
KAG_2026_13737,France,Data Analyst,Novice,4,7,0,0,4,8,1,1,7,9,1,58459.0,4.0
KAG_2026_13738,Germany,Data Scientist,Contributor,4,15,0,6,12,18,383,1,30,2,5,100313.0,4.0
KAG_2026_13739,USA,ML Engineer,Expert,9,22,1,3,14,36,271,1,51,8,11,202636.0,9.0
KAG_2026_13740,USA,Researcher,Master,13,38,17,15,19,68,1023,1,85,2,24,208783.0,13.0
KAG_2026_13741,Germany,ML Engineer,Master,16,42,14,15,15,66,843,1,77,3,23,182016.0,16.0
KAG_2026_13742,Canada,Student,Contributor,1,21,0,1,5,11,209,0,23,4,4,0.0,1.0
KAG_2026_13743,India,ML Engineer,Contributor,14,7,0,7,9,16,351,0,40,8,8,100921.0,14.0
KAG_2026_13744,Brazil,Data Analyst,Contributor,10,21,0,7,9,22,151,1,35,2,7,61927.0,10.0
KAG_2026_13745,India,Student,Contributor,0,18,0,6,7,10,137,0,28,1,4,0.0,0.0
KAG_2026_13746,USA,Student,Novice,2,7,0,0,8,1,3,1,16,3,0,0.0,2.0
KAG_2026_13747,UK,Researcher,Expert,21,21,3,8,18,27,255,1,69,6,15,175652.0,21.0
KAG_2026_13748,India,Data Analyst,Novice,9,4,0,0,4,4,14,1,16,3,2,52769.0,9.0
KAG_2026_13749,USA,Data Analyst,Novice,18,5,0,0,9,10,1,0,39,5,5,136137.0,18.0
KAG_2026_13750,Canada,Student,Contributor,2,14,0,5,6,8,144,0,30,4,4,0.0,2.0
KAG_2026_13751,India,Researcher,Expert,20,22,1,6,12,24,488,1,72,3,14,137223.0,20.0
KAG_2026_13752,India,Data Scientist,Expert,12,23,2,8,11,20,443,1,55,4,12,106583.0,12.0
KAG_2026_13753,UK,Data Analyst,Novice,2,7,0,0,3,15,14,1,4,8,0,47310.0,2.0
KAG_2026_13754,Brazil,Student,Novice,0,4,0,0,4,12,1,1,6,1,0,0.0,0.0
KAG_2026_13755,USA,Data Scientist,Contributor,5,7,0,4,11,7,438,0,22,9,5,139118.0,5.0
KAG_2026_13756,India,ML Engineer,Master,7,40,8,25,22,62,1071,1,66,4,18,106587.0,7.0
KAG_2026_13757,Germany,Data Scientist,Expert,15,21,1,6,17,28,399,1,55,3,13,173335.0,15.0
KAG_2026_13758,Brazil,Researcher,Expert,20,29,2,7,19,30,492,1,73,6,15,128332.0,20.0
KAG_2026_13759,Canada,Data Scientist,Grandmaster,12,53,21,39,27,113,2839,1,89,8,30,192908.0,12.0
KAG_2026_13760,India,Data Analyst,Contributor,8,10,0,5,13,20,152,0,35,10,6,57748.0,8.0
KAG_2026_13761,Canada,Researcher,Expert,19,34,3,7,18,33,352,1,70,9,15,189922.0,19.0
KAG_2026_13762,Canada,Researcher,Expert,16,27,2,1,12,35,443,1,66,4,13,156389.0,16.0
KAG_2026_13763,India,Researcher,Master,18,46,17,26,18,61,892,1,94,2,25,133536.0,18.0
KAG_2026_13764,Nigeria,Student,Novice,0,14,0,0,5,2,10,0,6,4,0,0.0,0.0
KAG_2026_13765,Germany,Data Scientist,Master,7,36,5,15,21,63,1124,1,59,3,16,137617.0,7.0
KAG_2026_13766,UK,Student,Contributor,1,18,0,4,12,12,141,0,20,1,4,0.0,1.0
KAG_2026_13767,USA,Data Scientist,Master,12,42,20,39,20,51,1130,1,75,10,25,192707.0,12.0
KAG_2026_13768,UK,ML Engineer,Contributor,13,9,0,4,9,24,419,1,42,6,7,147095.0,13.0
KAG_2026_13769,Germany,ML Engineer,Contributor,14,8,0,7,10,10,48,1,48,10,8,165151.0,14.0
KAG_2026_13770,Nigeria,ML Engineer,Expert,14,24,2,7,17,21,237,1,59,6,13,112929.0,14.0
KAG_2026_13771,Canada,Researcher,Expert,7,21,4,1,13,31,290,1,47,10,12,150893.0,7.0
KAG_2026_13772,USA,Student,Novice,2,10,0,0,1,2,5,1,10,4,0,0.0,2.0
KAG_2026_13773,Brazil,Student,Contributor,2,16,0,4,7,10,115,0,31,1,4,0.0,2.0
KAG_2026_13774,USA,Data Scientist,Expert,12,28,1,2,17,38,427,1,57,2,12,176729.0,12.0
KAG_2026_13775,UK,Data Analyst,Contributor,3,18,0,5,13,16,275,0,29,9,4,65637.0,3.0
KAG_2026_13776,India,Data Scientist,Contributor,13,17,0,7,13,24,377,1,43,4,7,106915.0,13.0
KAG_2026_13777,USA,Data Scientist,Expert,11,27,2,7,11,32,536,1,48,8,12,174495.0,11.0
KAG_2026_13778,Nigeria,ML Engineer,Contributor,10,20,0,9,14,16,316,0,40,4,7,80514.0,10.0
KAG_2026_13779,India,Researcher,Expert,14,20,4,4,18,20,430,1,62,2,14,105050.0,14.0
KAG_2026_13780,USA,Data Scientist,Expert,16,20,4,6,15,38,493,1,65,7,14,202400.0,16.0
KAG_2026_13781,India,Data Analyst,Contributor,17,16,0,1,14,20,45,1,44,8,9,87370.0,17.0
KAG_2026_13782,India,Data Scientist,Contributor,20,11,0,3,14,17,127,0,50,2,10,119150.0,20.0
KAG_2026_13783,Nigeria,ML Engineer,Expert,18,21,4,4,16,22,304,1,66,4,15,131609.0,18.0
KAG_2026_13784,USA,ML Engineer,Expert,16,33,3,7,17,38,156,1,56,2,14,199262.0,16.0
KAG_2026_13785,India,Student,Contributor,0,13,0,5,12,9,266,0,25,4,4,0.0,0.0
KAG_2026_13786,Canada,ML Engineer,Expert,16,29,4,1,17,28,411,1,58,7,14,194693.0,16.0
KAG_2026_13787,USA,Data Scientist,Grandmaster,10,63,23,34,27,114,2731,1,87,4,30,211092.0,10.0
KAG_2026_13788,Spain,Data Analyst,Contributor,12,7,0,4,7,22,95,0,40,7,7,89501.0,12.0
KAG_2026_13789,USA,Student,Contributor,2,13,0,2,8,21,264,1,25,1,4,0.0,2.0
KAG_2026_13790,Germany,Data Scientist,Expert,20,33,4,9,14,20,300,1,64,4,16,163247.0,20.0
KAG_2026_13791,India,ML Engineer,Expert,12,24,2,9,16,29,366,1,62,3,12,113760.0,12.0
KAG_2026_13792,Canada,Student,Novice,0,13,0,0,4,5,10,1,0,1,0,0.0,0.0
KAG_2026_13793,India,Data Scientist,Master,16,37,24,35,19,59,988,1,94,10,28,138628.0,16.0
KAG_2026_13794,India,ML Engineer,Grandmaster,6,53,21,35,22,117,2736,1,82,5,28,115221.0,6.0
KAG_2026_13795,India,Data Analyst,Novice,12,6,0,0,6,17,5,1,22,9,3,70448.0,12.0
KAG_2026_13796,USA,Researcher,Grandmaster,17,52,17,18,24,123,2640,1,100,3,29,216488.0,17.0
KAG_2026_13797,Nigeria,Student,Novice,0,13,0,0,5,8,1,1,13,1,0,0.0,0.0
KAG_2026_13798,Japan,Student,Novice,2,9,0,0,4,14,12,1,8,3,0,0.0,2.0
KAG_2026_13799,Germany,Student,Contributor,0,15,0,8,11,12,343,1,25,1,4,0.0,0.0
KAG_2026_13800,France,ML Engineer,Grandmaster,15,58,19,10,28,120,2788,1,98,2,30,192763.0,15.0
KAG_2026_13801,India,Data Scientist,Grandmaster,7,63,5,39,25,112,2508,1,77,4,20,115875.0,7.0
KAG_2026_13802,Nigeria,Researcher,Expert,16,25,1,5,15,29,464,1,56,3,13,113566.0,16.0
KAG_2026_13803,India,Researcher,Expert,10,23,3,2,19,35,439,1,53,5,12,97791.0,10.0
KAG_2026_13804,USA,Researcher,Expert,21,28,1,5,13,27,357,1,73,5,14,212934.0,21.0
KAG_2026_13805,France,Student,Novice,1,9,0,0,3,16,14,1,3,4,0,0.0,1.0
KAG_2026_13806,USA,ML Engineer,Expert,16,33,2,8,15,36,181,1,57,4,13,200904.0,16.0
KAG_2026_13807,USA,Data Scientist,Contributor,16,15,0,4,12,10,206,1,50,7,8,174226.0,16.0
KAG_2026_13808,India,Data Scientist,Expert,8,20,3,5,17,39,498,1,56,3,11,99842.0,8.0
KAG_2026_13809,France,Data Scientist,Contributor,13,19,0,6,5,22,333,1,46,2,7,125904.0,13.0
KAG_2026_13810,Nigeria,Data Analyst,Master,14,38,24,15,19,62,1137,1,90,3,28,97011.0,14.0
KAG_2026_13811,Germany,Researcher,Grandmaster,13,61,6,20,29,121,2810,1,85,11,22,182584.0,13.0
KAG_2026_13812,France,ML Engineer,Contributor,12,9,0,3,12,19,180,0,34,3,7,125112.0,12.0
KAG_2026_13813,Spain,ML Engineer,Contributor,10,15,0,2,10,5,172,0,39,11,7,117829.0,10.0
KAG_2026_13814,USA,ML Engineer,Expert,15,27,3,9,13,23,538,1,54,6,14,192717.0,15.0
KAG_2026_13815,France,Data Scientist,Contributor,6,11,0,6,14,7,377,1,26,8,5,104586.0,6.0
KAG_2026_13816,USA,Researcher,Master,13,36,11,11,19,56,1035,1,73,7,21,224923.0,13.0
KAG_2026_13817,India,Data Scientist,Expert,20,23,3,9,10,32,452,1,74,3,15,132378.0,20.0
KAG_2026_13818,UK,ML Engineer,Expert,16,32,2,5,13,30,545,1,55,11,13,170886.0,16.0
KAG_2026_13819,Germany,Data Scientist,Contributor,12,18,0,4,8,8,252,0,33,3,7,128189.0,12.0
KAG_2026_13820,USA,Data Scientist,Master,17,36,13,11,18,57,1062,1,84,8,23,223759.0,17.0
KAG_2026_13821,India,ML Engineer,Contributor,3,19,0,8,5,20,109,1,28,10,4,67980.0,3.0
KAG_2026_13822,Japan,Data Scientist,Contributor,15,9,0,2,12,17,319,0,37,10,8,137229.0,15.0
KAG_2026_13823,Germany,ML Engineer,Contributor,15,17,0,4,9,9,177,1,38,9,8,158688.0,15.0
KAG_2026_13824,UK,Data Scientist,Contributor,4,12,0,2,14,21,312,0,22,4,5,112100.0,4.0
KAG_2026_13825,USA,Student,Grandmaster,1,51,23,24,22,120,2662,1,83,3,27,0.0,1.0
KAG_2026_13826,Japan,Student,Novice,1,14,0,0,8,9,3,0,10,1,0,5013.0,1.0
KAG_2026_13827,USA,Data Analyst,Contributor,19,14,0,5,8,16,143,1,51,4,9,145739.0,19.0
KAG_2026_13828,India,Data Analyst,Novice,10,12,0,0,9,17,12,0,16,2,3,54740.0,10.0
KAG_2026_13829,USA,Data Analyst,Contributor,9,19,0,9,7,20,82,1,42,10,6,112603.0,9.0
KAG_2026_13830,USA,Data Analyst,Novice,21,10,0,0,3,14,9,0,43,10,6,152212.0,21.0
KAG_2026_13831,Japan,ML Engineer,Grandmaster,9,55,9,26,26,124,2551,1,92,10,23,165873.0,9.0
KAG_2026_13832,Canada,ML Engineer,Contributor,15,11,0,3,13,5,435,1,37,2,8,172825.0,15.0
KAG_2026_13833,India,Researcher,Grandmaster,15,53,7,33,20,116,2887,1,88,3,24,139506.0,15.0
KAG_2026_13834,Nigeria,Data Scientist,Expert,20,32,2,6,12,37,311,1,65,9,15,111837.0,20.0
KAG_2026_13835,France,Researcher,Master,15,49,19,14,21,67,867,1,88,5,26,175979.0,15.0
KAG_2026_13836,India,Data Scientist,Grandmaster,16,62,15,36,23,110,2736,1,91,9,28,129603.0,16.0
KAG_2026_13837,UK,ML Engineer,Contributor,16,21,0,9,12,13,439,1,39,7,8,147640.0,16.0
KAG_2026_13838,UK,Data Scientist,Grandmaster,10,58,6,33,20,127,2591,1,79,11,22,165971.0,10.0
KAG_2026_13839,Spain,Student,Grandmaster,0,50,12,37,28,110,2624,1,72,4,22,0.0,0.0
KAG_2026_13840,USA,Data Analyst,Novice,8,13,0,0,8,14,2,0,17,9,2,91685.0,8.0
KAG_2026_13841,USA,Student,Novice,1,3,0,0,9,7,12,1,4,3,0,0.0,1.0
KAG_2026_13842,USA,ML Engineer,Contributor,8,14,0,1,13,12,256,1,28,5,6,163340.0,8.0
KAG_2026_13843,India,Data Analyst,Contributor,4,9,0,9,9,19,120,1,23,10,5,50204.0,4.0
KAG_2026_13844,USA,Data Scientist,Expert,15,32,1,2,11,20,272,1,56,3,13,205782.0,15.0
KAG_2026_13845,India,Researcher,Expert,19,28,3,3,11,24,332,1,68,9,15,146728.0,19.0
KAG_2026_13846,India,Data Analyst,Novice,19,9,0,0,6,3,9,1,36,2,5,96493.0,19.0
KAG_2026_13847,Japan,ML Engineer,Expert,14,32,2,8,16,22,168,1,59,7,13,170179.0,14.0
KAG_2026_13848,USA,ML Engineer,Contributor,5,12,0,5,13,16,123,1,23,7,5,175172.0,5.0
KAG_2026_13849,Brazil,Student,Novice,1,12,0,0,3,1,13,1,6,1,0,7739.0,1.0
KAG_2026_13850,Germany,Student,Novice,2,2,0,0,9,14,14,1,7,3,0,0.0,2.0
KAG_2026_13851,UK,Data Scientist,Grandmaster,17,50,13,29,29,123,2789,1,92,10,27,182879.0,17.0
KAG_2026_13852,India,Data Analyst,Novice,20,13,0,0,0,18,6,0,37,5,6,92426.0,20.0
KAG_2026_13853,UK,Student,Contributor,2,7,0,9,8,7,229,1,28,2,4,0.0,2.0
KAG_2026_13854,India,Data Scientist,Grandmaster,13,61,5,18,22,110,2836,1,82,7,22,132191.0,13.0
KAG_2026_13855,Spain,Data Scientist,Expert,19,31,4,4,19,30,477,1,69,5,15,147514.0,19.0
KAG_2026_13856,Japan,Student,Novice,2,4,0,0,3,14,1,0,3,2,0,0.0,2.0
KAG_2026_13857,Canada,ML Engineer,Contributor,19,14,0,2,5,9,235,0,55,8,9,167062.0,19.0
KAG_2026_13858,UK,Data Scientist,Expert,12,32,1,9,10,33,291,1,49,6,12,140545.0,12.0
KAG_2026_13859,USA,Data Scientist,Contributor,16,20,0,8,5,9,418,0,47,8,8,175779.0,16.0
KAG_2026_13860,USA,ML Engineer,Expert,16,32,4,9,14,36,187,1,60,10,14,202077.0,16.0
KAG_2026_13861,India,Data Scientist,Expert,12,29,1,6,14,35,174,1,49,9,12,111684.0,12.0
KAG_2026_13862,Germany,Researcher,Grandmaster,14,61,8,30,28,122,2872,1,89,2,24,170762.0,14.0
KAG_2026_13863,USA,ML Engineer,Contributor,12,16,0,4,9,5,399,0,47,5,7,181896.0,12.0
KAG_2026_13864,UK,Data Scientist,Contributor,21,17,0,6,6,10,197,1,57,5,10,154839.0,21.0
KAG_2026_13865,Germany,Data Analyst,Expert,5,28,3,3,14,24,413,1,49,5,11,74337.0,5.0
KAG_2026_13866,India,ML Engineer,Grandmaster,14,52,7,28,22,121,2584,1,86,4,23,139541.0,14.0
KAG_2026_13867,India,Data Analyst,Master,19,45,22,39,19,61,1145,1,98,8,28,116018.0,19.0
KAG_2026_13868,USA,Researcher,Master,19,39,8,22,24,51,1056,1,89,2,21,214096.0,19.0
KAG_2026_13869,India,Researcher,Expert,13,31,1,5,13,29,288,1,54,6,12,104574.0,13.0
KAG_2026_13870,USA,Researcher,Expert,16,34,4,7,15,27,394,1,70,5,14,191362.0,16.0
KAG_2026_13871,UK,Researcher,Expert,19,28,3,5,18,26,370,1,67,10,15,167070.0,19.0
KAG_2026_13872,USA,Data Scientist,Grandmaster,13,56,19,19,21,119,2770,1,96,7,29,222731.0,13.0
KAG_2026_13873,USA,Researcher,Master,12,48,23,26,24,58,988,1,87,7,27,209816.0,12.0
KAG_2026_13874,USA,ML Engineer,Contributor,9,13,0,7,8,22,409,0,35,10,6,186192.0,9.0
KAG_2026_13875,USA,Data Scientist,Expert,5,23,3,6,14,21,467,1,45,7,11,167259.0,5.0
KAG_2026_13876,India,ML Engineer,Master,9,38,5,23,15,67,1175,1,67,2,17,113922.0,9.0
KAG_2026_13877,Brazil,ML Engineer,Master,18,45,17,17,20,52,846,1,92,11,25,154543.0,18.0
KAG_2026_13878,USA,Data Analyst,Contributor,11,17,0,7,5,8,399,1,38,9,7,105810.0,11.0
KAG_2026_13879,USA,Student,Novice,0,14,0,0,2,2,1,1,7,3,0,0.0,0.0
KAG_2026_13880,Canada,ML Engineer,Master,12,44,14,37,23,53,895,1,84,8,22,167900.0,12.0
KAG_2026_13881,USA,Data Analyst,Novice,10,13,0,0,0,16,4,1,20,7,3,93608.0,10.0
KAG_2026_13882,USA,ML Engineer,Contributor,3,8,0,6,8,18,260,1,30,5,4,149951.0,3.0
KAG_2026_13883,Nigeria,ML Engineer,Expert,11,33,2,5,16,32,476,1,55,4,12,99949.0,11.0
KAG_2026_13884,India,Student,Novice,1,5,0,0,5,8,14,1,14,1,0,0.0,1.0
KAG_2026_13885,USA,Researcher,Master,12,40,9,20,21,58,971,1,78,5,20,195677.0,12.0
KAG_2026_13886,UK,Researcher,Master,12,38,21,10,23,68,822,1,81,11,26,177624.0,12.0
KAG_2026_13887,USA,Student,Grandmaster,1,61,14,18,20,123,2754,1,81,2,23,0.0,1.0
KAG_2026_13888,USA,Student,Contributor,1,20,0,1,9,24,362,0,20,2,4,0.0,1.0
KAG_2026_13889,UK,Data Scientist,Contributor,11,19,0,1,13,16,61,1,38,2,7,121804.0,11.0
KAG_2026_13890,USA,Researcher,Expert,18,22,1,9,18,23,228,1,67,5,13,198417.0,18.0
KAG_2026_13891,USA,Data Scientist,Expert,4,31,3,2,16,32,339,1,45,9,10,149136.0,4.0
KAG_2026_13892,USA,Student,Novice,1,11,0,0,5,19,10,1,12,3,0,0.0,1.0
KAG_2026_13893,France,Researcher,Expert,4,31,4,1,14,31,482,1,49,8,11,109618.0,4.0
KAG_2026_13894,Japan,Data Analyst,Contributor,18,9,0,7,11,10,254,1,53,5,9,116276.0,18.0
KAG_2026_13895,USA,Researcher,Master,6,42,5,31,20,61,916,1,68,10,16,168734.0,6.0
KAG_2026_13896,USA,Data Scientist,Contributor,5,17,0,1,6,19,117,1,25,10,5,148154.0,5.0
KAG_2026_13897,USA,ML Engineer,Contributor,5,11,0,7,9,17,320,1,26,4,5,168489.0,5.0
KAG_2026_13898,Brazil,Data Analyst,Expert,12,30,1,8,10,21,234,1,55,4,12,82930.0,12.0
KAG_2026_13899,India,Researcher,Master,13,45,23,37,20,51,1100,1,80,7,27,137460.0,13.0
KAG_2026_13900,India,Data Analyst,Master,18,35,21,16,17,63,854,1,88,7,27,132465.0,18.0
KAG_2026_13901,Germany,ML Engineer,Contributor,11,19,0,6,13,20,83,0,33,8,7,139524.0,11.0
KAG_2026_13902,India,Student,Novice,2,2,0,0,3,7,2,1,8,4,0,0.0,2.0
KAG_2026_13903,USA,Student,Contributor,2,13,0,6,6,10,435,1,31,2,4,0.0,2.0
KAG_2026_13904,Germany,Researcher,Grandmaster,13,62,17,13,25,126,2740,1,97,10,28,169804.0,13.0
KAG_2026_13905,Germany,Researcher,Master,21,44,5,11,18,64,1199,1,89,2,20,197519.0,21.0
KAG_2026_13906,India,Researcher,Expert,6,21,4,4,13,37,207,1,47,4,11,90452.0,6.0
KAG_2026_13907,India,Student,Novice,0,8,0,0,2,6,7,0,1,4,0,0.0,0.0
KAG_2026_13908,USA,Data Scientist,Contributor,6,15,0,4,13,14,56,1,29,9,5,146066.0,6.0
KAG_2026_13909,Spain,Student,Novice,1,2,0,0,6,13,5,1,6,2,0,0.0,1.0
KAG_2026_13910,France,Researcher,Master,6,44,6,27,17,52,803,1,68,5,16,131613.0,6.0
KAG_2026_13911,UK,ML Engineer,Expert,6,22,1,3,13,37,542,1,44,9,10,135546.0,6.0
KAG_2026_13912,USA,Data Analyst,Contributor,6,9,0,3,8,22,133,0,31,6,5,93696.0,6.0
KAG_2026_13913,USA,Student,Novice,1,2,0,0,5,4,11,1,1,2,0,0.0,1.0
KAG_2026_13914,France,Data Scientist,Grandmaster,6,56,7,17,24,129,2787,1,76,4,21,123674.0,6.0
KAG_2026_13915,USA,Data Analyst,Novice,14,10,0,0,1,17,11,1,21,7,4,116946.0,14.0
KAG_2026_13916,USA,Researcher,Master,16,42,8,29,17,59,931,1,87,3,20,195632.0,16.0
KAG_2026_13917,USA,ML Engineer,Expert,9,27,2,7,13,31,264,1,58,3,11,199315.0,9.0
KAG_2026_13918,Japan,ML Engineer,Grandmaster,8,58,6,27,22,123,2717,1,85,10,21,147988.0,8.0
KAG_2026_13919,Spain,Data Analyst,Grandmaster,16,54,13,33,21,111,2505,1,94,2,27,134460.0,16.0
KAG_2026_13920,USA,Student,Novice,2,9,0,0,2,2,11,0,6,4,0,0.0,2.0
KAG_2026_13921,India,Researcher,Master,20,49,9,14,20,61,1130,1,91,9,22,157696.0,20.0
KAG_2026_13922,India,Researcher,Master,13,38,21,18,15,68,1137,1,81,3,26,128320.0,13.0
KAG_2026_13923,France,Data Scientist,Expert,10,24,2,6,13,24,448,1,60,6,12,130634.0,10.0
KAG_2026_13924,Japan,Data Scientist,Expert,5,25,1,1,10,37,273,1,47,8,10,117211.0,5.0
KAG_2026_13925,France,ML Engineer,Contributor,13,9,0,5,6,6,316,1,41,9,7,142043.0,13.0
KAG_2026_13926,India,Data Analyst,Novice,11,8,0,0,2,9,4,1,24,10,3,66091.0,11.0
KAG_2026_13927,USA,Researcher,Master,17,46,10,38,17,62,935,1,89,9,22,219942.0,17.0
KAG_2026_13928,India,Data Scientist,Contributor,17,11,0,8,6,16,75,1,45,2,9,105645.0,17.0
KAG_2026_13929,USA,Data Analyst,Contributor,19,7,0,2,9,23,213,1,52,10,9,151915.0,19.0
KAG_2026_13930,USA,Data Analyst,Contributor,14,11,0,6,9,22,303,0,46,8,8,122781.0,14.0
KAG_2026_13931,India,Student,Contributor,2,18,0,7,8,19,96,1,18,4,4,0.0,2.0
KAG_2026_13932,USA,Data Scientist,Contributor,5,15,0,5,14,12,49,1,26,3,5,158328.0,5.0
KAG_2026_13933,USA,Data Scientist,Master,12,45,23,24,18,52,1057,1,82,2,27,210476.0,12.0
KAG_2026_13934,Canada,ML Engineer,Expert,8,34,3,9,10,29,419,1,44,10,11,160271.0,8.0
KAG_2026_13935,France,Data Analyst,Novice,14,2,0,0,9,9,2,0,35,5,4,88820.0,14.0
KAG_2026_13936,USA,Student,Master,2,48,14,38,23,56,1098,1,57,3,19,0.0,2.0
KAG_2026_13937,India,Student,Contributor,0,12,0,8,11,8,281,1,24,4,4,0.0,0.0
KAG_2026_13938,Nigeria,Data Scientist,Expert,12,21,3,5,12,35,254,1,60,9,13,98155.0,12.0
KAG_2026_13939,USA,Student,Novice,1,14,0,0,8,2,8,1,8,1,0,0.0,1.0
KAG_2026_13940,USA,Data Analyst,Expert,18,33,3,8,11,21,359,1,71,10,14,135491.0,18.0
KAG_2026_13941,France,Data Analyst,Contributor,18,8,0,8,10,21,295,0,48,6,9,119474.0,18.0
KAG_2026_13942,Brazil,Researcher,Expert,19,34,2,5,11,29,231,1,63,8,14,136129.0,19.0
KAG_2026_13943,Canada,Student,Novice,2,8,0,0,8,17,9,0,12,1,0,0.0,2.0
KAG_2026_13944,France,Data Analyst,Master,8,41,17,37,24,60,1136,1,70,11,22,95496.0,8.0
KAG_2026_13945,Brazil,Data Scientist,Contributor,14,15,0,7,8,20,257,0,38,5,8,103819.0,14.0
KAG_2026_13946,India,Data Scientist,Grandmaster,10,52,7,23,28,115,2505,1,79,3,22,117327.0,10.0
KAG_2026_13947,Brazil,Data Analyst,Novice,3,13,0,0,7,5,6,1,6,2,0,34808.0,3.0
KAG_2026_13948,India,Data Scientist,Contributor,16,12,0,1,9,6,279,0,49,11,8,101481.0,16.0
KAG_2026_13949,Nigeria,ML Engineer,Expert,18,32,1,4,17,38,404,1,60,7,13,116883.0,18.0
KAG_2026_13950,UK,Data Analyst,Contributor,21,20,0,3,7,5,294,1,57,8,10,114712.0,21.0
KAG_2026_13951,Spain,Researcher,Expert,21,26,4,7,13,32,336,1,68,2,16,178588.0,21.0
KAG_2026_13952,Nigeria,Data Scientist,Contributor,13,14,0,6,11,16,283,1,37,11,7,96685.0,13.0
KAG_2026_13953,USA,Data Scientist,Contributor,3,14,0,4,6,24,400,0,24,4,4,137551.0,3.0
KAG_2026_13954,USA,Data Analyst,Contributor,19,7,0,9,5,21,344,0,50,10,9,137055.0,19.0
KAG_2026_13955,France,Researcher,Master,7,39,11,24,18,52,1055,1,72,10,19,124472.0,7.0
KAG_2026_13956,USA,Data Scientist,Master,5,47,13,31,19,61,923,1,73,2,20,181999.0,5.0
KAG_2026_13957,Nigeria,Data Scientist,Master,11,42,5,31,22,59,1100,1,77,10,17,99462.0,11.0
KAG_2026_13958,Brazil,Researcher,Expert,12,30,3,7,11,36,344,1,63,3,13,95410.0,12.0
KAG_2026_13959,India,Student,Novice,2,2,0,0,2,3,6,0,7,3,0,7957.0,2.0
KAG_2026_13960,USA,Data Scientist,Grandmaster,8,61,13,28,22,126,2528,1,84,7,24,189124.0,8.0
KAG_2026_13961,Germany,Data Analyst,Novice,21,7,0,0,5,3,8,1,44,9,6,121191.0,21.0
KAG_2026_13962,USA,ML Engineer,Grandmaster,20,62,8,12,28,128,2840,1,100,11,26,237049.0,20.0
KAG_2026_13963,USA,ML Engineer,Contributor,12,8,0,5,7,7,163,0,35,8,7,189183.0,12.0
KAG_2026_13964,UK,Student,Contributor,1,16,0,8,12,10,206,1,17,2,4,0.0,1.0
KAG_2026_13965,India,ML Engineer,Contributor,9,11,0,7,12,9,91,0,28,5,6,84431.0,9.0
KAG_2026_13966,USA,Data Analyst,Contributor,8,12,0,2,11,15,182,0,40,9,6,110835.0,8.0
KAG_2026_13967,Spain,Researcher,Expert,15,23,4,5,11,27,187,1,65,9,14,149752.0,15.0
KAG_2026_13968,Germany,Data Analyst,Novice,6,2,0,0,6,3,9,1,20,4,1,72446.0,6.0
KAG_2026_13969,India,ML Engineer,Expert,7,21,3,9,12,34,179,1,48,4,11,93386.0,7.0
KAG_2026_13970,India,Student,Contributor,0,14,0,2,5,20,411,1,21,2,4,0.0,0.0
KAG_2026_13971,USA,Data Analyst,Novice,20,6,0,0,6,12,9,1,44,7,6,122548.0,20.0
KAG_2026_13972,France,Researcher,Expert,13,25,1,8,12,26,233,1,64,3,12,141276.0,13.0
KAG_2026_13973,USA,ML Engineer,Grandmaster,12,51,21,25,28,127,2840,1,92,8,30,215095.0,12.0
KAG_2026_13974,India,Student,Novice,2,10,0,0,8,4,10,1,3,2,0,0.0,2.0
KAG_2026_13975,USA,Data Analyst,Novice,20,3,0,0,1,15,2,0,41,6,6,147516.0,20.0
KAG_2026_13976,India,Student,Contributor,0,21,0,6,7,6,119,0,26,2,4,0.0,0.0
KAG_2026_13977,Spain,Student,Novice,2,4,0,0,1,15,9,1,14,2,0,0.0,2.0
KAG_2026_13978,USA,Data Scientist,Expert,11,32,3,9,11,30,298,1,48,3,12,175313.0,11.0
KAG_2026_13979,Spain,Student,Novice,1,3,0,0,4,14,14,1,4,4,0,0.0,1.0
KAG_2026_13980,USA,Data Scientist,Expert,10,25,1,5,11,34,363,1,45,9,11,184918.0,10.0
KAG_2026_13981,Germany,ML Engineer,Expert,9,22,2,6,11,31,469,1,44,11,11,141011.0,9.0
KAG_2026_13982,Nigeria,ML Engineer,Expert,19,29,1,5,14,24,236,1,67,8,14,118222.0,19.0
KAG_2026_13983,USA,Data Analyst,Novice,12,4,0,0,3,15,4,0,25,9,3,116348.0,12.0
KAG_2026_13984,Japan,Data Analyst,Novice,21,8,0,0,5,9,4,1,32,3,6,113401.0,21.0
KAG_2026_13985,USA,Data Scientist,Grandmaster,19,55,23,38,21,119,2698,1,100,3,33,223383.0,19.0
KAG_2026_13986,USA,Student,Novice,2,2,0,0,1,19,6,0,5,1,0,0.0,2.0
KAG_2026_13987,India,Data Scientist,Expert,19,32,4,8,17,32,502,1,70,8,15,143846.0,19.0
KAG_2026_13988,USA,Researcher,Master,19,36,21,12,21,61,1080,1,85,9,28,244323.0,19.0
KAG_2026_13989,Canada,Data Analyst,Novice,16,2,0,0,7,7,0,0,25,8,4,101527.0,16.0
KAG_2026_13990,Japan,Data Scientist,Contributor,9,11,0,8,14,9,118,1,37,6,6,130007.0,9.0
KAG_2026_13991,USA,Data Scientist,Master,12,37,16,10,21,63,1195,1,72,6,23,209267.0,12.0
KAG_2026_13992,UK,Student,Novice,2,10,0,0,8,14,11,0,7,1,0,0.0,2.0
KAG_2026_13993,Germany,Data Analyst,Novice,20,7,0,0,3,18,13,1,44,6,6,124736.0,20.0
KAG_2026_13994,India,Data Analyst,Novice,19,2,0,0,3,10,4,1,28,8,5,93330.0,19.0
KAG_2026_13995,India,Researcher,Expert,9,30,1,6,16,36,456,1,52,8,11,93744.0,9.0
KAG_2026_13996,Nigeria,Student,Novice,0,2,0,0,6,19,7,0,5,3,0,0.0,0.0
KAG_2026_13997,USA,Student,Contributor,1,13,0,7,13,17,347,0,18,2,4,0.0,1.0
KAG_2026_13998,Canada,ML Engineer,Grandmaster,8,61,10,15,20,114,2742,1,84,5,23,169898.0,8.0
KAG_2026_13999,India,Researcher,Master,21,48,6,37,20,66,917,1,81,9,21,146427.0,21.0
KAG_2026_14000,USA,Data Scientist,Master,12,47,14,36,18,54,1163,1,72,8,22,188785.0,12.0
KAG_2026_14001,USA,Student,Contributor,1,21,0,9,9,5,393,1,18,1,4,0.0,1.0
KAG_2026_14002,Japan,Data Analyst,Novice,2,14,0,0,5,1,1,0,12,7,0,51865.0,2.0
KAG_2026_14003,USA,ML Engineer,Expert,13,28,1,5,19,35,290,1,56,4,12,182861.0,13.0
KAG_2026_14004,Nigeria,Data Scientist,Expert,4,20,1,9,15,29,181,1,38,11,9,62805.0,4.0
KAG_2026_14005,France,ML Engineer,Contributor,20,12,0,2,10,19,418,1,59,5,10,174342.0,20.0
KAG_2026_14006,India,Student,Novice,0,10,0,0,6,4,10,1,10,3,0,0.0,0.0
KAG_2026_14007,USA,Researcher,Grandmaster,10,56,7,29,23,120,2643,1,92,10,22,215358.0,10.0
KAG_2026_14008,India,Data Analyst,Novice,20,5,0,0,2,20,10,0,42,7,6,100859.0,20.0
KAG_2026_14009,USA,Student,Novice,1,5,0,0,5,4,7,1,11,2,0,0.0,1.0
KAG_2026_14010,France,Data Analyst,Novice,19,9,0,0,8,11,0,1,37,2,5,110160.0,19.0
KAG_2026_14011,USA,Student,Novice,2,8,0,0,6,2,10,1,16,4,0,0.0,2.0
KAG_2026_14012,UK,Student,Expert,2,26,2,3,19,37,449,1,46,2,9,0.0,2.0
KAG_2026_14013,India,Data Scientist,Expert,19,30,4,8,18,22,192,1,74,6,15,124775.0,19.0
KAG_2026_14014,Canada,Data Scientist,Contributor,7,15,0,6,13,23,64,1,28,8,6,131818.0,7.0
KAG_2026_14015,Nigeria,Student,Grandmaster,2,57,5,25,20,125,2696,1,65,4,19,0.0,2.0
KAG_2026_14016,India,Data Scientist,Contributor,20,17,0,9,14,21,216,1,53,11,10,132808.0,20.0
KAG_2026_14017,UK,Student,Expert,0,31,1,5,17,25,345,1,43,4,8,0.0,0.0
KAG_2026_14018,UK,Data Scientist,Grandmaster,8,50,19,16,24,120,2500,1,85,8,27,144553.0,8.0
KAG_2026_14019,India,Student,Novice,1,5,0,0,0,2,3,1,12,2,0,0.0,1.0
KAG_2026_14020,Germany,Researcher,Grandmaster,16,60,5,14,23,124,2841,1,99,4,23,184505.0,16.0
KAG_2026_14021,Canada,Data Scientist,Master,6,44,6,17,23,56,878,1,67,10,16,141238.0,6.0
KAG_2026_14022,India,Researcher,Expert,4,32,1,3,19,25,287,1,38,11,9,74675.0,4.0
KAG_2026_14023,India,ML Engineer,Expert,11,27,1,2,15,20,321,1,49,3,11,105424.0,11.0
KAG_2026_14024,India,ML Engineer,Contributor,3,8,0,3,7,10,343,1,19,8,4,64443.0,3.0
KAG_2026_14025,USA,Data Scientist,Master,15,35,20,17,19,64,1146,1,83,8,26,215708.0,15.0
KAG_2026_14026,India,Student,Contributor,1,16,0,6,5,16,279,1,22,2,4,0.0,1.0
KAG_2026_14027,USA,ML Engineer,Contributor,5,14,0,4,14,10,272,0,26,11,5,164052.0,5.0
KAG_2026_14028,India,Researcher,Expert,20,33,3,5,13,36,302,1,67,4,15,135125.0,20.0
KAG_2026_14029,USA,Data Analyst,Novice,10,14,0,0,4,5,9,0,27,4,3,91807.0,10.0
KAG_2026_14030,Nigeria,Researcher,Master,6,44,24,31,23,61,838,1,76,3,25,92209.0,6.0
KAG_2026_14031,Brazil,Data Scientist,Expert,12,28,3,5,10,23,293,1,56,6,13,101794.0,12.0
KAG_2026_14032,UK,Data Scientist,Expert,10,32,1,8,13,35,375,1,54,9,11,134580.0,10.0
KAG_2026_14033,Brazil,Researcher,Expert,15,27,3,4,17,31,268,1,64,8,14,116530.0,15.0
KAG_2026_14034,USA,Data Scientist,Expert,9,26,4,1,11,37,392,1,49,8,12,181098.0,9.0
KAG_2026_14035,Japan,Data Analyst,Novice,10,6,0,0,3,3,5,0,28,3,3,74028.0,10.0
KAG_2026_14036,India,Student,Novice,2,7,0,0,8,3,6,1,15,2,0,0.0,2.0
KAG_2026_14037,Brazil,Researcher,Expert,5,31,2,4,19,21,151,1,38,6,10,77090.0,5.0
KAG_2026_14038,Brazil,Student,Novice,2,8,0,0,3,18,11,0,5,2,0,0.0,2.0
KAG_2026_14039,USA,Data Analyst,Novice,4,2,0,0,7,6,13,0,14,9,1,80065.0,4.0
KAG_2026_14040,USA,Researcher,Master,10,47,9,39,18,63,835,1,76,6,19,213383.0,10.0
KAG_2026_14041,UK,Researcher,Expert,14,23,1,9,11,20,409,1,63,4,12,142923.0,14.0
KAG_2026_14042,USA,Researcher,Expert,20,32,3,7,15,30,304,1,74,8,15,208555.0,20.0
KAG_2026_14043,India,Data Analyst,Contributor,16,12,0,8,9,17,289,1,47,9,8,93607.0,16.0
KAG_2026_14044,India,Data Analyst,Contributor,5,16,0,4,7,8,424,1,34,7,5,50146.0,5.0
KAG_2026_14045,Brazil,Student,Novice,2,2,0,0,6,11,1,1,12,4,0,0.0,2.0
KAG_2026_14046,India,Researcher,Expert,16,33,1,9,15,30,190,1,62,3,13,119852.0,16.0
KAG_2026_14047,USA,Student,Contributor,0,9,0,1,10,19,222,1,17,2,4,0.0,0.0
KAG_2026_14048,Nigeria,Data Scientist,Expert,16,30,1,6,15,33,466,1,57,3,13,115702.0,16.0
KAG_2026_14049,USA,Researcher,Master,17,38,22,36,21,66,1015,1,95,11,28,237334.0,17.0
KAG_2026_14050,India,Data Analyst,Novice,21,6,0,0,2,3,12,1,38,4,6,88570.0,21.0
KAG_2026_14051,India,Data Scientist,Expert,7,24,2,6,12,34,462,1,48,11,11,91554.0,7.0
KAG_2026_14052,Japan,Student,Novice,2,8,0,0,5,19,14,0,14,2,0,0.0,2.0
KAG_2026_14053,France,Data Scientist,Expert,13,24,3,4,13,26,318,1,59,7,13,135615.0,13.0
KAG_2026_14054,USA,Researcher,Grandmaster,13,60,22,31,25,110,2515,1,100,4,30,203608.0,13.0
KAG_2026_14055,Brazil,Data Scientist,Expert,18,27,1,7,12,38,319,1,66,8,13,119819.0,18.0
KAG_2026_14056,UK,Data Scientist,Contributor,16,18,0,6,11,8,226,0,45,8,8,140208.0,16.0
KAG_2026_14057,India,ML Engineer,Contributor,21,19,0,5,12,22,159,1,55,6,10,132176.0,21.0
KAG_2026_14058,India,Data Analyst,Grandmaster,18,51,8,33,24,119,2810,1,94,7,25,118616.0,18.0
KAG_2026_14059,Nigeria,Student,Novice,0,13,0,0,6,3,9,1,13,2,0,0.0,0.0
KAG_2026_14060,Japan,ML Engineer,Expert,15,28,2,2,17,35,189,1,61,9,13,155991.0,15.0
KAG_2026_14061,France,Data Scientist,Contributor,8,17,0,4,12,7,128,1,32,5,6,114925.0,8.0
KAG_2026_14062,Spain,ML Engineer,Contributor,16,21,0,2,8,11,167,1,51,11,8,137547.0,16.0
KAG_2026_14063,USA,Data Scientist,Contributor,12,21,0,8,12,15,413,0,34,9,7,160535.0,12.0
KAG_2026_14064,Germany,Data Scientist,Expert,17,33,1,1,11,21,184,1,69,11,13,164259.0,17.0
KAG_2026_14065,USA,Researcher,Grandmaster,7,59,23,26,28,126,2642,1,94,2,29,214209.0,7.0
KAG_2026_14066,USA,Student,Master,2,41,8,12,15,56,889,1,56,4,16,0.0,2.0
KAG_2026_14067,USA,Data Scientist,Master,17,35,9,22,20,55,998,1,76,9,21,200502.0,17.0
KAG_2026_14068,Germany,ML Engineer,Contributor,4,8,0,9,9,20,242,1,24,6,5,118849.0,4.0
KAG_2026_14069,USA,ML Engineer,Expert,14,33,4,5,16,20,448,1,66,11,14,206340.0,14.0
KAG_2026_14070,USA,Data Scientist,Master,19,43,14,23,16,68,1016,1,80,2,24,234789.0,19.0
KAG_2026_14071,Brazil,ML Engineer,Expert,17,34,4,7,12,29,186,1,63,10,15,131613.0,17.0
KAG_2026_14072,India,Researcher,Grandmaster,16,52,15,12,23,120,2816,1,97,4,28,159051.0,16.0
KAG_2026_14073,Japan,Data Analyst,Novice,12,2,0,0,7,19,9,0,24,2,3,92505.0,12.0
KAG_2026_14074,Spain,Data Analyst,Novice,6,9,0,0,2,6,7,1,13,6,1,61932.0,6.0
KAG_2026_14075,India,Student,Novice,1,2,0,0,8,7,13,0,2,2,0,0.0,1.0
KAG_2026_14076,India,ML Engineer,Expert,18,22,4,7,13,37,421,1,70,10,15,125357.0,18.0
KAG_2026_14077,Nigeria,ML Engineer,Expert,15,20,1,7,14,38,241,1,53,3,13,105275.0,15.0
KAG_2026_14078,USA,Researcher,Expert,15,27,3,8,13,35,357,1,60,5,14,195286.0,15.0
KAG_2026_14079,USA,Data Scientist,Master,20,43,8,21,19,65,936,1,80,8,22,227327.0,20.0
KAG_2026_14080,India,Data Scientist,Expert,6,23,2,8,13,33,202,1,52,2,10,88399.0,6.0
KAG_2026_14081,USA,Data Scientist,Expert,4,26,2,7,15,27,201,1,46,9,10,154708.0,4.0
KAG_2026_14082,India,Data Scientist,Contributor,5,18,0,6,7,13,326,1,27,5,5,76949.0,5.0
KAG_2026_14083,Canada,Researcher,Expert,8,27,1,4,15,34,314,1,45,10,10,135786.0,8.0
KAG_2026_14084,USA,Student,Novice,2,5,0,0,2,1,13,1,3,1,0,0.0,2.0
KAG_2026_14085,USA,Researcher,Expert,13,28,2,4,11,36,512,1,61,3,12,185739.0,13.0
KAG_2026_14086,India,Data Analyst,Contributor,8,11,0,6,13,15,423,0,37,9,6,54691.0,8.0
KAG_2026_14087,France,ML Engineer,Expert,20,28,4,5,18,38,453,1,76,7,16,180177.0,20.0
KAG_2026_14088,France,Data Analyst,Contributor,9,9,0,7,12,15,64,0,29,5,6,77228.0,9.0
KAG_2026_14089,UK,Student,Novice,2,3,0,0,2,13,14,1,11,1,0,0.0,2.0
KAG_2026_14090,USA,Student,Expert,2,31,4,9,10,32,444,1,40,1,10,11320.0,2.0
KAG_2026_14091,Nigeria,ML Engineer,Master,15,40,14,15,21,67,868,1,75,7,23,130482.0,15.0
KAG_2026_14092,India,Student,Novice,2,2,0,0,4,12,2,1,15,4,0,0.0,2.0
KAG_2026_14093,Brazil,ML Engineer,Grandmaster,17,54,10,35,25,127,2832,1,98,3,26,138045.0,17.0
KAG_2026_14094,Germany,Student,Contributor,1,14,0,5,8,7,395,1,26,4,4,0.0,1.0
KAG_2026_14095,Germany,ML Engineer,Expert,9,30,4,2,10,34,278,1,56,4,12,152470.0,9.0
KAG_2026_14096,Spain,Researcher,Grandmaster,9,54,17,13,29,111,2642,1,91,10,27,156993.0,9.0
KAG_2026_14097,UK,ML Engineer,Contributor,12,12,0,8,9,6,127,0,40,11,7,149920.0,12.0
KAG_2026_14098,USA,Data Analyst,Contributor,12,7,0,5,12,9,408,1,34,7,7,115867.0,12.0
KAG_2026_14099,Germany,Student,Expert,1,27,3,2,11,29,278,1,46,4,9,0.0,1.0
KAG_2026_14100,India,Data Scientist,Master,20,42,24,27,24,58,1012,1,90,10,30,141257.0,20.0
KAG_2026_14101,India,Student,Expert,2,26,1,1,19,24,316,1,46,1,9,0.0,2.0
KAG_2026_14102,UK,Researcher,Expert,14,26,1,8,19,28,529,1,63,6,12,143534.0,14.0
KAG_2026_14103,USA,ML Engineer,Contributor,17,12,0,1,11,16,183,0,52,6,9,197090.0,17.0
KAG_2026_14104,USA,Data Analyst,Master,21,40,22,13,22,56,1167,1,88,9,29,183490.0,21.0
KAG_2026_14105,Brazil,Student,Contributor,1,20,0,6,6,8,205,0,16,3,4,0.0,1.0
KAG_2026_14106,India,Student,Contributor,2,8,0,9,14,22,325,0,20,1,4,0.0,2.0
KAG_2026_14107,Canada,Data Scientist,Contributor,12,10,0,8,7,7,398,1,37,11,7,154220.0,12.0
KAG_2026_14108,USA,Data Scientist,Master,19,47,9,12,17,64,974,1,81,11,22,225308.0,19.0
KAG_2026_14109,India,Data Analyst,Novice,3,13,0,0,2,7,13,0,15,6,0,35597.0,3.0
KAG_2026_14110,Brazil,Student,Novice,1,8,0,0,0,15,10,0,5,1,0,0.0,1.0
KAG_2026_14111,UK,Student,Novice,1,10,0,0,4,14,0,1,15,1,0,0.0,1.0
KAG_2026_14112,Spain,ML Engineer,Master,18,38,5,13,23,66,1177,1,76,11,19,162428.0,18.0
KAG_2026_14113,Spain,Data Analyst,Novice,9,11,0,0,4,13,6,0,27,3,2,70822.0,9.0
KAG_2026_14114,USA,Data Analyst,Contributor,14,17,0,5,13,12,230,1,48,3,8,126733.0,14.0
KAG_2026_14115,USA,Data Analyst,Novice,16,3,0,0,3,6,12,1,37,3,4,110100.0,16.0
KAG_2026_14116,USA,Student,Novice,2,12,0,0,6,7,1,1,14,3,0,0.0,2.0
KAG_2026_14117,Nigeria,Data Scientist,Contributor,21,19,0,1,11,24,395,1,48,9,10,108894.0,21.0
KAG_2026_14118,USA,Data Analyst,Contributor,17,15,0,8,7,18,438,1,41,8,9,138047.0,17.0
KAG_2026_14119,USA,Data Analyst,Contributor,7,19,0,1,6,6,411,1,35,5,6,90977.0,7.0
KAG_2026_14120,Brazil,Student,Expert,1,25,1,2,12,31,188,1,39,2,8,0.0,1.0
KAG_2026_14121,France,ML Engineer,Master,14,39,15,13,19,55,857,1,73,3,23,164512.0,14.0
KAG_2026_14122,France,Data Scientist,Contributor,8,8,0,6,6,23,110,1,38,10,6,117622.0,8.0
KAG_2026_14123,India,Student,Contributor,0,19,0,4,13,23,102,1,15,4,4,0.0,0.0
KAG_2026_14124,USA,Student,Expert,1,31,1,2,15,36,201,1,44,1,8,0.0,1.0
KAG_2026_14125,UK,Student,Master,2,49,22,27,15,57,1021,1,64,3,23,0.0,2.0
KAG_2026_14126,Brazil,Data Scientist,Contributor,16,13,0,8,14,23,41,1,51,10,8,116459.0,16.0
KAG_2026_14127,Canada,ML Engineer,Master,5,46,24,17,19,66,872,1,65,3,25,158295.0,5.0
KAG_2026_14128,Germany,Researcher,Expert,18,32,2,6,18,24,382,1,72,10,14,160059.0,18.0
KAG_2026_14129,Nigeria,Student,Novice,2,2,0,0,4,20,13,0,9,1,0,0.0,2.0
KAG_2026_14130,UK,ML Engineer,Grandmaster,12,52,16,37,29,114,2752,1,95,8,27,176530.0,12.0
KAG_2026_14131,India,Student,Novice,1,9,0,0,5,11,12,1,4,1,0,0.0,1.0
KAG_2026_14132,USA,Researcher,Master,5,39,5,16,24,65,1181,1,62,7,16,190621.0,5.0
KAG_2026_14133,India,ML Engineer,Expert,13,26,4,3,10,35,315,1,59,11,13,113157.0,13.0
KAG_2026_14134,UK,Data Analyst,Novice,18,14,0,0,7,16,11,0,27,7,5,102701.0,18.0
KAG_2026_14135,Brazil,Student,Novice,1,8,0,0,4,5,8,0,9,3,0,0.0,1.0
KAG_2026_14136,Canada,Researcher,Master,8,46,13,20,21,61,859,1,70,10,20,153776.0,8.0
KAG_2026_14137,Canada,Student,Novice,1,9,0,0,1,7,4,1,4,1,0,0.0,1.0
KAG_2026_14138,USA,Researcher,Expert,7,21,3,2,15,34,154,1,50,10,11,185699.0,7.0
KAG_2026_14139,USA,Researcher,Expert,18,20,3,8,12,30,468,1,59,3,14,230405.0,18.0
KAG_2026_14140,USA,Student,Contributor,0,8,0,1,12,6,130,0,26,1,4,0.0,0.0
KAG_2026_14141,Germany,Data Analyst,Novice,6,9,0,0,4,19,8,1,15,10,1,68535.0,6.0
KAG_2026_14142,USA,Data Scientist,Expert,20,34,1,3,11,22,395,1,62,10,14,216783.0,20.0
KAG_2026_14143,India,ML Engineer,Expert,11,23,4,9,13,21,456,1,54,2,13,113827.0,11.0
KAG_2026_14144,USA,ML Engineer,Grandmaster,15,56,9,37,22,118,2622,1,89,9,25,237905.0,15.0
KAG_2026_14145,India,Researcher,Expert,10,26,1,6,19,33,397,1,54,5,11,108459.0,10.0
KAG_2026_14146,USA,Researcher,Grandmaster,20,54,7,16,27,127,2577,1,100,4,25,254028.0,20.0
KAG_2026_14147,USA,Data Scientist,Expert,7,21,4,4,17,38,455,1,50,7,12,183095.0,7.0
KAG_2026_14148,USA,ML Engineer,Contributor,15,19,0,8,14,22,398,1,44,2,8,205036.0,15.0
KAG_2026_14149,USA,Data Scientist,Contributor,4,19,0,5,7,6,430,1,29,4,5,136543.0,4.0
KAG_2026_14150,UK,ML Engineer,Master,13,49,19,33,17,51,1061,1,76,3,25,165457.0,13.0
KAG_2026_14151,Japan,ML Engineer,Expert,14,30,1,1,17,33,160,1,58,5,12,143495.0,14.0
KAG_2026_14152,Brazil,Researcher,Expert,15,20,1,3,12,31,179,1,56,4,13,105198.0,15.0
KAG_2026_14153,Canada,Researcher,Master,20,44,22,21,18,52,1094,1,94,11,29,185824.0,20.0
KAG_2026_14154,Japan,Data Scientist,Expert,9,31,4,6,16,23,527,1,55,11,12,139261.0,9.0
KAG_2026_14155,Canada,Data Analyst,Contributor,18,12,0,8,12,8,145,1,46,2,9,123072.0,18.0
KAG_2026_14156,Nigeria,ML Engineer,Master,12,47,9,37,15,54,1130,1,67,11,20,115505.0,12.0
KAG_2026_14157,India,Data Analyst,Expert,9,28,4,3,13,39,196,1,57,6,12,80325.0,9.0
KAG_2026_14158,UK,Student,Contributor,1,16,0,9,14,18,390,1,21,2,4,0.0,1.0
KAG_2026_14159,USA,Data Scientist,Contributor,3,8,0,9,10,17,345,1,27,9,4,147362.0,3.0
KAG_2026_14160,USA,ML Engineer,Master,7,38,5,17,17,54,898,1,66,9,16,187235.0,7.0
KAG_2026_14161,India,Data Scientist,Expert,11,23,3,3,17,25,458,1,56,6,12,111186.0,11.0
KAG_2026_14162,Brazil,Data Scientist,Expert,12,31,4,3,15,27,457,1,64,8,13,110006.0,12.0
KAG_2026_14163,Canada,Researcher,Expert,5,34,4,4,12,30,303,1,46,8,11,131501.0,5.0
KAG_2026_14164,France,Researcher,Master,16,49,9,29,17,57,1141,1,87,10,21,159478.0,16.0
KAG_2026_14165,Spain,Data Analyst,Novice,18,2,0,0,5,16,5,1,29,6,5,92799.0,18.0
KAG_2026_14166,UK,Student,Contributor,2,13,0,1,14,10,254,0,19,4,4,0.0,2.0
KAG_2026_14167,USA,Researcher,Grandmaster,9,59,14,30,28,111,2600,1,86,10,25,207512.0,9.0
KAG_2026_14168,India,Data Scientist,Expert,7,24,2,9,16,26,236,1,43,10,11,94142.0,7.0
KAG_2026_14169,USA,Data Scientist,Expert,8,31,3,8,19,39,184,1,43,5,11,178538.0,8.0
KAG_2026_14170,Spain,Data Scientist,Contributor,16,17,0,4,14,23,122,0,45,2,8,122616.0,16.0
KAG_2026_14171,Nigeria,ML Engineer,Grandmaster,7,52,23,32,23,117,2780,1,95,2,29,102471.0,7.0
KAG_2026_14172,USA,Researcher,Expert,7,32,2,4,10,22,380,1,55,3,11,176361.0,7.0
KAG_2026_14173,Canada,Data Scientist,Expert,9,25,2,7,15,28,244,1,45,9,11,139141.0,9.0
KAG_2026_14174,Germany,ML Engineer,Contributor,8,16,0,2,5,21,79,1,33,9,6,144025.0,8.0
KAG_2026_14175,Brazil,Researcher,Expert,5,33,3,5,15,31,286,1,45,8,11,75573.0,5.0
KAG_2026_14176,USA,Data Scientist,Contributor,17,13,0,4,12,18,404,0,43,6,9,201467.0,17.0
KAG_2026_14177,Japan,Data Analyst,Novice,13,13,0,0,7,7,6,1,20,11,3,97216.0,13.0
KAG_2026_14178,France,ML Engineer,Grandmaster,16,50,5,11,28,128,2759,1,90,5,23,181295.0,16.0
KAG_2026_14179,India,Data Scientist,Expert,4,20,1,3,12,39,466,1,50,11,9,83204.0,4.0
KAG_2026_14180,USA,Data Scientist,Expert,6,22,3,3,11,27,472,1,52,10,11,179484.0,6.0
KAG_2026_14181,USA,Researcher,Master,12,46,10,24,23,66,858,1,77,8,20,200505.0,12.0
KAG_2026_14182,USA,Researcher,Master,19,46,10,24,16,50,1056,1,78,11,22,225351.0,19.0
KAG_2026_14183,USA,Researcher,Expert,20,23,4,5,13,38,322,1,71,7,16,233386.0,20.0
KAG_2026_14184,UK,Data Analyst,Novice,2,2,0,0,9,1,7,0,11,9,0,54448.0,2.0
KAG_2026_14185,Japan,Researcher,Expert,4,23,4,9,17,36,227,1,47,9,11,107748.0,4.0
KAG_2026_14186,Canada,ML Engineer,Contributor,4,21,0,8,6,24,227,0,28,5,5,126723.0,4.0
KAG_2026_14187,Canada,Data Analyst,Contributor,9,11,0,3,9,23,124,1,29,9,6,86179.0,9.0
KAG_2026_14188,Japan,Student,Contributor,0,21,0,6,10,7,380,1,20,3,4,0.0,0.0
KAG_2026_14189,France,Data Scientist,Expert,10,25,1,4,10,30,285,1,53,7,11,138635.0,10.0
KAG_2026_14190,Canada,ML Engineer,Master,14,38,21,37,21,68,1139,1,87,2,26,191465.0,14.0
KAG_2026_14191,USA,Data Analyst,Expert,4,32,4,9,15,30,411,1,46,10,11,107100.0,4.0
KAG_2026_14192,India,Data Scientist,Master,8,35,7,33,23,56,1184,1,71,10,17,98643.0,8.0
KAG_2026_14193,USA,ML Engineer,Expert,18,30,2,6,14,20,344,1,58,9,14,223916.0,18.0
KAG_2026_14194,India,Researcher,Master,5,44,8,27,18,62,804,1,59,7,17,90749.0,5.0
KAG_2026_14195,India,ML Engineer,Expert,16,27,3,9,12,25,416,1,65,8,14,137350.0,16.0
KAG_2026_14196,India,ML Engineer,Expert,9,26,3,3,16,27,480,1,53,2,12,98477.0,9.0
KAG_2026_14197,Germany,ML Engineer,Master,14,44,8,38,18,63,987,1,72,9,20,164289.0,14.0
KAG_2026_14198,Canada,Researcher,Grandmaster,7,62,22,23,25,120,2597,1,83,4,29,152512.0,7.0
KAG_2026_14199,India,Student,Grandmaster,0,62,15,29,22,120,2828,1,76,4,23,0.0,0.0
KAG_2026_14200,Nigeria,ML Engineer,Contributor,12,11,0,2,12,9,157,1,40,7,7,97158.0,12.0
KAG_2026_14201,UK,Student,Novice,0,14,0,0,7,7,2,0,6,4,0,9304.0,0.0
KAG_2026_14202,Nigeria,Student,Novice,1,9,0,0,6,10,9,1,11,3,0,6150.0,1.0
KAG_2026_14203,India,ML Engineer,Expert,15,23,4,5,10,34,299,1,64,9,14,132363.0,15.0
KAG_2026_14204,USA,ML Engineer,Master,17,40,7,27,17,63,1015,1,83,6,20,228820.0,17.0
KAG_2026_14205,Germany,ML Engineer,Expert,7,28,4,9,10,24,473,1,46,11,12,149800.0,7.0
KAG_2026_14206,USA,Data Analyst,Master,17,39,13,12,15,50,946,1,86,11,23,143363.0,17.0
KAG_2026_14207,India,ML Engineer,Contributor,20,18,0,5,9,15,334,1,46,8,10,128553.0,20.0
KAG_2026_14208,Spain,Data Analyst,Novice,6,2,0,0,6,20,5,0,22,7,1,53129.0,6.0
KAG_2026_14209,USA,Student,Master,2,37,20,34,24,66,1024,1,63,4,22,0.0,2.0
KAG_2026_14210,UK,Data Scientist,Contributor,14,9,0,5,6,17,428,1,46,2,8,149601.0,14.0
KAG_2026_14211,Canada,ML Engineer,Expert,16,26,2,2,10,31,290,1,60,7,13,173688.0,16.0
KAG_2026_14212,France,Data Scientist,Contributor,18,7,0,5,10,18,94,1,43,4,9,146583.0,18.0
KAG_2026_14213,Canada,ML Engineer,Grandmaster,8,63,7,25,21,127,2548,1,82,11,21,158491.0,8.0
KAG_2026_14214,Spain,Data Scientist,Expert,18,29,4,3,16,36,279,1,63,2,15,149737.0,18.0
KAG_2026_14215,USA,Data Scientist,Expert,4,22,3,3,18,37,288,1,46,2,10,161426.0,4.0
KAG_2026_14216,India,Data Scientist,Contributor,6,21,0,9,13,6,193,1,35,7,5,81825.0,6.0
KAG_2026_14217,India,Data Analyst,Novice,15,10,0,0,0,12,7,1,35,8,4,71203.0,15.0
KAG_2026_14218,Nigeria,ML Engineer,Expert,15,23,1,8,11,24,192,1,56,5,13,116439.0,15.0
KAG_2026_14219,USA,Data Analyst,Expert,13,25,2,1,14,38,273,1,61,8,12,123178.0,13.0
KAG_2026_14220,Japan,ML Engineer,Contributor,16,20,0,1,8,6,323,0,52,10,8,154249.0,16.0
KAG_2026_14221,USA,Data Analyst,Novice,16,13,0,0,0,4,2,1,32,9,4,119143.0,16.0
KAG_2026_14222,Germany,Researcher,Master,15,36,5,20,22,63,931,1,70,11,19,181077.0,15.0
KAG_2026_14223,USA,Student,Expert,1,30,4,7,12,31,374,1,33,1,10,0.0,1.0
KAG_2026_14224,Spain,Data Scientist,Contributor,19,9,0,6,13,24,251,0,57,4,9,149153.0,19.0
KAG_2026_14225,Germany,Data Scientist,Expert,4,22,4,2,15,33,397,1,52,2,11,124881.0,4.0
KAG_2026_14226,India,Data Analyst,Contributor,4,9,0,2,10,22,281,0,23,10,5,44795.0,4.0
KAG_2026_14227,Germany,Researcher,Grandmaster,13,53,20,21,24,115,2633,1,98,4,29,198669.0,13.0
KAG_2026_14228,Spain,Student,Contributor,1,18,0,1,7,16,433,0,19,4,4,0.0,1.0
KAG_2026_14229,India,ML Engineer,Master,9,41,5,30,19,64,1017,1,71,3,17,101600.0,9.0
KAG_2026_14230,India,ML Engineer,Expert,8,20,2,2,14,21,522,1,53,10,11,97867.0,8.0
KAG_2026_14231,Spain,Researcher,Master,20,39,6,28,15,58,1002,1,79,2,21,153168.0,20.0
KAG_2026_14232,Canada,Data Scientist,Expert,16,22,1,2,13,34,444,1,63,10,13,164431.0,16.0
KAG_2026_14233,Spain,Researcher,Master,16,42,16,21,17,50,844,1,84,10,24,150365.0,16.0
KAG_2026_14234,USA,ML Engineer,Expert,18,30,2,9,17,28,320,1,71,9,14,238660.0,18.0
KAG_2026_14235,Japan,Student,Novice,2,5,0,0,2,11,12,1,12,1,0,0.0,2.0
KAG_2026_14236,India,ML Engineer,Grandmaster,9,51,11,21,22,121,2833,1,81,7,24,115849.0,9.0
KAG_2026_14237,Brazil,Researcher,Grandmaster,7,50,9,36,24,120,2609,1,75,11,22,113344.0,7.0
KAG_2026_14238,Canada,Researcher,Expert,16,32,3,1,12,31,205,1,56,4,14,177892.0,16.0
KAG_2026_14239,UK,Researcher,Master,19,43,18,17,18,55,1138,1,89,8,26,204868.0,19.0
KAG_2026_14240,UK,Student,Grandmaster,0,53,5,12,24,123,2660,1,65,2,18,0.0,0.0
KAG_2026_14241,India,Data Scientist,Contributor,7,9,0,7,9,5,125,1,38,3,6,77357.0,7.0
KAG_2026_14242,Brazil,Student,Contributor,0,14,0,6,7,13,291,0,21,2,4,0.0,0.0
KAG_2026_14243,USA,Data Analyst,Novice,3,13,0,0,8,2,2,1,8,3,0,81848.0,3.0
KAG_2026_14244,India,Data Scientist,Contributor,6,13,0,6,6,5,171,0,38,6,5,72123.0,6.0
KAG_2026_14245,India,Data Analyst,Novice,20,8,0,0,6,18,10,1,34,5,6,93202.0,20.0
KAG_2026_14246,UK,Data Scientist,Expert,5,31,4,5,18,21,348,1,41,2,11,110269.0,5.0
KAG_2026_14247,Spain,Data Scientist,Expert,21,26,2,7,13,26,452,1,71,8,15,145140.0,21.0
KAG_2026_14248,India,Student,Contributor,0,8,0,7,14,14,164,1,19,3,4,0.0,0.0
KAG_2026_14249,USA,Data Scientist,Expert,13,30,3,9,12,29,369,1,58,7,13,180712.0,13.0
KAG_2026_14250,USA,Researcher,Master,19,45,10,10,20,69,1023,1,92,7,22,237004.0,19.0
KAG_2026_14251,USA,ML Engineer,Contributor,8,12,0,7,12,21,275,0,33,5,6,157632.0,8.0
KAG_2026_14252,India,ML Engineer,Expert,21,33,1,5,15,29,485,1,68,4,14,143834.0,21.0
KAG_2026_14253,Spain,Data Scientist,Grandmaster,7,54,24,19,29,120,2815,1,91,5,30,141917.0,7.0
KAG_2026_14254,Germany,Student,Expert,2,31,1,6,13,38,280,1,37,4,9,0.0,2.0
KAG_2026_14255,Japan,Student,Novice,0,6,0,0,4,7,8,1,12,1,0,0.0,0.0
KAG_2026_14256,India,Data Analyst,Expert,9,29,2,2,12,20,316,1,48,6,11,70531.0,9.0
KAG_2026_14257,USA,ML Engineer,Contributor,6,21,0,3,14,21,367,0,35,9,5,177875.0,6.0
KAG_2026_14258,India,Student,Contributor,2,19,0,4,11,8,225,1,23,3,4,0.0,2.0
KAG_2026_14259,Spain,Researcher,Master,7,45,13,26,20,59,1032,1,75,8,20,132199.0,7.0
KAG_2026_14260,India,Data Analyst,Novice,18,12,0,0,7,1,7,1,37,4,5,89193.0,18.0
KAG_2026_14261,Germany,Student,Master,1,38,9,26,16,51,960,1,60,2,16,0.0,1.0
KAG_2026_14262,USA,Student,Novice,0,4,0,0,3,15,10,1,12,3,0,0.0,0.0
KAG_2026_14263,USA,ML Engineer,Expert,19,27,3,7,13,39,187,1,66,2,15,237211.0,19.0
KAG_2026_14264,Germany,ML Engineer,Master,21,39,6,21,20,63,953,1,91,3,21,196652.0,21.0
KAG_2026_14265,Brazil,Student,Novice,1,14,0,0,2,11,13,1,15,2,0,0.0,1.0
KAG_2026_14266,India,Student,Contributor,1,9,0,7,7,20,146,1,30,1,4,0.0,1.0
KAG_2026_14267,India,Researcher,Expert,4,33,1,7,15,30,348,1,49,7,9,75042.0,4.0
KAG_2026_14268,India,Researcher,Master,14,39,21,31,21,62,1173,1,80,6,26,121944.0,14.0
KAG_2026_14269,USA,Researcher,Master,16,41,19,16,23,67,802,1,89,3,26,215367.0,16.0
KAG_2026_14270,Japan,Student,Novice,2,2,0,0,3,5,8,1,17,4,0,0.0,2.0
KAG_2026_14271,Germany,ML Engineer,Contributor,6,7,0,6,9,20,142,0,26,7,5,121412.0,6.0
KAG_2026_14272,Canada,Data Analyst,Novice,2,14,0,0,3,17,2,0,15,10,0,61398.0,2.0
KAG_2026_14273,USA,Student,Novice,2,9,0,0,1,18,11,0,4,2,0,0.0,2.0
KAG_2026_14274,Brazil,Student,Novice,2,13,0,0,4,20,8,1,10,3,0,6403.0,2.0
KAG_2026_14275,Nigeria,Researcher,Expert,20,32,2,2,16,36,428,1,61,7,15,128902.0,20.0
KAG_2026_14276,Japan,Student,Novice,2,9,0,0,9,1,12,1,12,3,0,0.0,2.0
KAG_2026_14277,Germany,ML Engineer,Expert,6,27,3,4,19,33,427,1,41,8,11,136202.0,6.0
KAG_2026_14278,Brazil,Data Scientist,Expert,14,23,4,1,12,21,394,1,62,2,14,103225.0,14.0
KAG_2026_14279,India,Data Scientist,Contributor,3,15,0,6,11,21,198,1,28,7,4,70190.0,3.0
KAG_2026_14280,India,ML Engineer,Contributor,14,18,0,5,14,23,142,0,49,8,8,101985.0,14.0
KAG_2026_14281,Canada,Data Analyst,Novice,7,6,0,0,6,9,11,0,20,8,2,67838.0,7.0
KAG_2026_14282,India,Researcher,Expert,15,21,1,3,11,32,397,1,54,10,13,109519.0,15.0
KAG_2026_14283,India,Data Analyst,Contributor,3,18,0,8,9,24,184,0,27,6,4,46548.0,3.0
KAG_2026_14284,UK,Researcher,Expert,7,26,1,9,13,25,470,1,50,2,10,125397.0,7.0
KAG_2026_14285,India,Student,Master,1,46,11,29,23,60,1067,1,57,2,17,0.0,1.0
KAG_2026_14286,UK,Data Analyst,Contributor,6,19,0,2,6,18,146,1,34,8,5,70028.0,6.0
KAG_2026_14287,USA,ML Engineer,Contributor,3,7,0,8,11,19,303,1,21,3,4,164092.0,3.0
KAG_2026_14288,India,Student,Expert,1,23,2,4,10,38,422,1,40,1,9,13023.0,1.0
KAG_2026_14289,USA,Researcher,Expert,20,24,1,2,18,32,328,1,63,3,14,205914.0,20.0
KAG_2026_14290,Brazil,Researcher,Expert,11,23,3,5,11,31,344,1,49,2,12,105588.0,11.0
KAG_2026_14291,India,Researcher,Expert,18,33,3,2,12,21,287,1,60,10,14,131795.0,18.0
KAG_2026_14292,USA,Data Scientist,Expert,4,30,1,7,15,29,421,1,45,6,9,163100.0,4.0
KAG_2026_14293,Canada,Data Analyst,Contributor,15,19,0,3,7,17,114,0,48,10,8,100064.0,15.0
KAG_2026_14294,India,Data Analyst,Master,18,48,22,24,20,63,975,1,94,9,28,127258.0,18.0
KAG_2026_14295,USA,Data Analyst,Novice,4,10,0,0,7,7,13,1,17,8,1,84997.0,4.0
KAG_2026_14296,India,Data Scientist,Expert,20,29,3,2,10,21,265,1,69,6,15,129308.0,20.0
KAG_2026_14297,Germany,Researcher,Grandmaster,10,63,12,25,25,112,2892,1,93,9,25,180598.0,10.0
KAG_2026_14298,Nigeria,Data Scientist,Contributor,7,21,0,2,9,10,45,1,35,8,6,66629.0,7.0
KAG_2026_14299,Nigeria,Researcher,Expert,17,24,4,2,15,38,518,1,71,8,15,116603.0,17.0
KAG_2026_14300,France,Data Scientist,Expert,18,26,4,3,15,37,291,1,61,9,15,151227.0,18.0
KAG_2026_14301,USA,Researcher,Master,20,49,23,20,21,59,865,1,88,4,29,226615.0,20.0
KAG_2026_14302,USA,Student,Contributor,1,11,0,5,10,10,51,0,21,2,4,0.0,1.0
KAG_2026_14303,Brazil,Data Scientist,Contributor,7,19,0,5,9,16,412,1,35,6,6,80817.0,7.0
KAG_2026_14304,India,Researcher,Expert,8,24,1,7,10,35,449,1,53,3,10,91065.0,8.0
KAG_2026_14305,Nigeria,Data Analyst,Contributor,16,15,0,2,7,11,415,0,39,7,8,81709.0,16.0
KAG_2026_14306,Canada,Data Scientist,Expert,4,26,4,4,16,33,299,1,48,9,11,137121.0,4.0
KAG_2026_14307,Brazil,Researcher,Grandmaster,20,56,23,35,20,121,2820,1,100,6,33,166087.0,20.0
KAG_2026_14308,USA,Student,Novice,2,2,0,0,3,18,4,0,10,2,0,0.0,2.0
KAG_2026_14309,Spain,Data Analyst,Novice,10,4,0,0,1,2,12,1,17,10,3,70543.0,10.0
KAG_2026_14310,India,Data Scientist,Expert,16,22,4,3,10,22,381,1,60,4,14,127545.0,16.0
KAG_2026_14311,India,Researcher,Expert,7,31,4,2,16,27,291,1,52,5,12,96348.0,7.0
KAG_2026_14312,France,Data Scientist,Expert,19,26,2,2,17,26,325,1,64,7,14,153482.0,19.0
KAG_2026_14313,Brazil,Data Scientist,Expert,20,23,2,1,17,29,544,1,66,3,15,136721.0,20.0
KAG_2026_14314,India,Student,Contributor,2,16,0,2,5,19,166,0,22,3,4,0.0,2.0
KAG_2026_14315,UK,Student,Novice,0,2,0,0,2,4,10,1,9,3,0,0.0,0.0
KAG_2026_14316,India,Data Scientist,Expert,16,25,1,7,10,35,507,1,57,10,13,124843.0,16.0
KAG_2026_14317,India,Researcher,Expert,8,27,1,3,19,29,414,1,48,5,10,89348.0,8.0
KAG_2026_14318,Japan,Researcher,Master,17,44,19,16,21,54,1175,1,92,8,26,192644.0,17.0
KAG_2026_14319,USA,Data Scientist,Expert,11,24,4,2,11,22,263,1,60,8,13,167510.0,11.0
KAG_2026_14320,USA,Student,Expert,0,33,2,9,16,36,319,1,45,3,9,0.0,0.0
KAG_2026_14321,USA,Researcher,Expert,9,25,2,9,10,31,429,1,50,2,11,197024.0,9.0
KAG_2026_14322,USA,Data Scientist,Master,6,35,21,19,20,65,1073,1,68,10,24,163997.0,6.0
KAG_2026_14323,Brazil,Data Analyst,Novice,3,2,0,0,9,4,9,0,4,11,0,35065.0,3.0
KAG_2026_14324,Nigeria,ML Engineer,Expert,6,22,3,9,16,28,377,1,53,5,11,74150.0,6.0
KAG_2026_14325,USA,Data Scientist,Contributor,10,12,0,4,7,6,382,1,31,10,7,167680.0,10.0
KAG_2026_14326,USA,Data Scientist,Expert,15,23,2,2,17,31,366,1,66,2,13,213969.0,15.0
KAG_2026_14327,USA,Researcher,Expert,20,27,4,5,17,38,398,1,63,11,16,222086.0,20.0
KAG_2026_14328,Germany,Data Analyst,Novice,7,2,0,0,9,17,12,0,16,7,2,76272.0,7.0
KAG_2026_14329,Spain,ML Engineer,Contributor,14,12,0,2,12,16,52,1,40,9,8,139332.0,14.0
KAG_2026_14330,India,Student,Contributor,1,11,0,4,8,24,73,1,30,3,4,0.0,1.0
KAG_2026_14331,France,Researcher,Grandmaster,11,56,19,17,21,129,2777,1,87,5,28,169209.0,11.0
KAG_2026_14332,Japan,ML Engineer,Expert,5,27,1,9,18,31,403,1,45,8,10,123141.0,5.0
KAG_2026_14333,USA,Data Scientist,Expert,8,20,1,2,16,26,328,1,50,6,10,184325.0,8.0
KAG_2026_14334,USA,Data Scientist,Master,6,36,23,17,21,65,1073,1,65,4,25,167481.0,6.0
KAG_2026_14335,Canada,Data Scientist,Contributor,13,16,0,9,8,16,114,1,37,10,7,157445.0,13.0
KAG_2026_14336,USA,Data Analyst,Contributor,9,18,0,3,10,8,367,0,40,5,6,105104.0,9.0
KAG_2026_14337,Spain,Student,Contributor,1,20,0,5,7,10,208,1,17,4,4,0.0,1.0
KAG_2026_14338,Nigeria,Data Analyst,Master,14,38,21,10,20,66,834,1,86,3,26,100927.0,14.0
KAG_2026_14339,USA,Student,Contributor,1,12,0,1,12,12,307,1,16,2,4,0.0,1.0
KAG_2026_14340,USA,Student,Novice,0,7,0,0,7,17,14,1,11,2,0,0.0,0.0
KAG_2026_14341,Germany,ML Engineer,Expert,11,27,1,5,19,21,296,1,59,8,11,147272.0,11.0
KAG_2026_14342,France,Student,Novice,1,5,0,0,6,6,9,0,10,2,0,0.0,1.0
KAG_2026_14343,USA,Data Analyst,Expert,8,26,4,2,14,23,544,1,48,11,12,110918.0,8.0
KAG_2026_14344,USA,Student,Contributor,1,10,0,8,8,11,265,1,26,2,4,0.0,1.0
KAG_2026_14345,India,Student,Novice,1,4,0,0,1,4,2,1,12,3,0,0.0,1.0
KAG_2026_14346,India,ML Engineer,Expert,12,32,2,9,18,24,274,1,61,5,12,120309.0,12.0
KAG_2026_14347,Canada,ML Engineer,Expert,21,28,3,9,11,28,154,1,69,8,15,184361.0,21.0
KAG_2026_14348,India,Data Analyst,Contributor,5,7,0,7,13,10,439,1,32,2,5,51659.0,5.0
KAG_2026_14349,India,Data Scientist,Expert,21,25,1,6,15,25,207,1,76,10,14,138456.0,21.0
KAG_2026_14350,India,Student,Contributor,1,9,0,8,7,14,69,1,28,4,4,0.0,1.0
KAG_2026_14351,Canada,Data Scientist,Expert,11,26,2,1,15,22,340,1,50,7,12,152631.0,11.0
KAG_2026_14352,Canada,Researcher,Grandmaster,11,61,10,20,25,129,2858,1,90,3,24,187723.0,11.0
KAG_2026_14353,Canada,Student,Master,2,48,5,14,19,69,1008,1,56,2,15,0.0,2.0
KAG_2026_14354,Germany,Student,Novice,1,12,0,0,7,13,9,1,14,1,0,0.0,1.0
KAG_2026_14355,India,Researcher,Expert,21,24,3,5,19,37,539,1,68,4,15,135737.0,21.0
KAG_2026_14356,France,ML Engineer,Master,9,43,6,21,19,64,1172,1,66,4,17,136842.0,9.0
KAG_2026_14357,USA,Data Analyst,Contributor,17,20,0,9,5,21,297,1,54,5,9,143266.0,17.0
KAG_2026_14358,India,Student,Contributor,0,16,0,7,14,5,150,1,17,1,4,0.0,0.0
KAG_2026_14359,UK,Researcher,Grandmaster,9,53,11,30,27,127,2719,1,92,7,24,174407.0,9.0
KAG_2026_14360,Brazil,Researcher,Expert,14,26,1,4,13,28,489,1,52,5,12,116050.0,14.0
KAG_2026_14361,USA,Researcher,Master,6,35,10,28,16,65,918,1,69,6,18,182399.0,6.0
KAG_2026_14362,India,Data Analyst,Novice,9,2,0,0,1,18,13,1,18,11,2,55030.0,9.0
KAG_2026_14363,USA,Student,Novice,0,7,0,0,2,15,12,1,2,3,0,0.0,0.0
KAG_2026_14364,India,Student,Novice,2,10,0,0,1,12,1,0,15,4,0,0.0,2.0
KAG_2026_14365,India,Researcher,Expert,20,29,2,5,10,20,379,1,72,11,15,132951.0,20.0
KAG_2026_14366,Nigeria,Data Scientist,Expert,17,22,3,3,18,21,522,1,66,10,14,110905.0,17.0
KAG_2026_14367,India,Student,Novice,0,5,0,0,2,19,14,0,1,2,0,0.0,0.0
KAG_2026_14368,India,Researcher,Expert,8,22,1,2,12,32,246,1,47,7,10,99408.0,8.0
KAG_2026_14369,India,ML Engineer,Expert,18,20,2,3,18,34,406,1,63,9,14,135820.0,18.0
KAG_2026_14370,Canada,ML Engineer,Contributor,11,12,0,8,6,5,242,1,36,6,7,136905.0,11.0
KAG_2026_14371,USA,ML Engineer,Contributor,7,18,0,7,11,16,72,0,36,7,6,175470.0,7.0
KAG_2026_14372,Japan,Data Scientist,Master,15,43,23,14,22,62,1100,1,81,10,28,178366.0,15.0
KAG_2026_14373,USA,Data Analyst,Novice,7,7,0,0,4,10,1,0,14,4,2,95060.0,7.0
KAG_2026_14374,Nigeria,ML Engineer,Master,13,48,10,18,19,69,1041,1,82,9,20,111355.0,13.0
KAG_2026_14375,India,Data Scientist,Master,14,42,6,18,24,69,1100,1,83,5,19,112277.0,14.0
KAG_2026_14376,UK,Data Analyst,Novice,7,14,0,0,9,2,0,0,24,6,2,64551.0,7.0
KAG_2026_14377,USA,Student,Novice,0,14,0,0,8,2,0,0,11,2,0,0.0,0.0
KAG_2026_14378,Germany,Data Scientist,Expert,7,21,3,3,13,27,191,1,53,2,11,130557.0,7.0
KAG_2026_14379,India,Data Scientist,Contributor,17,12,0,2,5,20,107,1,54,2,9,110535.0,17.0
KAG_2026_14380,USA,ML Engineer,Expert,8,23,3,9,15,39,509,1,47,9,11,173276.0,8.0
KAG_2026_14381,Japan,Student,Contributor,0,14,0,2,9,14,395,0,20,1,4,0.0,0.0
KAG_2026_14382,Japan,Student,Contributor,2,17,0,1,12,10,421,1,21,2,4,12390.0,2.0
KAG_2026_14383,India,Student,Novice,2,2,0,0,6,11,1,1,9,4,0,0.0,2.0
KAG_2026_14384,USA,Data Analyst,Novice,14,2,0,0,3,6,8,0,26,10,4,118107.0,14.0
KAG_2026_14385,USA,Student,Novice,1,5,0,0,9,1,13,1,2,3,0,0.0,1.0
KAG_2026_14386,Nigeria,ML Engineer,Contributor,7,21,0,6,8,22,99,0,37,4,6,79647.0,7.0
KAG_2026_14387,India,Data Analyst,Contributor,20,8,0,9,10,12,175,1,50,8,10,107850.0,20.0
KAG_2026_14388,France,Data Scientist,Expert,13,28,3,4,12,22,390,1,54,5,13,129492.0,13.0
KAG_2026_14389,India,Data Scientist,Expert,7,26,3,7,13,25,365,1,43,10,11,87102.0,7.0
KAG_2026_14390,India,Researcher,Expert,14,30,1,6,15,35,517,1,57,2,12,119576.0,14.0
KAG_2026_14391,Brazil,Data Analyst,Contributor,15,20,0,7,8,22,197,0,46,10,8,79699.0,15.0
KAG_2026_14392,Canada,Data Scientist,Contributor,9,21,0,6,14,23,285,0,36,6,6,137280.0,9.0
KAG_2026_14393,USA,ML Engineer,Expert,10,20,4,1,15,35,385,1,54,9,13,177067.0,10.0
KAG_2026_14394,India,Data Analyst,Master,17,39,19,15,20,52,1082,1,82,5,26,114650.0,17.0
KAG_2026_14395,Japan,Researcher,Expert,20,26,1,6,16,36,343,1,60,8,14,174184.0,20.0
KAG_2026_14396,Germany,Data Scientist,Master,6,48,13,31,15,56,904,1,74,11,20,142374.0,6.0
KAG_2026_14397,Nigeria,Data Analyst,Contributor,4,12,0,2,8,17,336,0,23,11,5,41753.0,4.0
KAG_2026_14398,Spain,Student,Novice,2,11,0,0,9,5,4,0,6,4,0,0.0,2.0
KAG_2026_14399,Japan,Data Analyst,Novice,6,10,0,0,9,17,7,0,23,3,1,64776.0,6.0
KAG_2026_14400,France,ML Engineer,Contributor,21,21,0,5,10,7,324,0,60,10,10,172605.0,21.0
KAG_2026_14401,USA,Student,Novice,0,2,0,0,6,5,0,1,2,1,0,0.0,0.0
KAG_2026_14402,India,Data Analyst,Contributor,11,20,0,1,5,11,367,0,41,9,7,66640.0,11.0
KAG_2026_14403,USA,Student,Contributor,0,16,0,2,10,23,185,1,18,3,4,0.0,0.0
KAG_2026_14404,USA,ML Engineer,Master,10,49,24,32,23,68,874,1,76,8,27,220768.0,10.0
KAG_2026_14405,USA,Data Scientist,Master,14,41,21,26,19,53,1156,1,78,2,26,216754.0,14.0
KAG_2026_14406,USA,Student,Novice,2,12,0,0,7,9,5,1,16,2,0,0.0,2.0
KAG_2026_14407,Germany,Data Scientist,Expert,14,24,1,3,17,22,202,1,62,5,12,150413.0,14.0
KAG_2026_14408,UK,Researcher,Expert,12,32,1,3,17,30,279,1,52,7,12,148833.0,12.0
KAG_2026_14409,India,Data Analyst,Contributor,11,20,0,2,12,16,62,1,32,2,7,67110.0,11.0
KAG_2026_14410,Nigeria,Student,Novice,0,14,0,0,9,12,10,0,11,1,0,0.0,0.0
KAG_2026_14411,USA,Data Analyst,Contributor,21,7,0,4,8,21,398,1,57,6,10,156359.0,21.0
KAG_2026_14412,Spain,Researcher,Expert,20,27,1,5,13,25,410,1,74,3,14,164370.0,20.0
KAG_2026_14413,Germany,ML Engineer,Expert,21,23,2,8,18,28,343,1,72,9,15,197769.0,21.0
KAG_2026_14414,USA,Researcher,Expert,6,32,3,7,17,29,333,1,44,4,11,161306.0,6.0
KAG_2026_14415,USA,Data Analyst,Contributor,20,11,0,1,6,15,300,0,54,7,10,138612.0,20.0
KAG_2026_14416,USA,Researcher,Expert,11,30,3,1,10,37,373,1,51,4,12,190094.0,11.0
KAG_2026_14417,UK,Data Analyst,Novice,13,2,0,0,9,12,13,1,21,9,3,90294.0,13.0
KAG_2026_14418,Canada,Data Analyst,Novice,9,7,0,0,3,20,2,1,23,7,2,80914.0,9.0
KAG_2026_14419,USA,Data Analyst,Novice,2,11,0,0,8,15,13,1,9,5,0,76012.0,2.0
KAG_2026_14420,Japan,ML Engineer,Contributor,20,8,0,8,7,22,301,1,50,9,10,164247.0,20.0
KAG_2026_14421,USA,Data Scientist,Grandmaster,6,62,11,20,24,117,2731,1,79,5,23,184556.0,6.0
KAG_2026_14422,USA,Data Scientist,Contributor,17,15,0,4,14,22,97,0,47,2,9,209610.0,17.0
KAG_2026_14423,USA,Data Scientist,Expert,9,32,3,2,15,25,375,1,57,8,12,163297.0,9.0
KAG_2026_14424,Germany,Data Analyst,Contributor,6,9,0,9,13,19,417,1,37,10,5,82245.0,6.0
KAG_2026_14425,India,Data Analyst,Contributor,8,19,0,2,10,18,409,1,30,4,6,65200.0,8.0
KAG_2026_14426,USA,Data Scientist,Contributor,15,21,0,5,14,13,223,1,45,11,8,188361.0,15.0
KAG_2026_14427,Spain,Data Analyst,Novice,18,3,0,0,1,13,1,1,32,3,5,101921.0,18.0
KAG_2026_14428,India,Student,Expert,2,28,3,8,10,23,243,1,44,1,10,0.0,2.0
KAG_2026_14429,USA,ML Engineer,Expert,15,20,4,3,19,26,320,1,58,7,14,194137.0,15.0
KAG_2026_14430,India,Data Scientist,Expert,18,33,2,8,10,35,459,1,59,5,14,136286.0,18.0
KAG_2026_14431,Japan,Researcher,Grandmaster,15,57,6,22,25,113,2688,1,93,5,23,171865.0,15.0
KAG_2026_14432,USA,Researcher,Master,11,40,21,20,21,59,841,1,74,3,25,194535.0,11.0
KAG_2026_14433,USA,Student,Grandmaster,0,63,20,31,24,127,2889,1,75,2,26,0.0,0.0
KAG_2026_14434,Germany,Data Analyst,Novice,10,12,0,0,4,2,4,0,21,10,3,74146.0,10.0
KAG_2026_14435,Germany,Researcher,Expert,19,31,2,5,12,33,407,1,71,8,14,185654.0,19.0
KAG_2026_14436,USA,Data Analyst,Novice,20,2,0,0,4,4,9,1,35,4,6,127363.0,20.0
KAG_2026_14437,USA,Researcher,Master,21,39,13,12,24,69,915,1,91,3,24,251257.0,21.0
KAG_2026_14438,India,ML Engineer,Master,19,37,11,24,24,63,902,1,81,5,23,155391.0,19.0
KAG_2026_14439,India,Student,Novice,2,9,0,0,3,13,9,1,12,2,0,0.0,2.0
KAG_2026_14440,USA,Data Analyst,Expert,17,20,1,6,11,21,190,1,61,6,13,136755.0,17.0
KAG_2026_14441,Nigeria,Researcher,Expert,13,30,4,9,13,22,392,1,62,2,13,93538.0,13.0
KAG_2026_14442,Spain,Data Analyst,Contributor,12,18,0,3,8,17,320,0,44,10,7,79198.0,12.0
KAG_2026_14443,UK,Student,Novice,2,5,0,0,2,14,1,1,7,1,0,0.0,2.0
KAG_2026_14444,USA,Data Analyst,Expert,6,21,2,3,19,25,270,1,49,6,10,114024.0,6.0
KAG_2026_14445,France,Researcher,Expert,9,20,2,5,12,28,386,1,47,10,11,127529.0,9.0
KAG_2026_14446,UK,Data Scientist,Grandmaster,6,55,12,39,25,117,2738,1,84,2,23,143828.0,6.0
KAG_2026_14447,India,Data Scientist,Contributor,6,12,0,1,5,24,321,1,25,2,5,71407.0,6.0
KAG_2026_14448,Spain,ML Engineer,Master,13,38,23,26,22,63,1034,1,84,11,27,145567.0,13.0
KAG_2026_14449,UK,ML Engineer,Contributor,7,21,0,1,13,16,161,1,33,6,6,133610.0,7.0
KAG_2026_14450,India,Data Scientist,Master,11,49,20,24,22,60,900,1,77,3,25,110694.0,11.0
KAG_2026_14451,USA,ML Engineer,Contributor,7,14,0,7,11,15,242,1,28,3,6,184338.0,7.0
KAG_2026_14452,USA,Data Scientist,Contributor,12,9,0,2,11,16,370,0,47,8,7,183106.0,12.0
KAG_2026_14453,France,Data Scientist,Contributor,16,12,0,7,9,12,220,1,46,9,8,139779.0,16.0
KAG_2026_14454,USA,ML Engineer,Contributor,15,18,0,5,9,12,294,0,42,8,8,193414.0,15.0
KAG_2026_14455,Canada,Student,Master,2,46,22,11,20,59,916,1,71,1,23,0.0,2.0
KAG_2026_14456,India,Data Analyst,Expert,17,32,4,6,18,24,226,1,61,5,15,95143.0,17.0
KAG_2026_14457,UK,Data Analyst,Expert,15,34,3,3,18,39,221,1,68,9,14,115780.0,15.0
KAG_2026_14458,India,Student,Novice,0,6,0,0,3,4,5,0,13,4,0,0.0,0.0
KAG_2026_14459,Brazil,ML Engineer,Contributor,17,12,0,5,9,13,56,0,42,3,9,104467.0,17.0
KAG_2026_14460,USA,Student,Contributor,1,16,0,4,8,20,238,0,23,1,4,0.0,1.0
KAG_2026_14461,India,Researcher,Master,17,36,13,22,18,60,948,1,90,7,23,144487.0,17.0
KAG_2026_14462,Spain,Student,Novice,2,5,0,0,2,17,9,0,17,4,0,0.0,2.0
KAG_2026_14463,Nigeria,Researcher,Grandmaster,7,59,9,27,29,113,2698,1,84,11,22,109050.0,7.0
KAG_2026_14464,USA,Data Analyst,Novice,6,12,0,0,3,8,10,1,13,10,1,81486.0,6.0
KAG_2026_14465,India,ML Engineer,Contributor,15,19,0,6,11,20,187,0,43,5,8,101124.0,15.0
KAG_2026_14466,USA,ML Engineer,Expert,5,32,4,6,13,21,283,1,39,7,11,174654.0,5.0
KAG_2026_14467,India,Data Scientist,Contributor,11,14,0,2,9,8,352,1,32,8,7,95092.0,11.0
KAG_2026_14468,India,ML Engineer,Expert,6,26,1,1,14,38,281,1,47,2,10,89522.0,6.0
KAG_2026_14469,Spain,Student,Contributor,0,13,0,6,10,19,428,1,15,4,4,0.0,0.0
KAG_2026_14470,USA,Data Scientist,Contributor,4,14,0,5,8,16,84,1,22,2,5,151125.0,4.0
KAG_2026_14471,Nigeria,Researcher,Expert,13,24,4,6,10,39,410,1,61,7,13,104436.0,13.0
KAG_2026_14472,USA,Data Analyst,Contributor,20,7,0,3,14,17,333,1,52,11,10,133969.0,20.0
KAG_2026_14473,USA,Student,Novice,0,4,0,0,0,17,3,1,10,3,0,0.0,0.0
KAG_2026_14474,USA,Student,Novice,2,7,0,0,8,17,10,1,17,4,0,0.0,2.0
KAG_2026_14475,India,Student,Expert,0,21,4,1,12,36,403,1,41,1,10,0.0,0.0
KAG_2026_14476,Brazil,Data Scientist,Expert,18,34,2,6,14,27,433,1,67,8,14,121831.0,18.0
KAG_2026_14477,India,Data Scientist,Contributor,8,11,0,9,13,17,134,0,34,9,6,84450.0,8.0
KAG_2026_14478,Brazil,Data Scientist,Contributor,10,12,0,1,8,13,203,1,34,9,7,83437.0,10.0
KAG_2026_14479,UK,Student,Contributor,2,15,0,1,14,21,375,0,28,4,4,0.0,2.0
KAG_2026_14480,Spain,Researcher,Master,12,42,15,11,23,53,967,1,71,7,23,147301.0,12.0
KAG_2026_14481,India,ML Engineer,Contributor,8,7,0,8,12,6,356,1,37,7,6,87724.0,8.0
KAG_2026_14482,India,Researcher,Master,5,45,9,24,20,55,891,1,64,8,18,95174.0,5.0
KAG_2026_14483,India,ML Engineer,Expert,18,24,4,9,19,25,197,1,68,4,15,144396.0,18.0
KAG_2026_14484,Germany,Student,Master,0,44,20,12,23,51,993,1,58,4,22,0.0,0.0
KAG_2026_14485,UK,Data Scientist,Grandmaster,6,60,6,39,23,112,2828,1,85,7,20,137873.0,6.0
KAG_2026_14486,USA,Researcher,Grandmaster,13,56,17,21,22,120,2608,1,91,2,28,213714.0,13.0
KAG_2026_14487,Canada,Student,Novice,2,2,0,0,1,9,3,1,5,2,0,9374.0,2.0
KAG_2026_14488,India,Data Analyst,Novice,7,5,0,0,5,18,4,1,21,6,2,52972.0,7.0
KAG_2026_14489,USA,ML Engineer,Expert,4,30,3,4,16,26,513,1,38,5,10,178817.0,4.0
KAG_2026_14490,Japan,Researcher,Grandmaster,7,62,10,15,23,125,2682,1,82,11,23,155600.0,7.0
KAG_2026_14491,Canada,Student,Contributor,0,18,0,3,10,5,198,0,25,2,4,0.0,0.0
KAG_2026_14492,India,ML Engineer,Contributor,12,9,0,7,13,21,173,1,43,3,7,97735.0,12.0
KAG_2026_14493,India,Data Scientist,Expert,6,32,1,7,17,31,164,1,44,5,10,78439.0,6.0
KAG_2026_14494,USA,Student,Master,2,49,7,34,18,62,1006,1,58,1,16,0.0,2.0
KAG_2026_14495,USA,ML Engineer,Expert,21,23,4,3,10,38,162,1,71,6,16,239231.0,21.0
KAG_2026_14496,UK,ML Engineer,Contributor,21,21,0,8,9,14,96,1,53,4,10,179995.0,21.0
KAG_2026_14497,USA,ML Engineer,Expert,16,21,4,9,13,27,185,1,68,4,14,204279.0,16.0
KAG_2026_14498,India,Student,Expert,2,26,2,2,17,30,297,1,35,4,9,0.0,2.0
KAG_2026_14499,France,Data Analyst,Novice,3,4,0,0,2,12,0,1,13,11,0,53297.0,3.0
KAG_2026_14500,USA,ML Engineer,Expert,11,20,4,1,11,34,313,1,56,4,13,198803.0,11.0
KAG_2026_14501,India,Student,Master,1,47,19,29,19,50,961,1,69,4,21,0.0,1.0
KAG_2026_14502,USA,ML Engineer,Contributor,19,16,0,1,13,15,68,1,51,3,9,223428.0,19.0
KAG_2026_14503,Spain,Data Analyst,Contributor,21,21,0,1,6,12,111,1,46,9,10,114468.0,21.0
KAG_2026_14504,USA,Researcher,Expert,6,34,4,5,11,31,301,1,51,3,11,155525.0,6.0
KAG_2026_14505,India,ML Engineer,Expert,15,34,4,9,18,24,409,1,67,6,14,133826.0,15.0
KAG_2026_14506,Nigeria,ML Engineer,Contributor,19,19,0,8,6,17,338,1,51,5,9,106366.0,19.0
KAG_2026_14507,UK,ML Engineer,Grandmaster,7,51,10,39,25,113,2615,1,80,2,23,143438.0,7.0
KAG_2026_14508,USA,Data Analyst,Novice,4,13,0,0,7,3,10,0,9,6,1,76008.0,4.0
KAG_2026_14509,USA,Data Analyst,Novice,2,6,0,0,3,20,13,1,15,5,0,70167.0,2.0
KAG_2026_14510,USA,Researcher,Master,15,38,18,23,22,64,1063,1,84,3,25,237292.0,15.0
KAG_2026_14511,USA,Researcher,Master,15,36,16,33,15,61,1036,1,80,2,24,226301.0,15.0
KAG_2026_14512,Germany,Data Scientist,Contributor,6,21,0,7,7,13,406,1,37,11,5,129151.0,6.0
KAG_2026_14513,Nigeria,Student,Novice,0,12,0,0,5,9,5,0,13,3,0,0.0,0.0
KAG_2026_14514,USA,Student,Novice,2,12,0,0,5,16,4,0,12,4,0,0.0,2.0
KAG_2026_14515,USA,ML Engineer,Expert,15,33,4,9,14,29,215,1,56,5,14,209248.0,15.0
KAG_2026_14516,USA,ML Engineer,Contributor,14,8,0,1,5,10,244,1,48,5,8,202369.0,14.0
KAG_2026_14517,USA,Data Analyst,Novice,3,2,0,0,4,10,0,1,4,8,0,76078.0,3.0
KAG_2026_14518,Nigeria,Data Scientist,Contributor,16,19,0,6,10,8,284,1,49,11,8,104813.0,16.0
KAG_2026_14519,Germany,Student,Contributor,1,10,0,4,11,5,400,0,26,3,4,0.0,1.0
KAG_2026_14520,Japan,Researcher,Grandmaster,12,50,6,28,21,120,2842,1,93,9,22,160710.0,12.0
KAG_2026_14521,Nigeria,Data Scientist,Master,5,39,9,36,22,65,1161,1,68,5,18,86780.0,5.0
KAG_2026_14522,Canada,Data Scientist,Contributor,11,17,0,8,8,24,318,1,34,7,7,145303.0,11.0
KAG_2026_14523,Canada,Researcher,Expert,17,31,1,4,12,35,273,1,64,8,13,167731.0,17.0
KAG_2026_14524,India,Researcher,Master,9,40,12,14,22,56,1110,1,67,3,20,102688.0,9.0
KAG_2026_14525,USA,Student,Contributor,0,21,0,6,6,5,322,1,20,3,4,0.0,0.0
KAG_2026_14526,India,Data Scientist,Expert,20,24,3,9,14,36,525,1,64,6,15,144947.0,20.0
KAG_2026_14527,India,Researcher,Master,5,39,13,28,19,55,1118,1,59,2,20,103014.0,5.0
KAG_2026_14528,India,Researcher,Grandmaster,13,63,24,10,28,120,2808,1,100,4,31,143553.0,13.0
KAG_2026_14529,India,Researcher,Grandmaster,18,53,24,24,24,120,2652,1,100,2,33,149806.0,18.0
KAG_2026_14530,Spain,Data Analyst,Novice,3,2,0,0,9,8,5,1,6,10,0,48511.0,3.0
KAG_2026_14531,USA,Data Analyst,Grandmaster,7,58,14,37,28,121,2672,1,90,4,25,120055.0,7.0
KAG_2026_14532,UK,Data Analyst,Contributor,10,7,0,8,10,19,425,0,43,4,7,94895.0,10.0
KAG_2026_14533,USA,Data Analyst,Novice,12,9,0,0,9,16,13,0,23,3,3,111032.0,12.0
KAG_2026_14534,Nigeria,Researcher,Master,16,46,17,30,15,52,1180,1,80,3,25,138760.0,16.0
KAG_2026_14535,France,Student,Contributor,1,14,0,4,5,18,308,0,26,1,4,0.0,1.0
KAG_2026_14536,UK,Student,Expert,2,23,3,1,14,30,241,1,37,2,10,0.0,2.0
KAG_2026_14537,USA,Data Analyst,Expert,4,30,3,4,16,21,375,1,42,8,10,101503.0,4.0
KAG_2026_14538,India,Researcher,Expert,5,26,1,1,10,25,239,1,51,4,10,88896.0,5.0
KAG_2026_14539,India,Student,Novice,2,2,0,0,9,11,0,0,13,2,0,0.0,2.0
KAG_2026_14540,India,Researcher,Expert,9,20,1,6,11,27,491,1,51,5,11,91823.0,9.0
KAG_2026_14541,Canada,Data Scientist,Expert,16,24,3,9,18,28,267,1,58,7,14,156308.0,16.0
KAG_2026_14542,USA,ML Engineer,Expert,11,31,1,5,14,36,193,1,49,11,11,177203.0,11.0
KAG_2026_14543,India,Data Analyst,Contributor,4,15,0,3,8,18,300,1,35,2,5,42836.0,4.0
KAG_2026_14544,India,ML Engineer,Expert,8,29,2,6,19,21,205,1,45,3,11,100443.0,8.0
KAG_2026_14545,Germany,Researcher,Master,21,36,16,12,19,62,1123,1,94,7,26,179362.0,21.0
KAG_2026_14546,India,Data Analyst,Contributor,14,9,0,6,14,9,215,0,44,6,8,79109.0,14.0
KAG_2026_14547,Nigeria,Data Analyst,Contributor,10,17,0,4,14,18,73,0,33,2,7,66108.0,10.0
KAG_2026_14548,India,Data Scientist,Master,7,35,6,32,21,63,861,1,72,6,17,91717.0,7.0
KAG_2026_14549,USA,ML Engineer,Expert,6,27,4,4,12,22,525,1,48,10,11,167103.0,6.0
KAG_2026_14550,USA,ML Engineer,Contributor,10,8,0,8,10,6,189,1,41,11,7,182305.0,10.0
KAG_2026_14551,USA,Student,Contributor,2,7,0,1,10,16,206,0,20,1,4,0.0,2.0
KAG_2026_14552,India,Data Scientist,Master,12,44,5,13,23,69,1170,1,65,9,18,123965.0,12.0
KAG_2026_14553,Canada,Data Analyst,Contributor,13,9,0,7,14,7,320,0,46,11,7,96108.0,13.0
KAG_2026_14554,India,Data Analyst,Grandmaster,7,63,20,20,28,118,2516,1,81,7,28,89404.0,7.0
KAG_2026_14555,USA,Data Analyst,Novice,5,6,0,0,0,16,4,0,11,10,1,75186.0,5.0
KAG_2026_14556,USA,Data Scientist,Contributor,8,19,0,9,13,7,182,1,29,4,6,146815.0,8.0
KAG_2026_14557,India,Student,Novice,1,7,0,0,8,3,14,0,12,1,0,0.0,1.0
KAG_2026_14558,Brazil,Student,Novice,1,13,0,0,7,11,12,1,13,2,0,0.0,1.0
KAG_2026_14559,Nigeria,ML Engineer,Expert,21,32,1,7,10,36,251,1,71,6,14,119199.0,21.0
KAG_2026_14560,Canada,Student,Novice,2,7,0,0,6,11,13,0,13,3,0,0.0,2.0
KAG_2026_14561,India,Data Scientist,Expert,19,30,3,2,17,31,219,1,66,7,15,136861.0,19.0
KAG_2026_14562,USA,ML Engineer,Expert,15,29,2,6,14,28,281,1,63,8,13,220926.0,15.0
KAG_2026_14563,Nigeria,Researcher,Expert,6,26,1,1,12,32,533,1,44,8,10,70123.0,6.0
KAG_2026_14564,France,Student,Contributor,1,20,0,6,5,14,75,1,17,2,4,0.0,1.0
KAG_2026_14565,USA,ML Engineer,Contributor,9,15,0,5,8,7,203,1,36,9,6,176776.0,9.0
KAG_2026_14566,Nigeria,Researcher,Expert,17,33,4,4,10,39,505,1,59,10,15,104978.0,17.0
KAG_2026_14567,USA,Student,Contributor,2,21,0,9,8,14,74,1,31,2,4,0.0,2.0
KAG_2026_14568,USA,Data Analyst,Novice,7,5,0,0,7,9,8,0,17,9,2,84473.0,7.0
KAG_2026_14569,USA,Researcher,Expert,14,31,1,9,16,26,547,1,58,11,12,185796.0,14.0
KAG_2026_14570,Nigeria,Data Analyst,Novice,15,3,0,0,9,17,7,1,34,8,4,76177.0,15.0
KAG_2026_14571,UK,ML Engineer,Contributor,3,11,0,1,8,24,227,1,23,6,4,108536.0,3.0
KAG_2026_14572,Germany,Researcher,Expert,16,34,1,3,11,33,524,1,65,10,13,150322.0,16.0
KAG_2026_14573,Germany,ML Engineer,Expert,5,25,2,2,12,20,441,1,43,4,10,141096.0,5.0
KAG_2026_14574,USA,Data Analyst,Expert,20,23,4,7,13,27,349,1,66,7,16,165258.0,20.0
KAG_2026_14575,Germany,Student,Novice,2,9,0,0,5,5,3,1,9,1,0,0.0,2.0
KAG_2026_14576,USA,Data Analyst,Novice,5,6,0,0,1,5,6,0,16,3,1,78564.0,5.0
KAG_2026_14577,India,Researcher,Master,11,38,17,39,21,58,1152,1,76,6,23,124981.0,11.0
KAG_2026_14578,Canada,Data Scientist,Contributor,7,21,0,9,10,14,131,1,31,8,6,120941.0,7.0
KAG_2026_14579,UK,Student,Contributor,0,10,0,2,9,23,46,1,29,3,4,0.0,0.0
KAG_2026_14580,USA,Student,Novice,2,7,0,0,7,11,7,0,12,3,0,0.0,2.0
KAG_2026_14581,India,Data Scientist,Contributor,6,10,0,1,14,10,178,0,32,11,5,68971.0,6.0
KAG_2026_14582,Canada,Data Analyst,Novice,10,6,0,0,6,1,1,1,24,10,3,91819.0,10.0
KAG_2026_14583,India,Data Scientist,Master,20,43,15,20,20,59,1195,1,92,8,25,150192.0,20.0
KAG_2026_14584,USA,Student,Novice,2,13,0,0,3,3,9,0,11,3,0,0.0,2.0
KAG_2026_14585,USA,Data Analyst,Novice,14,7,0,0,2,13,13,0,23,8,4,111787.0,14.0
KAG_2026_14586,India,Data Analyst,Contributor,6,15,0,3,5,15,309,1,37,5,5,49664.0,6.0
KAG_2026_14587,Germany,ML Engineer,Expert,15,23,3,3,15,22,360,1,57,7,14,178289.0,15.0
KAG_2026_14588,UK,Data Scientist,Master,5,36,15,18,17,64,1135,1,62,11,21,130516.0,5.0
KAG_2026_14589,Canada,Researcher,Expert,11,31,2,4,17,38,353,1,48,8,12,156497.0,11.0
KAG_2026_14590,Canada,Student,Novice,0,14,0,0,5,5,7,1,11,1,0,0.0,0.0
KAG_2026_14591,India,Data Scientist,Expert,16,24,4,2,16,39,513,1,64,3,14,123826.0,16.0
KAG_2026_14592,Germany,Researcher,Master,12,40,15,13,16,55,956,1,82,11,23,151182.0,12.0
KAG_2026_14593,Nigeria,Data Scientist,Expert,10,21,2,8,16,25,204,1,49,3,12,97598.0,10.0
KAG_2026_14594,Spain,Data Analyst,Novice,17,3,0,0,3,8,6,1,35,10,5,85829.0,17.0
KAG_2026_14595,USA,Student,Novice,0,14,0,0,9,12,0,1,5,2,0,0.0,0.0
KAG_2026_14596,Germany,Data Analyst,Master,17,46,8,34,17,57,998,1,80,5,21,125283.0,17.0
KAG_2026_14597,USA,Data Analyst,Contributor,21,11,0,1,11,17,118,1,47,8,10,160074.0,21.0
KAG_2026_14598,USA,Data Analyst,Novice,14,2,0,0,6,3,13,1,31,4,4,106788.0,14.0
KAG_2026_14599,France,Data Scientist,Contributor,14,8,0,9,10,16,344,1,43,9,8,129168.0,14.0
KAG_2026_14600,Nigeria,Data Analyst,Novice,4,2,0,0,9,4,5,1,14,7,1,33608.0,4.0
KAG_2026_14601,India,Researcher,Grandmaster,6,53,18,11,23,118,2749,1,78,5,26,112227.0,6.0
KAG_2026_14602,India,Student,Novice,0,11,0,0,4,19,3,1,2,3,0,0.0,0.0
KAG_2026_14603,USA,Data Analyst,Master,19,35,22,20,20,55,946,1,93,9,28,167669.0,19.0
KAG_2026_14604,USA,Researcher,Grandmaster,11,60,12,17,24,128,2549,1,83,8,25,202041.0,11.0
KAG_2026_14605,UK,Researcher,Expert,13,27,4,8,18,33,513,1,61,11,13,155352.0,13.0
KAG_2026_14606,Germany,ML Engineer,Contributor,18,8,0,9,6,15,131,1,44,11,9,161315.0,18.0
KAG_2026_14607,Brazil,Data Scientist,Contributor,10,20,0,6,11,5,267,1,37,2,7,87905.0,10.0
KAG_2026_14608,Brazil,Student,Novice,0,11,0,0,2,6,0,1,4,1,0,0.0,0.0
KAG_2026_14609,Canada,Student,Novice,2,2,0,0,1,4,11,1,6,3,0,0.0,2.0
KAG_2026_14610,Spain,Student,Novice,2,2,0,0,0,19,2,1,16,1,0,0.0,2.0
KAG_2026_14611,India,Data Scientist,Expert,10,30,4,9,19,21,403,1,52,9,13,94454.0,10.0
KAG_2026_14612,India,Data Scientist,Expert,5,25,2,1,14,24,348,1,50,6,10,78855.0,5.0
KAG_2026_14613,Germany,ML Engineer,Contributor,5,9,0,7,6,15,416,0,28,4,5,127108.0,5.0
KAG_2026_14614,USA,Researcher,Expert,10,22,1,2,15,30,229,1,50,6,11,171403.0,10.0
KAG_2026_14615,USA,Researcher,Expert,4,27,1,3,14,30,392,1,36,7,9,174264.0,4.0
KAG_2026_14616,Germany,Data Analyst,Expert,12,28,1,4,12,39,479,1,58,6,12,108798.0,12.0
KAG_2026_14617,USA,Data Scientist,Expert,14,30,2,8,18,23,193,1,64,5,13,208022.0,14.0
KAG_2026_14618,France,ML Engineer,Grandmaster,21,53,19,36,23,111,2552,1,100,6,31,181914.0,21.0
KAG_2026_14619,USA,Data Analyst,Expert,4,22,1,6,16,28,504,1,42,4,9,89889.0,4.0
KAG_2026_14620,Germany,ML Engineer,Expert,21,25,2,2,11,39,319,1,69,8,15,185771.0,21.0
KAG_2026_14621,USA,Researcher,Expert,16,29,1,6,13,20,401,1,64,9,13,190635.0,16.0
KAG_2026_14622,USA,Researcher,Master,13,40,16,10,17,54,971,1,79,3,23,204501.0,13.0
KAG_2026_14623,France,ML Engineer,Master,21,42,21,11,19,64,1058,1,96,9,28,179528.0,21.0
KAG_2026_14624,USA,Data Scientist,Master,11,37,8,39,20,56,835,1,78,8,19,186016.0,11.0
KAG_2026_14625,USA,Researcher,Master,16,46,13,36,18,64,1007,1,83,2,23,223295.0,16.0
KAG_2026_14626,USA,Researcher,Master,9,37,14,35,20,67,910,1,68,11,21,208393.0,9.0
KAG_2026_14627,France,ML Engineer,Contributor,12,7,0,4,7,9,356,0,39,4,7,123942.0,12.0
KAG_2026_14628,India,Student,Expert,0,26,3,5,11,38,433,1,35,4,9,0.0,0.0
KAG_2026_14629,Germany,Researcher,Expert,6,22,2,4,11,20,219,1,50,9,10,127129.0,6.0
KAG_2026_14630,India,Researcher,Grandmaster,9,56,20,33,29,112,2842,1,93,5,28,133003.0,9.0
KAG_2026_14631,India,Researcher,Master,9,47,23,18,17,62,1049,1,84,9,26,124007.0,9.0
KAG_2026_14632,USA,Researcher,Expert,12,22,3,7,12,20,429,1,52,2,13,207420.0,12.0
KAG_2026_14633,France,ML Engineer,Contributor,9,20,0,3,14,12,176,0,34,5,6,113398.0,9.0
KAG_2026_14634,USA,Data Scientist,Expert,10,28,3,9,12,22,167,1,56,10,12,179720.0,10.0
KAG_2026_14635,Japan,Data Scientist,Contributor,19,20,0,5,8,14,306,1,55,10,9,171124.0,19.0
KAG_2026_14636,France,Researcher,Master,17,42,8,22,23,57,945,1,85,11,21,157294.0,17.0
KAG_2026_14637,Canada,Researcher,Master,8,36,7,36,21,60,994,1,69,11,17,166434.0,8.0
KAG_2026_14638,Germany,Data Analyst,Contributor,19,15,0,3,13,21,384,1,50,3,9,116322.0,19.0
KAG_2026_14639,France,Data Scientist,Contributor,6,20,0,9,13,14,51,1,24,3,5,100237.0,6.0
KAG_2026_14640,UK,Data Analyst,Expert,17,20,4,1,10,30,422,1,64,10,15,132609.0,17.0
KAG_2026_14641,Canada,Student,Expert,0,26,2,8,16,34,481,1,33,1,9,0.0,0.0
KAG_2026_14642,USA,Student,Novice,2,14,0,0,0,15,3,1,12,1,0,0.0,2.0
KAG_2026_14643,India,Student,Contributor,2,8,0,2,5,11,93,1,29,1,4,0.0,2.0
KAG_2026_14644,USA,Data Analyst,Novice,11,2,0,0,4,16,10,0,24,5,3,104836.0,11.0
KAG_2026_14645,UK,Data Scientist,Master,6,40,21,17,20,69,1013,1,67,11,24,139273.0,6.0
KAG_2026_14646,USA,Data Analyst,Novice,21,4,0,0,0,9,6,1,44,2,6,135767.0,21.0
KAG_2026_14647,India,Data Scientist,Contributor,9,13,0,8,8,21,123,1,34,10,6,83284.0,9.0
KAG_2026_14648,UK,ML Engineer,Master,5,39,10,21,15,59,830,1,62,6,18,134960.0,5.0
KAG_2026_14649,USA,Data Scientist,Grandmaster,13,56,21,17,21,117,2742,1,91,6,30,226872.0,13.0
KAG_2026_14650,France,ML Engineer,Expert,14,31,3,3,14,34,509,1,54,2,13,162069.0,14.0
KAG_2026_14651,India,ML Engineer,Grandmaster,15,53,6,33,26,123,2790,1,96,9,23,149088.0,15.0
KAG_2026_14652,USA,ML Engineer,Expert,15,31,3,4,18,20,209,1,67,2,14,204578.0,15.0
KAG_2026_14653,UK,Researcher,Master,10,41,23,24,24,62,1107,1,83,6,26,159690.0,10.0
KAG_2026_14654,Brazil,Data Scientist,Grandmaster,15,57,18,15,28,122,2771,1,100,7,29,133960.0,15.0
KAG_2026_14655,India,Researcher,Master,6,48,15,23,21,50,971,1,61,2,21,94196.0,6.0
KAG_2026_14656,India,Student,Novice,1,13,0,0,2,10,6,0,4,4,0,0.0,1.0
KAG_2026_14657,India,Student,Novice,2,2,0,0,5,16,0,0,11,3,0,0.0,2.0
KAG_2026_14658,USA,Data Analyst,Novice,8,9,0,0,4,19,4,0,22,2,2,99989.0,8.0
KAG_2026_14659,Germany,Data Analyst,Novice,6,7,0,0,0,7,11,1,19,2,1,63066.0,6.0
KAG_2026_14660,India,Data Analyst,Novice,16,4,0,0,2,14,1,0,33,9,4,80688.0,16.0
KAG_2026_14661,Germany,Data Scientist,Contributor,19,17,0,1,13,13,395,1,51,6,9,161671.0,19.0
KAG_2026_14662,Spain,ML Engineer,Expert,18,27,1,5,12,38,419,1,64,4,13,148736.0,18.0
KAG_2026_14663,Brazil,Student,Master,0,37,20,28,18,63,1096,1,67,4,22,0.0,0.0
KAG_2026_14664,Brazil,Data Analyst,Expert,6,26,2,6,18,21,519,1,54,4,10,57953.0,6.0
KAG_2026_14665,USA,Data Analyst,Expert,7,22,2,2,14,37,316,1,50,5,11,97476.0,7.0
KAG_2026_14666,USA,Data Scientist,Contributor,17,9,0,5,8,14,406,1,53,11,9,189423.0,17.0
KAG_2026_14667,Japan,Data Scientist,Expert,4,29,3,9,14,31,334,1,50,10,10,108071.0,4.0
KAG_2026_14668,USA,Data Analyst,Contributor,15,12,0,2,7,5,66,0,41,9,8,132058.0,15.0
KAG_2026_14669,Brazil,Student,Novice,2,6,0,0,9,9,6,0,6,2,0,0.0,2.0
KAG_2026_14670,Brazil,Researcher,Master,16,44,17,10,24,51,827,1,90,7,25,132250.0,16.0
KAG_2026_14671,Germany,Researcher,Expert,12,26,3,2,18,36,319,1,58,5,13,138795.0,12.0
KAG_2026_14672,UK,Data Scientist,Contributor,14,9,0,4,11,12,387,0,47,8,8,145035.0,14.0
KAG_2026_14673,USA,ML Engineer,Contributor,21,14,0,1,9,22,165,0,51,9,10,202188.0,21.0
KAG_2026_14674,Brazil,ML Engineer,Contributor,6,13,0,1,13,5,42,1,32,4,5,67923.0,6.0
KAG_2026_14675,India,Student,Novice,2,9,0,0,2,9,14,1,16,4,0,6902.0,2.0
KAG_2026_14676,Brazil,Researcher,Master,21,46,13,23,20,54,1056,1,90,11,24,151686.0,21.0
KAG_2026_14677,Brazil,Researcher,Expert,8,25,1,9,12,30,361,1,47,8,10,88437.0,8.0
KAG_2026_14678,India,Researcher,Expert,14,32,3,3,16,37,297,1,56,8,13,117803.0,14.0
KAG_2026_14679,USA,Student,Novice,2,7,0,0,1,12,10,0,3,3,0,0.0,2.0
KAG_2026_14680,Spain,Data Scientist,Expert,9,20,1,9,19,27,300,1,46,9,11,119146.0,9.0
KAG_2026_14681,India,ML Engineer,Master,12,38,10,13,20,62,1129,1,69,4,20,116798.0,12.0
KAG_2026_14682,Germany,Data Scientist,Master,21,41,20,38,18,50,952,1,91,11,28,184358.0,21.0
KAG_2026_14683,Japan,Data Scientist,Expert,21,21,2,3,13,31,308,1,69,4,15,166502.0,21.0
KAG_2026_14684,USA,Data Analyst,Novice,16,6,0,0,5,6,9,1,24,11,4,127055.0,16.0
KAG_2026_14685,UK,Student,Novice,0,2,0,0,3,3,10,0,6,4,0,0.0,0.0
KAG_2026_14686,Canada,Data Scientist,Contributor,21,14,0,9,12,7,111,1,54,11,10,189003.0,21.0
KAG_2026_14687,USA,Researcher,Master,19,36,19,21,21,61,924,1,89,4,27,220818.0,19.0
KAG_2026_14688,UK,Student,Contributor,1,20,0,4,13,9,253,1,25,1,4,0.0,1.0
KAG_2026_14689,India,Data Analyst,Contributor,16,21,0,4,6,22,229,0,40,8,8,95908.0,16.0
KAG_2026_14690,Japan,ML Engineer,Expert,5,26,4,2,17,29,273,1,52,8,11,129471.0,5.0
KAG_2026_14691,Germany,Data Analyst,Novice,10,4,0,0,7,9,11,0,21,8,3,75528.0,10.0
KAG_2026_14692,USA,Researcher,Grandmaster,10,61,5,37,25,112,2846,1,83,8,21,221111.0,10.0
KAG_2026_14693,Germany,Student,Novice,2,2,0,0,6,20,5,1,16,1,0,0.0,2.0
KAG_2026_14694,Japan,Data Scientist,Contributor,4,20,0,3,8,21,199,1,27,4,5,95483.0,4.0
KAG_2026_14695,Brazil,Data Scientist,Contributor,18,9,0,9,6,9,329,0,53,3,9,117404.0,18.0
KAG_2026_14696,Germany,Student,Novice,2,13,0,0,3,9,8,0,16,3,0,0.0,2.0
KAG_2026_14697,India,Student,Novice,2,13,0,0,5,4,0,1,4,1,0,0.0,2.0
KAG_2026_14698,Japan,Data Analyst,Novice,10,14,0,0,8,20,6,0,25,10,3,78422.0,10.0
KAG_2026_14699,USA,Researcher,Expert,17,30,4,8,19,37,274,1,62,6,15,194856.0,17.0
KAG_2026_14700,USA,Data Analyst,Contributor,6,15,0,5,14,21,220,0,35,2,5,100612.0,6.0
KAG_2026_14701,UK,ML Engineer,Contributor,10,15,0,8,11,8,389,0,44,3,7,135155.0,10.0
KAG_2026_14702,USA,Student,Contributor,2,13,0,7,10,22,162,0,23,4,4,0.0,2.0
KAG_2026_14703,USA,ML Engineer,Expert,16,33,4,5,11,20,231,1,64,5,14,192433.0,16.0
KAG_2026_14704,India,Student,Expert,1,22,3,8,13,25,419,1,45,1,9,0.0,1.0
KAG_2026_14705,USA,Researcher,Master,20,49,16,15,22,61,1180,1,88,3,26,232737.0,20.0
KAG_2026_14706,India,Student,Contributor,0,18,0,9,10,13,353,1,15,3,4,0.0,0.0
KAG_2026_14707,India,Researcher,Expert,16,33,3,6,11,22,167,1,63,8,14,119729.0,16.0
KAG_2026_14708,USA,ML Engineer,Expert,8,33,4,5,18,28,505,1,58,5,12,180033.0,8.0
KAG_2026_14709,UK,ML Engineer,Contributor,6,20,0,8,12,23,137,0,24,3,5,122872.0,6.0
KAG_2026_14710,India,Data Scientist,Contributor,10,9,0,5,9,16,255,1,33,8,7,82222.0,10.0
KAG_2026_14711,USA,Data Scientist,Master,10,39,10,22,23,56,1189,1,69,8,20,183003.0,10.0
KAG_2026_14712,Germany,Data Analyst,Contributor,18,11,0,9,5,7,197,0,44,3,9,122184.0,18.0
KAG_2026_14713,USA,Researcher,Expert,5,29,2,7,19,25,237,1,40,8,10,155075.0,5.0
KAG_2026_14714,India,Student,Novice,2,2,0,0,9,17,9,0,10,1,0,0.0,2.0
KAG_2026_14715,India,Researcher,Expert,10,29,4,1,12,34,434,1,61,2,13,112466.0,10.0
KAG_2026_14716,India,ML Engineer,Expert,10,29,2,2,12,24,480,1,57,3,12,106814.0,10.0
KAG_2026_14717,Japan,Student,Contributor,2,16,0,1,13,16,174,1,23,4,4,0.0,2.0
KAG_2026_14718,Canada,Researcher,Grandmaster,15,54,14,20,20,115,2595,1,90,6,27,191561.0,15.0
KAG_2026_14719,Canada,Data Scientist,Expert,12,28,2,7,10,37,307,1,62,8,12,151670.0,12.0
KAG_2026_14720,UK,Student,Novice,0,2,0,0,0,20,14,1,5,1,0,0.0,0.0
KAG_2026_14721,USA,Data Scientist,Expert,15,20,2,5,15,34,266,1,64,9,13,182268.0,15.0
KAG_2026_14722,France,Student,Contributor,0,20,0,6,5,23,276,0,24,1,4,0.0,0.0
KAG_2026_14723,USA,Student,Novice,2,2,0,0,1,11,4,0,6,2,0,0.0,2.0
KAG_2026_14724,Germany,Data Scientist,Expert,19,26,1,5,17,26,418,1,63,5,14,156209.0,19.0
KAG_2026_14725,Germany,Student,Novice,0,14,0,0,5,13,12,0,10,1,0,0.0,0.0
KAG_2026_14726,India,ML Engineer,Master,17,49,20,27,15,55,1062,1,86,3,27,155200.0,17.0
KAG_2026_14727,USA,Student,Expert,0,21,3,5,15,26,326,1,35,1,9,0.0,0.0
KAG_2026_14728,UK,Data Analyst,Novice,9,8,0,0,0,20,14,1,14,6,2,80974.0,9.0
KAG_2026_14729,India,Data Scientist,Expert,7,33,3,9,10,20,212,1,42,11,11,81443.0,7.0
KAG_2026_14730,USA,Researcher,Expert,21,33,1,3,14,23,386,1,68,6,14,221187.0,21.0
KAG_2026_14731,Japan,Researcher,Expert,13,29,3,4,14,34,238,1,64,3,13,161790.0,13.0
KAG_2026_14732,USA,Researcher,Master,13,36,19,18,17,65,1190,1,78,10,25,227512.0,13.0
KAG_2026_14733,France,Data Scientist,Contributor,16,21,0,3,6,21,183,1,42,7,8,138136.0,16.0
KAG_2026_14734,Japan,Student,Novice,0,4,0,0,8,17,6,1,8,4,0,0.0,0.0
KAG_2026_14735,Spain,Researcher,Master,11,46,10,15,21,54,935,1,80,6,20,138194.0,11.0
KAG_2026_14736,India,Student,Contributor,0,15,0,2,11,15,437,0,22,4,4,0.0,0.0
KAG_2026_14737,India,Data Analyst,Contributor,19,20,0,7,14,6,376,0,54,2,9,104227.0,19.0
KAG_2026_14738,Spain,Researcher,Master,10,41,13,35,15,54,1063,1,71,9,21,147192.0,10.0
KAG_2026_14739,USA,Data Analyst,Novice,16,13,0,0,8,20,14,1,34,10,4,128263.0,16.0
KAG_2026_14740,USA,Researcher,Expert,15,31,4,6,17,24,475,1,55,5,14,203331.0,15.0
KAG_2026_14741,Germany,ML Engineer,Expert,20,20,3,5,12,39,347,1,68,10,15,186172.0,20.0
KAG_2026_14742,Germany,Data Analyst,Novice,13,7,0,0,1,20,14,1,24,10,3,97321.0,13.0
KAG_2026_14743,India,Data Analyst,Contributor,6,16,0,3,5,18,53,1,38,8,5,58992.0,6.0
KAG_2026_14744,USA,ML Engineer,Contributor,13,14,0,5,8,15,143,0,36,6,7,205565.0,13.0
KAG_2026_14745,UK,Data Scientist,Master,19,42,10,26,24,51,831,1,90,11,22,169010.0,19.0
KAG_2026_14746,USA,ML Engineer,Contributor,9,21,0,5,6,10,294,1,30,11,6,194195.0,9.0
KAG_2026_14747,Spain,Data Analyst,Novice,12,11,0,0,5,10,9,1,26,4,3,73870.0,12.0
KAG_2026_14748,Germany,Data Analyst,Contributor,19,15,0,9,12,9,287,1,51,2,9,131371.0,19.0
KAG_2026_14749,Canada,Student,Novice,2,2,0,0,8,3,8,0,9,1,0,0.0,2.0
KAG_2026_14750,India,Researcher,Expert,10,29,2,6,11,29,456,1,59,3,12,98663.0,10.0
KAG_2026_14751,India,Data Analyst,Novice,17,2,0,0,0,13,0,1,37,8,5,83124.0,17.0
KAG_2026_14752,Brazil,Data Analyst,Novice,6,6,0,0,3,2,13,0,21,8,1,42381.0,6.0
KAG_2026_14753,France,Researcher,Master,19,38,22,16,23,51,1172,1,95,11,28,196242.0,19.0
KAG_2026_14754,India,Data Scientist,Contributor,19,18,0,1,10,13,227,0,44,4,9,120259.0,19.0
KAG_2026_14755,Nigeria,Data Analyst,Contributor,8,19,0,9,13,20,40,1,33,2,6,52886.0,8.0
KAG_2026_14756,USA,Data Scientist,Contributor,14,17,0,4,11,14,306,1,39,5,8,182211.0,14.0
KAG_2026_14757,USA,ML Engineer,Contributor,15,8,0,4,8,23,48,0,47,2,8,207630.0,15.0
KAG_2026_14758,Brazil,Data Analyst,Novice,16,7,0,0,4,18,5,1,38,5,4,85792.0,16.0
KAG_2026_14759,India,ML Engineer,Expert,15,21,1,8,14,26,231,1,55,4,13,128087.0,15.0
KAG_2026_14760,USA,Researcher,Grandmaster,15,55,5,27,27,115,2516,1,97,7,23,223975.0,15.0
KAG_2026_14761,India,Data Analyst,Novice,19,10,0,0,5,13,13,0,35,5,5,97620.0,19.0
KAG_2026_14762,USA,Data Scientist,Contributor,14,15,0,2,11,13,43,1,39,11,8,187686.0,14.0
KAG_2026_14763,Canada,ML Engineer,Contributor,21,13,0,4,7,23,117,1,49,3,10,188430.0,21.0
KAG_2026_14764,UK,Student,Novice,1,7,0,0,3,6,12,0,14,3,0,8372.0,1.0
KAG_2026_14765,Germany,Researcher,Expert,18,24,2,4,16,30,405,1,64,8,14,181678.0,18.0
KAG_2026_14766,USA,Data Analyst,Contributor,10,7,0,6,14,11,391,1,43,2,7,102018.0,10.0
KAG_2026_14767,Japan,Data Scientist,Contributor,16,10,0,6,5,5,287,1,42,11,8,145648.0,16.0
KAG_2026_14768,Nigeria,ML Engineer,Contributor,9,14,0,6,12,22,350,0,31,11,6,80403.0,9.0
KAG_2026_14769,Germany,Data Scientist,Contributor,6,17,0,8,8,19,48,1,24,4,5,124514.0,6.0
KAG_2026_14770,USA,Student,Novice,2,10,0,0,7,10,8,1,8,3,0,0.0,2.0
KAG_2026_14771,USA,Data Analyst,Novice,6,6,0,0,1,1,8,0,10,2,1,79114.0,6.0
KAG_2026_14772,Canada,Data Scientist,Grandmaster,14,61,13,28,25,129,2616,1,100,4,26,183335.0,14.0
KAG_2026_14773,USA,Data Scientist,Contributor,15,11,0,6,13,24,291,1,43,10,8,205095.0,15.0
KAG_2026_14774,Canada,Data Analyst,Master,18,43,9,19,22,68,889,1,79,7,21,152700.0,18.0
KAG_2026_14775,Germany,Data Scientist,Grandmaster,14,62,12,10,26,120,2857,1,90,9,26,162768.0,14.0
KAG_2026_14776,Nigeria,Student,Novice,0,12,0,0,9,14,5,0,11,1,0,14921.0,0.0
KAG_2026_14777,Japan,Researcher,Expert,12,21,3,9,18,24,176,1,60,5,13,149827.0,12.0
KAG_2026_14778,Japan,Data Analyst,Grandmaster,13,50,15,13,29,125,2635,1,95,5,27,139812.0,13.0
KAG_2026_14779,Nigeria,Data Scientist,Expert,13,30,2,4,11,39,224,1,64,5,12,108674.0,13.0
KAG_2026_14780,UK,Data Analyst,Novice,19,12,0,0,0,13,4,1,32,2,5,120763.0,19.0
KAG_2026_14781,UK,Student,Grandmaster,2,62,9,34,29,118,2616,1,67,3,21,0.0,2.0
KAG_2026_14782,USA,Student,Novice,2,11,0,0,8,8,5,0,13,3,0,8115.0,2.0
KAG_2026_14783,Japan,Student,Novice,0,5,0,0,1,3,14,1,3,2,0,0.0,0.0
KAG_2026_14784,USA,Data Analyst,Contributor,20,7,0,3,11,7,222,1,53,2,10,138075.0,20.0
KAG_2026_14785,USA,Data Scientist,Expert,19,21,2,2,12,38,154,1,70,6,14,222206.0,19.0
KAG_2026_14786,India,Researcher,Master,20,49,17,10,19,51,939,1,89,11,26,138690.0,20.0
KAG_2026_14787,Canada,Researcher,Expert,10,25,2,8,11,37,532,1,50,3,12,153666.0,10.0
KAG_2026_14788,USA,Data Scientist,Contributor,19,9,0,4,12,12,214,1,55,9,9,190600.0,19.0
KAG_2026_14789,USA,Researcher,Expert,6,34,4,9,19,38,404,1,41,9,11,156036.0,6.0
KAG_2026_14790,Japan,Student,Novice,1,7,0,0,3,18,8,1,3,2,0,0.0,1.0
KAG_2026_14791,Brazil,ML Engineer,Expert,15,27,2,5,10,31,276,1,57,3,13,124405.0,15.0
KAG_2026_14792,Canada,Data Analyst,Contributor,21,7,0,7,12,12,371,1,55,10,10,143900.0,21.0
KAG_2026_14793,USA,ML Engineer,Expert,9,22,2,9,19,32,240,1,46,4,11,181248.0,9.0
KAG_2026_14794,USA,Data Scientist,Contributor,4,10,0,4,11,9,223,1,25,7,5,133867.0,4.0
KAG_2026_14795,India,Data Analyst,Novice,16,5,0,0,2,2,7,0,27,10,4,76774.0,16.0
KAG_2026_14796,Canada,Data Scientist,Contributor,3,15,0,4,11,12,89,0,25,8,4,106982.0,3.0
KAG_2026_14797,India,ML Engineer,Expert,16,30,3,1,10,31,277,1,56,11,14,131313.0,16.0
KAG_2026_14798,Germany,Data Scientist,Contributor,17,17,0,9,13,5,273,1,53,8,9,160333.0,17.0
KAG_2026_14799,USA,Student,Novice,2,13,0,0,6,13,11,1,6,1,0,0.0,2.0
KAG_2026_14800,Spain,ML Engineer,Contributor,17,13,0,2,10,23,114,1,46,7,9,137723.0,17.0
KAG_2026_14801,India,ML Engineer,Contributor,6,15,0,6,5,22,212,0,24,10,5,76877.0,6.0
KAG_2026_14802,Germany,Student,Novice,1,8,0,0,2,5,5,0,2,3,0,0.0,1.0
KAG_2026_14803,Canada,Student,Novice,0,2,0,0,2,20,2,0,13,4,0,0.0,0.0
KAG_2026_14804,India,Researcher,Grandmaster,20,61,14,27,23,124,2634,1,100,3,29,172986.0,20.0
KAG_2026_14805,USA,ML Engineer,Expert,13,27,3,6,18,32,532,1,52,2,13,193489.0,13.0
KAG_2026_14806,Japan,Data Scientist,Contributor,8,7,0,4,5,6,324,0,27,3,6,123421.0,8.0
KAG_2026_14807,India,Student,Novice,2,13,0,0,9,15,13,1,15,1,0,0.0,2.0
KAG_2026_14808,UK,Data Scientist,Contributor,15,21,0,2,9,6,236,1,41,10,8,136743.0,15.0
KAG_2026_14809,USA,Data Scientist,Expert,6,30,4,8,18,23,232,1,47,10,11,160416.0,6.0
KAG_2026_14810,Brazil,ML Engineer,Master,12,46,9,22,16,54,865,1,77,11,20,111752.0,12.0
KAG_2026_14811,Japan,Data Scientist,Contributor,8,16,0,7,13,19,156,0,37,7,6,113886.0,8.0
KAG_2026_14812,Germany,Student,Expert,0,28,2,4,14,25,472,1,32,2,9,0.0,0.0
KAG_2026_14813,Japan,ML Engineer,Expert,4,33,4,5,18,39,151,1,49,3,11,121464.0,4.0
KAG_2026_14814,France,Researcher,Expert,17,21,1,7,13,31,179,1,63,11,13,173380.0,17.0
KAG_2026_14815,India,ML Engineer,Contributor,6,18,0,8,12,5,279,1,27,4,5,84593.0,6.0
KAG_2026_14816,India,Data Scientist,Expert,13,21,1,2,15,28,155,1,61,2,12,111404.0,13.0
KAG_2026_14817,India,Student,Contributor,1,7,0,4,13,16,196,0,25,4,4,0.0,1.0
KAG_2026_14818,Canada,Data Scientist,Master,7,45,13,34,23,55,1136,1,71,3,20,154789.0,7.0
KAG_2026_14819,USA,Data Scientist,Master,21,46,9,30,17,56,904,1,83,4,22,249043.0,21.0
KAG_2026_14820,India,ML Engineer,Grandmaster,6,64,22,39,29,112,2689,1,82,3,28,112187.0,6.0
KAG_2026_14821,Spain,Data Scientist,Expert,18,32,3,2,16,26,206,1,69,10,14,140512.0,18.0
KAG_2026_14822,USA,ML Engineer,Contributor,16,16,0,7,7,7,344,0,43,6,8,215638.0,16.0
KAG_2026_14823,USA,Data Scientist,Contributor,21,11,0,9,11,7,232,1,50,6,10,223623.0,21.0
KAG_2026_14824,UK,Data Analyst,Grandmaster,13,63,5,25,28,127,2736,1,84,10,22,121052.0,13.0
KAG_2026_14825,USA,Data Analyst,Novice,18,7,0,0,5,2,8,0,36,9,5,138769.0,18.0
KAG_2026_14826,Germany,Data Analyst,Contributor,11,18,0,7,8,14,192,0,41,4,7,101376.0,11.0
KAG_2026_14827,India,Researcher,Expert,9,24,3,1,16,26,268,1,55,3,12,89750.0,9.0
KAG_2026_14828,UK,Data Analyst,Contributor,7,7,0,5,11,5,63,1,28,5,6,85200.0,7.0
KAG_2026_14829,India,Researcher,Expert,21,34,4,4,11,38,471,1,71,9,16,151918.0,21.0
KAG_2026_14830,USA,ML Engineer,Master,8,45,7,39,19,52,961,1,72,9,17,193719.0,8.0
KAG_2026_14831,UK,ML Engineer,Contributor,16,10,0,4,6,10,330,1,53,9,8,165085.0,16.0
KAG_2026_14832,Brazil,Student,Novice,0,12,0,0,3,10,1,0,8,3,0,14303.0,0.0
KAG_2026_14833,USA,ML Engineer,Expert,10,31,2,8,13,32,281,1,51,10,12,205381.0,10.0
KAG_2026_14834,India,Data Scientist,Expert,14,33,3,8,16,27,448,1,58,5,13,118388.0,14.0
KAG_2026_14835,India,Data Analyst,Novice,5,2,0,0,6,17,0,1,11,10,1,39405.0,5.0
KAG_2026_14836,India,ML Engineer,Expert,19,24,2,2,13,37,386,1,67,7,14,126111.0,19.0
KAG_2026_14837,India,Data Analyst,Novice,8,12,0,0,1,14,8,1,25,7,2,57379.0,8.0
KAG_2026_14838,Germany,Data Analyst,Novice,4,10,0,0,9,17,9,1,9,9,1,63978.0,4.0
KAG_2026_14839,USA,Student,Novice,1,2,0,0,0,6,12,1,1,2,0,0.0,1.0
KAG_2026_14840,France,ML Engineer,Expert,21,30,3,7,18,31,184,1,77,3,15,164394.0,21.0
KAG_2026_14841,UK,Researcher,Grandmaster,8,61,13,29,29,118,2552,1,83,11,24,151859.0,8.0
KAG_2026_14842,USA,Data Scientist,Expert,17,23,1,7,10,24,522,1,61,2,13,182522.0,17.0
KAG_2026_14843,Germany,ML Engineer,Expert,8,30,2,8,15,22,275,1,57,5,11,154156.0,8.0
KAG_2026_14844,Germany,Data Analyst,Novice,18,9,0,0,3,17,6,0,29,7,5,100208.0,18.0
KAG_2026_14845,India,Researcher,Expert,21,31,2,6,19,28,405,1,73,7,15,150458.0,21.0
KAG_2026_14846,USA,Researcher,Master,10,40,8,28,22,53,871,1,70,2,19,196298.0,10.0
KAG_2026_14847,Canada,ML Engineer,Grandmaster,10,52,10,29,25,111,2788,1,82,4,24,164410.0,10.0
KAG_2026_14848,UK,Student,Contributor,2,19,0,5,7,11,355,1,21,1,4,0.0,2.0
KAG_2026_14849,Germany,ML Engineer,Expert,17,32,4,8,17,24,420,1,67,3,15,184295.0,17.0
KAG_2026_14850,Germany,Researcher,Expert,21,22,4,4,13,35,349,1,71,6,16,178352.0,21.0
KAG_2026_14851,France,Data Analyst,Master,8,35,12,18,15,56,1053,1,74,5,20,107758.0,8.0
KAG_2026_14852,Germany,Researcher,Expert,17,26,1,7,11,37,497,1,67,4,13,160950.0,17.0
KAG_2026_14853,USA,Researcher,Expert,7,25,2,2,19,34,457,1,47,5,11,169851.0,7.0
KAG_2026_14854,India,Data Scientist,Contributor,3,21,0,7,12,9,211,1,29,11,4,69251.0,3.0
KAG_2026_14855,USA,Data Analyst,Novice,11,10,0,0,9,11,4,1,21,11,3,100046.0,11.0
KAG_2026_14856,Canada,Data Scientist,Contributor,14,21,0,5,5,10,194,1,44,6,8,150982.0,14.0
KAG_2026_14857,USA,Data Scientist,Expert,18,34,4,8,12,25,383,1,73,8,15,227098.0,18.0
KAG_2026_14858,USA,Researcher,Master,5,46,5,21,19,67,810,1,63,11,16,186148.0,5.0
KAG_2026_14859,India,Data Analyst,Novice,5,12,0,0,2,13,11,1,13,4,1,38573.0,5.0
KAG_2026_14860,India,Data Scientist,Expert,7,24,4,3,12,31,508,1,54,3,12,85955.0,7.0
KAG_2026_14861,India,Student,Contributor,0,8,0,1,8,24,197,0,24,3,4,0.0,0.0
KAG_2026_14862,USA,Researcher,Expert,14,33,1,8,12,20,269,1,58,2,12,211984.0,14.0
KAG_2026_14863,USA,Researcher,Master,15,47,5,23,16,50,853,1,79,10,19,196038.0,15.0
KAG_2026_14864,USA,ML Engineer,Grandmaster,21,60,11,18,26,119,2782,1,97,10,27,234127.0,21.0
KAG_2026_14865,USA,ML Engineer,Expert,13,21,3,7,17,21,514,1,59,11,13,219410.0,13.0
KAG_2026_14866,Canada,Data Scientist,Expert,12,34,2,7,15,21,157,1,62,2,12,163715.0,12.0
KAG_2026_14867,Germany,Data Scientist,Expert,10,25,2,6,10,23,434,1,50,8,12,135729.0,10.0
KAG_2026_14868,Germany,Data Scientist,Expert,15,27,3,4,18,37,304,1,55,11,14,156301.0,15.0
KAG_2026_14869,India,Data Scientist,Contributor,8,21,0,2,9,7,371,1,34,5,6,89417.0,8.0
KAG_2026_14870,Germany,Data Scientist,Expert,13,27,4,7,19,21,201,1,62,4,13,152702.0,13.0
KAG_2026_14871,India,Data Scientist,Contributor,6,9,0,1,10,22,180,1,26,8,5,71658.0,6.0
KAG_2026_14872,Canada,Student,Expert,1,30,4,4,14,34,373,1,34,4,10,0.0,1.0
KAG_2026_14873,Canada,Researcher,Master,7,46,8,25,19,69,948,1,72,5,18,159065.0,7.0
KAG_2026_14874,Brazil,ML Engineer,Contributor,4,10,0,1,5,5,204,1,34,6,5,66838.0,4.0
KAG_2026_14875,Canada,Researcher,Master,11,44,9,13,17,57,1110,1,74,7,19,156172.0,11.0
KAG_2026_14876,Germany,ML Engineer,Contributor,17,19,0,2,9,24,331,1,54,3,9,177637.0,17.0
KAG_2026_14877,India,Researcher,Expert,4,27,3,2,12,37,288,1,39,11,10,84319.0,4.0
KAG_2026_14878,USA,Student,Contributor,2,18,0,7,8,12,195,1,22,4,4,0.0,2.0
KAG_2026_14879,Germany,ML Engineer,Grandmaster,14,62,16,26,20,123,2861,1,96,7,28,201514.0,14.0
KAG_2026_14880,UK,Researcher,Grandmaster,10,51,12,16,26,126,2895,1,91,9,25,152484.0,10.0
KAG_2026_14881,Canada,Data Scientist,Expert,9,26,4,5,18,38,199,1,53,7,12,146995.0,9.0
KAG_2026_14882,Germany,Data Analyst,Novice,12,14,0,0,2,6,10,1,26,7,3,90566.0,12.0
KAG_2026_14883,India,Data Analyst,Master,14,35,6,19,19,60,1101,1,82,2,19,108709.0,14.0
KAG_2026_14884,USA,ML Engineer,Master,9,49,10,33,21,54,1007,1,68,11,19,184501.0,9.0
KAG_2026_14885,India,Researcher,Master,21,46,22,39,17,57,971,1,95,6,29,173335.0,21.0
KAG_2026_14886,USA,ML Engineer,Contributor,14,13,0,5,6,19,157,0,46,8,8,187641.0,14.0
KAG_2026_14887,India,Data Analyst,Novice,2,5,0,0,0,11,9,0,14,11,0,33367.0,2.0
KAG_2026_14888,Canada,ML Engineer,Expert,9,21,3,2,10,34,303,1,57,9,12,153645.0,9.0
KAG_2026_14889,India,ML Engineer,Grandmaster,19,62,17,30,28,126,2713,1,100,3,30,169155.0,19.0
KAG_2026_14890,India,Data Analyst,Contributor,8,12,0,2,8,5,282,0,39,11,6,64092.0,8.0
KAG_2026_14891,USA,Researcher,Expert,19,21,1,2,11,21,396,1,72,10,14,223448.0,19.0
KAG_2026_14892,Spain,Student,Novice,1,2,0,0,9,19,8,1,10,4,0,8622.0,1.0
KAG_2026_14893,France,Data Scientist,Master,18,36,16,26,16,58,1147,1,80,8,25,179797.0,18.0
KAG_2026_14894,USA,Student,Contributor,2,21,0,3,13,16,204,0,22,2,4,0.0,2.0
KAG_2026_14895,Japan,Data Analyst,Novice,10,5,0,0,1,20,8,1,27,6,3,76667.0,10.0
KAG_2026_14896,Canada,Student,Master,2,35,7,18,19,53,1063,1,61,3,16,0.0,2.0
KAG_2026_14897,India,Data Analyst,Novice,12,6,0,0,2,12,6,0,19,11,3,67830.0,12.0
KAG_2026_14898,France,Data Analyst,Contributor,15,9,0,9,10,17,195,0,51,10,8,92282.0,15.0
KAG_2026_14899,UK,ML Engineer,Contributor,6,14,0,1,12,13,49,1,28,9,5,112637.0,6.0
KAG_2026_14900,Germany,Researcher,Master,9,37,14,17,15,61,879,1,76,7,21,165956.0,9.0
KAG_2026_14901,Germany,Student,Contributor,2,18,0,7,9,15,140,0,28,4,4,0.0,2.0
KAG_2026_14902,USA,Researcher,Expert,4,20,2,9,15,25,332,1,48,3,10,178002.0,4.0
KAG_2026_14903,India,Data Scientist,Contributor,10,20,0,3,10,6,222,0,43,7,7,93577.0,10.0
KAG_2026_14904,India,Data Scientist,Expert,8,21,4,9,12,20,444,1,54,7,12,93671.0,8.0
KAG_2026_14905,Germany,ML Engineer,Expert,20,33,2,6,10,30,387,1,65,4,15,177943.0,20.0
KAG_2026_14906,France,ML Engineer,Contributor,16,14,0,1,13,11,166,0,45,6,8,165099.0,16.0
KAG_2026_14907,Germany,Data Scientist,Expert,17,29,3,5,18,22,436,1,59,5,14,170066.0,17.0
KAG_2026_14908,USA,ML Engineer,Expert,7,24,1,8,14,38,249,1,53,4,10,163489.0,7.0
KAG_2026_14909,India,Researcher,Expert,12,25,4,3,11,27,210,1,63,7,13,105303.0,12.0
KAG_2026_14910,India,Student,Master,0,43,12,18,23,54,1137,1,61,3,18,0.0,0.0
KAG_2026_14911,Brazil,Data Scientist,Grandmaster,17,54,19,14,24,111,2525,1,95,4,30,137300.0,17.0
KAG_2026_14912,France,Data Analyst,Contributor,19,11,0,5,9,10,78,1,48,10,9,112321.0,19.0
KAG_2026_14913,Canada,Data Scientist,Contributor,4,18,0,5,6,8,130,0,35,5,5,111070.0,4.0
KAG_2026_14914,UK,Researcher,Master,8,36,16,12,21,52,900,1,78,2,22,147282.0,8.0
KAG_2026_14915,Nigeria,ML Engineer,Expert,5,21,4,3,14,34,541,1,44,5,11,71081.0,5.0
KAG_2026_14916,India,Student,Contributor,1,15,0,1,14,15,113,0,18,2,4,0.0,1.0
KAG_2026_14917,Germany,ML Engineer,Contributor,14,17,0,9,12,9,389,0,38,4,8,148592.0,14.0
KAG_2026_14918,USA,Data Analyst,Contributor,14,17,0,6,10,16,157,0,45,10,8,123249.0,14.0
KAG_2026_14919,Germany,Researcher,Master,14,48,23,39,16,63,893,1,91,9,27,169102.0,14.0
KAG_2026_14920,Japan,Student,Novice,1,10,0,0,6,4,12,1,6,2,0,0.0,1.0
KAG_2026_14921,India,Data Analyst,Novice,15,11,0,0,5,6,1,1,34,10,4,80393.0,15.0
KAG_2026_14922,UK,Researcher,Grandmaster,15,54,18,30,21,111,2751,1,97,11,29,181605.0,15.0
KAG_2026_14923,Canada,Researcher,Expert,5,32,3,9,11,21,525,1,52,10,11,140945.0,5.0
KAG_2026_14924,India,Researcher,Expert,9,26,2,3,18,29,373,1,48,10,11,100633.0,9.0
KAG_2026_14925,Germany,Researcher,Grandmaster,11,59,20,35,25,116,2681,1,97,4,29,178349.0,11.0
KAG_2026_14926,USA,Data Analyst,Novice,14,11,0,0,5,6,3,1,29,7,4,126305.0,14.0
KAG_2026_14927,India,Data Analyst,Novice,2,5,0,0,2,11,11,1,12,2,0,31538.0,2.0
KAG_2026_14928,India,Student,Novice,1,12,0,0,2,11,1,1,10,1,0,0.0,1.0
KAG_2026_14929,USA,Data Analyst,Novice,5,3,0,0,6,5,10,0,7,10,1,89607.0,5.0
KAG_2026_14930,France,Student,Contributor,0,7,0,7,12,9,74,1,19,3,4,0.0,0.0
KAG_2026_14931,UK,Data Analyst,Contributor,19,17,0,5,11,13,104,1,44,5,9,111790.0,19.0
KAG_2026_14932,Brazil,ML Engineer,Master,20,47,15,37,24,67,1121,1,89,4,25,158964.0,20.0
KAG_2026_14933,Japan,Data Scientist,Contributor,14,20,0,6,13,16,354,0,46,9,8,141172.0,14.0
KAG_2026_14934,USA,ML Engineer,Contributor,21,18,0,6,14,8,241,1,57,5,10,240099.0,21.0
KAG_2026_14935,France,Data Analyst,Expert,15,27,1,4,14,23,491,1,55,11,13,109110.0,15.0
KAG_2026_14936,Brazil,Student,Contributor,0,12,0,5,9,9,326,0,15,2,4,0.0,0.0
KAG_2026_14937,France,ML Engineer,Contributor,6,13,0,7,14,10,95,1,32,11,5,119046.0,6.0
KAG_2026_14938,Nigeria,Student,Master,0,39,8,23,19,53,992,1,60,3,16,0.0,0.0
KAG_2026_14939,Germany,ML Engineer,Master,11,49,17,28,16,64,1105,1,73,3,23,154572.0,11.0
KAG_2026_14940,USA,Researcher,Expert,13,20,1,6,12,30,472,1,58,7,12,185953.0,13.0
KAG_2026_14941,Japan,Data Analyst,Contributor,10,19,0,6,6,20,260,1,36,3,7,78037.0,10.0
KAG_2026_14942,Spain,Data Scientist,Expert,20,21,2,7,14,20,243,1,61,9,15,139891.0,20.0
KAG_2026_14943,India,Researcher,Expert,11,29,2,6,14,39,427,1,61,7,12,98264.0,11.0
KAG_2026_14944,UK,Student,Expert,2,21,2,4,19,37,322,1,46,3,9,0.0,2.0
KAG_2026_14945,Nigeria,Data Scientist,Contributor,10,8,0,9,5,20,121,1,32,3,7,83740.0,10.0
KAG_2026_14946,Japan,Researcher,Master,10,42,20,21,21,68,1106,1,79,8,25,145311.0,10.0
KAG_2026_14947,Spain,Data Scientist,Grandmaster,19,61,10,31,28,123,2726,1,97,2,26,169359.0,19.0
KAG_2026_14948,India,Data Scientist,Contributor,5,11,0,6,8,8,110,0,31,2,5,71299.0,5.0
KAG_2026_14949,USA,Data Scientist,Expert,13,31,2,9,13,28,417,1,60,3,12,178816.0,13.0
KAG_2026_14950,UK,Data Analyst,Novice,3,4,0,0,1,18,5,1,17,2,0,61122.0,3.0
KAG_2026_14951,USA,Data Analyst,Novice,4,3,0,0,5,5,10,0,15,5,1,79010.0,4.0
KAG_2026_14952,UK,Student,Novice,0,14,0,0,4,14,9,0,6,1,0,0.0,0.0
KAG_2026_14953,UK,Student,Contributor,1,12,0,7,11,9,95,0,19,3,4,0.0,1.0
KAG_2026_14954,India,Researcher,Grandmaster,12,56,17,26,28,123,2648,1,87,4,28,125495.0,12.0
KAG_2026_14955,Canada,Data Analyst,Novice,5,11,0,0,5,11,1,0,19,4,1,70962.0,5.0
KAG_2026_14956,India,Data Scientist,Master,18,37,23,11,16,60,886,1,95,3,28,150434.0,18.0
KAG_2026_14957,USA,Data Analyst,Novice,18,12,0,0,3,12,1,0,34,4,5,127544.0,18.0
KAG_2026_14958,India,Researcher,Master,7,40,11,16,15,52,1106,1,73,6,19,100280.0,7.0
KAG_2026_14959,France,ML Engineer,Contributor,10,13,0,9,6,13,411,0,36,9,7,130938.0,10.0
KAG_2026_14960,Spain,Student,Contributor,1,16,0,2,11,7,323,1,30,3,4,0.0,1.0
KAG_2026_14961,Germany,Researcher,Expert,12,23,2,4,16,38,183,1,59,2,12,142220.0,12.0
KAG_2026_14962,USA,Student,Contributor,1,10,0,4,13,23,63,1,21,3,4,0.0,1.0
KAG_2026_14963,India,Researcher,Grandmaster,18,61,24,36,20,120,2557,1,100,5,33,160497.0,18.0
KAG_2026_14964,USA,Researcher,Master,6,42,10,31,18,61,1145,1,59,11,18,169562.0,6.0
KAG_2026_14965,France,Student,Expert,1,27,2,2,10,35,354,1,39,4,9,0.0,1.0
KAG_2026_14966,India,Data Scientist,Expert,14,30,2,1,10,21,424,1,52,9,13,122148.0,14.0
KAG_2026_14967,India,ML Engineer,Contributor,3,7,0,2,11,12,117,1,22,4,4,71792.0,3.0
KAG_2026_14968,India,Data Scientist,Expert,8,25,4,7,11,26,268,1,52,7,12,102359.0,8.0
KAG_2026_14969,India,Researcher,Grandmaster,12,50,6,15,21,128,2831,1,90,10,22,117941.0,12.0
KAG_2026_14970,Japan,Data Scientist,Grandmaster,18,57,17,35,25,117,2888,1,100,7,29,196057.0,18.0
KAG_2026_14971,USA,Data Scientist,Master,11,43,20,21,23,56,947,1,77,4,25,181268.0,11.0
KAG_2026_14972,Spain,Data Scientist,Grandmaster,13,51,22,22,23,110,2528,1,98,4,30,157653.0,13.0
KAG_2026_14973,Canada,Data Scientist,Contributor,6,8,0,9,7,22,395,1,35,7,5,118484.0,6.0
KAG_2026_14974,Nigeria,Data Scientist,Contributor,17,19,0,6,8,23,46,0,46,4,9,98838.0,17.0
KAG_2026_14975,Nigeria,Student,Contributor,0,18,0,8,11,10,136,1,27,2,4,6377.0,0.0
KAG_2026_14976,Canada,Data Scientist,Expert,19,32,4,3,10,28,499,1,68,8,15,178143.0,19.0
KAG_2026_14977,Germany,Student,Novice,1,9,0,0,6,18,9,1,1,1,0,0.0,1.0
KAG_2026_14978,Brazil,ML Engineer,Expert,17,34,2,9,17,27,446,1,63,4,14,112940.0,17.0
KAG_2026_14979,Germany,Student,Novice,1,2,0,0,9,4,1,1,10,1,0,0.0,1.0
KAG_2026_14980,UK,Student,Novice,1,6,0,0,7,5,5,0,3,1,0,0.0,1.0
KAG_2026_14981,USA,Data Scientist,Contributor,7,20,0,7,6,9,91,1,25,6,6,160473.0,7.0
KAG_2026_14982,India,ML Engineer,Contributor,13,12,0,5,12,24,145,1,48,2,7,108641.0,13.0
KAG_2026_14983,Nigeria,ML Engineer,Contributor,21,19,0,5,12,23,126,1,54,5,10,113912.0,21.0
KAG_2026_14984,Spain,Data Analyst,Novice,5,2,0,0,4,19,10,1,7,3,1,50550.0,5.0
KAG_2026_14985,India,Data Scientist,Contributor,18,15,0,7,9,9,232,1,47,4,9,110499.0,18.0
KAG_2026_14986,Nigeria,Data Scientist,Contributor,19,20,0,8,10,11,236,1,43,7,9,114337.0,19.0
KAG_2026_14987,USA,ML Engineer,Master,14,35,12,38,18,66,1156,1,73,2,22,217078.0,14.0
KAG_2026_14988,India,Data Scientist,Contributor,8,19,0,5,12,7,333,0,37,8,6,79819.0,8.0
KAG_2026_14989,UK,Data Analyst,Novice,5,2,0,0,9,9,11,0,15,9,1,67991.0,5.0
KAG_2026_14990,Spain,Researcher,Expert,8,21,2,4,19,22,539,1,46,6,11,114821.0,8.0
KAG_2026_14991,India,Researcher,Expert,18,24,1,4,17,31,544,1,71,2,13,133698.0,18.0
KAG_2026_14992,India,ML Engineer,Contributor,12,15,0,2,10,16,257,0,40,8,7,108605.0,12.0
KAG_2026_14993,Japan,Data Scientist,Contributor,9,12,0,1,5,16,106,0,29,8,6,111581.0,9.0
KAG_2026_14994,Brazil,Data Scientist,Contributor,9,13,0,7,14,20,151,1,31,6,6,81938.0,9.0
KAG_2026_14995,Germany,ML Engineer,Contributor,19,18,0,8,13,8,259,1,55,9,9,169398.0,19.0
KAG_2026_14996,Nigeria,ML Engineer,Contributor,11,9,0,6,11,16,208,0,39,6,7,82307.0,11.0
KAG_2026_14997,Spain,ML Engineer,Contributor,5,15,0,3,14,10,85,0,30,3,5,103526.0,5.0
KAG_2026_14998,Spain,ML Engineer,Master,6,48,11,36,15,61,1020,1,66,11,19,124801.0,6.0
KAG_2026_14999,India,Student,Contributor,1,18,0,4,12,19,432,0,24,2,4,0.0,1.0
