course,job_profession,student,linguistic,musical,bodily,logical_mathematical,spatial_visualization,interpersonal,intrapersonal,naturalist,s_p,p1,p2,p3,p4,p5,p6,p7,p8,student_id,target_profession
,"Astronomer
",S1,11,5,12,16,17,11,18,19,s1,AVG,POOR,AVG,BEST,BEST,AVG,BEST,BEST,student_0,astronomer
,"Astronomer
",S2,12,6,12,16,16,11,18,19,s2,AVG,POOR,AVG,BEST,BEST,AVG,BEST,BEST,student_1,astronomer
,"Astronomer
",S3,13,7,12,16,15,11,18,19,s3,AVG,POOR,AVG,BEST,BEST,AVG,BEST,BEST,student_2,astronomer
,"Astronomer
",S4,14,8,12,16,19,11,18,19,s4,AVG,POOR,AVG,BEST,BEST,AVG,BEST,BEST,student_3,astronomer
,"Astronomer
",S5,13,9,12,16,20,11,19,19,s5,AVG,POOR,AVG,BEST,BEST,AVG,BEST,BEST,student_4,astronomer
,"Astronomer
",S6,12,8,12,16,17,11,19,19,s6,AVG,POOR,AVG,BEST,BEST,AVG,BEST,BEST,student_5,astronomer
,"Astronomer
",S7,11,7,12,16,16,11,19,19,s7,AVG,POOR,AVG,BEST,BEST,AVG,BEST,BEST,student_6,astronomer
,"Astronomer
",S8,14,6,12,16,15,11,19,19,s8,AVG,POOR,AVG,BEST,BEST,AVG,BEST,BEST,student_7,astronomer
,"Astronomer
",S9,11,5,12,16,19,11,19,19,s9,AVG,POOR,AVG,BEST,BEST,AVG,BEST,BEST,student_8,astronomer
,"Astronomer
",S10,12,5,13,16,20,12,19,19,s10,AVG,POOR,AVG,BEST,BEST,AVG,BEST,BEST,student_9,astronomer
,"Astronomer
",S11,13,6,13,16,17,12,19,19,s11,AVG,POOR,AVG,BEST,BEST,AVG,BEST,BEST,student_10,astronomer
,"Astronomer
",S12,14,7,13,16,16,12,19,19,s12,AVG,POOR,AVG,BEST,BEST,AVG,BEST,BEST,student_11,astronomer
,"Astronomer
",S13,13,8,13,17,15,12,19,19,s13,AVG,POOR,AVG,BEST,BEST,AVG,BEST,BEST,student_12,astronomer
,"Astronomer
",S14,12,9,13,17,19,12,19,19,s14,AVG,POOR,AVG,BEST,BEST,AVG,BEST,BEST,student_13,astronomer
,"Astronomer
",S15,11,8,13,17,20,12,19,18,s15,AVG,POOR,AVG,BEST,BEST,AVG,BEST,BEST,student_14,astronomer
,"Astronomer
",S16,14,7,13,17,15,12,19,18,s16,AVG,POOR,AVG,BEST,BEST,AVG,BEST,BEST,student_15,astronomer
,"Astronomer
",S17,11,6,13,17,15,12,20,18,s17,AVG,POOR,AVG,BEST,BEST,AVG,BEST,BEST,student_16,astronomer
,"Astronomer
",S18,12,5,13,18,16,12,20,18,s18,AVG,POOR,AVG,BEST,BEST,AVG,BEST,BEST,student_17,astronomer
,"Astronomer
",S19,13,5,13,18,16,12,20,18,s19,AVG,POOR,AVG,BEST,BEST,AVG,BEST,BEST,student_18,astronomer
,"Astronomer
",S20,14,6,14,18,17,13,20,18,s20,AVG,POOR,AVG,BEST,BEST,AVG,BEST,BEST,student_19,astronomer
,"Astronomer
",S21,13,7,14,18,16,13,20,18,s21,AVG,POOR,AVG,BEST,BEST,AVG,BEST,BEST,student_20,astronomer
,"Astronomer
",S22,12,8,14,18,15,13,16,18,s22,AVG,POOR,AVG,BEST,BEST,AVG,BEST,BEST,student_21,astronomer
,"Astronomer
",S23,11,9,14,18,19,13,16,18,s23,AVG,POOR,AVG,BEST,BEST,AVG,BEST,BEST,student_22,astronomer
,"Astronomer
",S24,14,8,14,18,20,13,16,18,s24,AVG,POOR,AVG,BEST,BEST,AVG,BEST,BEST,student_23,astronomer
,"Astronomer
",S25,11,7,14,18,16,13,16,19,s25,AVG,POOR,AVG,BEST,BEST,AVG,BEST,BEST,student_24,astronomer
,"Astronomer
",S26,12,6,14,19,16,13,16,20,s26,AVG,POOR,AVG,BEST,BEST,AVG,BEST,BEST,student_25,astronomer
,"Astronomer
",S27,13,5,14,19,17,13,16,20,s27,AVG,POOR,AVG,BEST,BEST,AVG,BEST,BEST,student_26,astronomer
,"Astronomer
",S28,14,5,14,19,17,13,16,20,s28,AVG,POOR,AVG,BEST,BEST,AVG,BEST,BEST,student_27,astronomer
,"Astronomer
",S29,13,5,14,19,16,13,16,20,s29,AVG,POOR,AVG,BEST,BEST,AVG,BEST,BEST,student_28,astronomer
,"Astronomer
",S30,12,6,14,19,15,13,16,20,s30,AVG,POOR,AVG,BEST,BEST,AVG,BEST,BEST,student_29,astronomer
,"Astronomer
",S31,11,7,14,19,19,13,16,20,s31,AVG,POOR,AVG,BEST,BEST,AVG,BEST,BEST,student_30,astronomer
,"Astronomer
",S32,14,8,14,19,20,13,16,20,s32,AVG,POOR,AVG,BEST,BEST,AVG,BEST,BEST,student_31,astronomer
,"Astronomer
",S33,11,9,14,19,17,13,16,20,s33,AVG,POOR,AVG,BEST,BEST,AVG,BEST,BEST,student_32,astronomer
,"Astronomer
",S34,12,8,14,19,17,13,16,20,s34,AVG,POOR,AVG,BEST,BEST,AVG,BEST,BEST,student_33,astronomer
,"Astronomer
",S35,13,7,11,19,17,13,16,20,s35,AVG,POOR,AVG,BEST,BEST,AVG,BEST,BEST,student_34,astronomer
,"Astronomer
",S36,14,6,11,19,16,13,16,20,s36,AVG,POOR,AVG,BEST,BEST,AVG,BEST,BEST,student_35,astronomer
,"Astronomer
",S37,13,5,11,20,15,13,16,20,s37,AVG,POOR,AVG,BEST,BEST,AVG,BEST,BEST,student_36,astronomer
,"Astronomer
",S38,12,8,11,20,19,12,16,20,s38,AVG,POOR,AVG,BEST,BEST,AVG,BEST,BEST,student_37,astronomer
,"Astronomer
",S39,11,5,11,20,20,12,16,20,s39,AVG,POOR,AVG,BEST,BEST,AVG,BEST,BEST,student_38,astronomer
,"Astronomer
",S40,14,6,11,20,17,12,16,20,s40,AVG,POOR,AVG,BEST,BEST,AVG,BEST,BEST,student_39,astronomer
,"Astronomer
",S41,11,7,11,20,17,12,17,15,s41,AVG,POOR,AVG,BEST,BEST,AVG,BEST,BEST,student_40,astronomer
,"Astronomer
",S42,12,8,11,20,18,12,17,15,s42,AVG,POOR,AVG,BEST,BEST,AVG,BEST,BEST,student_41,astronomer
,"Astronomer
",S43,13,9,11,20,17,12,17,15,s43,AVG,POOR,AVG,BEST,BEST,AVG,BEST,BEST,student_42,astronomer
,"Astronomer
",S44,14,8,11,20,16,12,17,15,s44,AVG,POOR,AVG,BEST,BEST,AVG,BEST,BEST,student_43,astronomer
,"Astronomer
",S45,13,7,12,20,15,11,17,15,s45,AVG,POOR,AVG,BEST,BEST,AVG,BEST,BEST,student_44,astronomer
,"Astronomer
",S46,12,6,12,20,19,11,17,15,s46,AVG,POOR,AVG,BEST,BEST,AVG,BEST,BEST,student_45,astronomer
,"Astronomer
",S47,11,5,12,20,20,11,17,15,s47,AVG,POOR,AVG,BEST,BEST,AVG,BEST,BEST,student_46,astronomer
,"Astronomer
",S48,14,9,12,20,18,11,17,15,s48,AVG,POOR,AVG,BEST,BEST,AVG,BEST,BEST,student_47,astronomer
,"Astronomer
",S49,11,7,12,20,18,11,17,15,s49,AVG,POOR,AVG,BEST,BEST,AVG,BEST,BEST,student_48,astronomer
,"Astronomer
",S50,12,9,12,20,18,11,17,15,s50,AVG,POOR,AVG,BEST,BEST,AVG,BEST,BEST,student_49,astronomer
,Geologist,S51,11,8,17,19,13,6,12,20,s51,AVG,POOR,BEST,BEST,AVG,POOR,AVG,BEST,student_50,geologist
,Geologist,S52,12,5,16,19,14,7,12,20,s52,AVG,POOR,BEST,BEST,AVG,POOR,AVG,BEST,student_51,geologist
,Geologist,S53,13,6,15,19,13,8,12,20,s53,AVG,POOR,BEST,BEST,AVG,POOR,AVG,BEST,student_52,geologist
,Geologist,S54,14,7,19,19,12,9,12,20,s54,AVG,POOR,BEST,BEST,AVG,POOR,AVG,BEST,student_53,geologist
,Geologist,S55,13,8,20,19,11,8,12,20,s55,AVG,POOR,BEST,BEST,AVG,POOR,AVG,BEST,student_54,geologist
,Geologist,S56,12,9,17,19,14,5,12,20,s56,AVG,POOR,BEST,BEST,AVG,POOR,AVG,BEST,student_55,geologist
,Geologist,S57,11,8,17,19,11,6,12,20,s57,AVG,POOR,BEST,BEST,AVG,POOR,AVG,BEST,student_56,geologist
,Geologist,S58,14,5,18,19,12,7,12,20,s58,AVG,POOR,BEST,BEST,AVG,POOR,AVG,BEST,student_57,geologist
,Geologist,S59,11,6,17,19,13,8,12,20,s59,AVG,POOR,BEST,BEST,AVG,POOR,AVG,BEST,student_58,geologist
,Geologist,S60,12,7,17,19,13,9,12,20,s60,AVG,POOR,BEST,BEST,AVG,POOR,AVG,BEST,student_59,geologist
,Geologist,S61,13,8,16,19,14,8,13,20,s61,AVG,POOR,BEST,BEST,AVG,POOR,AVG,BEST,student_60,geologist
,Geologist,S62,14,9,15,15,13,5,13,20,s62,AVG,POOR,BEST,BEST,AVG,POOR,AVG,BEST,student_61,geologist
,Geologist,S63,13,8,19,15,12,6,13,20,s63,AVG,POOR,BEST,BEST,AVG,POOR,AVG,BEST,student_62,geologist
,Geologist,S64,12,5,20,15,11,7,13,20,s64,AVG,POOR,BEST,BEST,AVG,POOR,AVG,BEST,student_63,geologist
,Geologist,S65,11,6,17,15,14,8,13,20,s65,AVG,POOR,BEST,BEST,AVG,POOR,AVG,BEST,student_64,geologist
,Geologist,S66,14,7,17,15,11,9,13,20,s66,AVG,POOR,BEST,BEST,AVG,POOR,AVG,BEST,student_65,geologist
,Geologist,S67,11,8,18,15,12,8,13,20,s67,AVG,POOR,BEST,BEST,AVG,POOR,AVG,BEST,student_66,geologist
,Geologist,S68,12,9,17,15,13,5,13,18,s68,AVG,POOR,BEST,BEST,AVG,POOR,AVG,BEST,student_67,geologist
,Geologist,S69,13,8,17,15,13,6,13,18,s69,AVG,POOR,BEST,BEST,AVG,POOR,AVG,BEST,student_68,geologist
,Geologist,S70,14,5,16,15,14,7,13,18,s70,AVG,POOR,BEST,BEST,AVG,POOR,AVG,BEST,student_69,geologist
,Geologist,S71,13,6,15,15,13,8,13,18,s71,AVG,POOR,BEST,BEST,AVG,POOR,AVG,BEST,student_70,geologist
,Geologist,S72,12,7,19,18,12,9,13,18,s72,AVG,POOR,BEST,BEST,AVG,POOR,AVG,BEST,student_71,geologist
,Geologist,S73,11,8,20,18,11,8,11,18,s73,AVG,POOR,BEST,BEST,AVG,POOR,AVG,BEST,student_72,geologist
,Geologist,S74,14,9,17,18,14,5,11,18,s74,AVG,POOR,BEST,BEST,AVG,POOR,AVG,BEST,student_73,geologist
,Geologist,S75,11,8,17,18,11,6,11,18,s75,AVG,POOR,BEST,BEST,AVG,POOR,AVG,BEST,student_74,geologist
,Geologist,S76,12,5,18,18,12,7,11,18,s76,AVG,POOR,BEST,BEST,AVG,POOR,AVG,BEST,student_75,geologist
,Geologist,S77,13,6,17,18,13,8,11,18,s77,AVG,POOR,BEST,BEST,AVG,POOR,AVG,BEST,student_76,geologist
,Geologist,S78,14,7,17,18,13,9,11,18,s78,AVG,POOR,BEST,BEST,AVG,POOR,AVG,BEST,student_77,geologist
,Geologist,S79,13,8,16,18,14,8,11,18,s79,AVG,POOR,BEST,BEST,AVG,POOR,AVG,BEST,student_78,geologist
,Geologist,S80,12,9,15,18,13,5,11,18,s80,AVG,POOR,BEST,BEST,AVG,POOR,AVG,BEST,student_79,geologist
,Geologist,S81,11,8,19,18,12,6,11,18,s81,AVG,POOR,BEST,BEST,AVG,POOR,AVG,BEST,student_80,geologist
,Geologist,S82,14,5,20,18,11,7,11,18,s82,AVG,POOR,BEST,BEST,AVG,POOR,AVG,BEST,student_81,geologist
,Geologist,S83,11,6,17,18,14,8,11,18,s83,AVG,POOR,BEST,BEST,AVG,POOR,AVG,BEST,student_82,geologist
,Geologist,S84,12,7,17,18,11,9,11,17,s84,AVG,POOR,BEST,BEST,AVG,POOR,AVG,BEST,student_83,geologist
,Geologist,S85,13,8,18,18,12,8,11,17,s85,AVG,POOR,BEST,BEST,AVG,POOR,AVG,BEST,student_84,geologist
,Geologist,S86,14,9,17,18,13,5,11,17,s86,AVG,POOR,BEST,BEST,AVG,POOR,AVG,BEST,student_85,geologist
,Geologist,S87,13,8,17,18,13,6,14,17,s87,AVG,POOR,BEST,BEST,AVG,POOR,AVG,BEST,student_86,geologist
,Geologist,S88,12,5,16,18,14,7,14,17,s88,AVG,POOR,BEST,BEST,AVG,POOR,AVG,BEST,student_87,geologist
,Geologist,S89,11,6,15,18,13,8,14,17,s89,AVG,POOR,BEST,BEST,AVG,POOR,AVG,BEST,student_88,geologist
,Geologist,S90,14,7,19,19,12,9,14,17,s90,AVG,POOR,BEST,BEST,AVG,POOR,AVG,BEST,student_89,geologist
,Geologist,S91,11,8,20,19,11,8,14,17,s91,AVG,POOR,BEST,BEST,AVG,POOR,AVG,BEST,student_90,geologist
,Geologist,S92,12,9,17,19,14,5,14,17,s92,AVG,POOR,BEST,BEST,AVG,POOR,AVG,BEST,student_91,geologist
,Geologist,S93,13,8,17,19,11,6,14,17,s93,AVG,POOR,BEST,BEST,AVG,POOR,AVG,BEST,student_92,geologist
,Geologist,S94,14,5,18,19,12,7,14,17,s94,AVG,POOR,BEST,BEST,AVG,POOR,AVG,BEST,student_93,geologist
,Geologist,S95,13,6,17,19,11,8,14,17,s95,AVG,POOR,BEST,BEST,AVG,POOR,AVG,BEST,student_94,geologist
,Geologist,S96,12,7,16,19,12,9,14,17,s96,AVG,POOR,BEST,BEST,AVG,POOR,AVG,BEST,student_95,geologist
,Geologist,S97,11,8,15,19,13,8,14,17,s97,AVG,POOR,BEST,BEST,AVG,POOR,AVG,BEST,student_96,geologist
,Geologist,S98,14,9,19,19,14,5,14,17,s98,AVG,POOR,BEST,BEST,AVG,POOR,AVG,BEST,student_97,geologist
,Geologist,S99,11,7,20,19,13,9,14,17,s99,AVG,POOR,BEST,BEST,AVG,POOR,AVG,BEST,student_98,geologist
,Geologist,S100,12,6,17,19,12,7,14,17,s100,AVG,POOR,BEST,BEST,AVG,POOR,AVG,BEST,student_99,geologist
,"Marine Biologist
",S101,5,6,11,20,12,7,13,19,s101,POOR,POOR,AVG,BEST,AVG,POOR,AVG,BEST,student_100,marine biologist
,"Marine Biologist
",S102,6,5,12,20,12,9,13,19,s102,POOR,POOR,AVG,BEST,AVG,POOR,AVG,BEST,student_101,marine biologist
,"Marine Biologist
",S103,7,6,14,20,12,10,11,19,s103,POOR,POOR,AVG,BEST,AVG,POOR,AVG,BEST,student_102,marine biologist
,"Marine Biologist
",S104,8,7,12,20,12,9,12,19,s104,POOR,POOR,AVG,BEST,AVG,POOR,AVG,BEST,student_103,marine biologist
,"Marine Biologist
",S105,9,8,13,20,12,8,14,19,s105,POOR,POOR,AVG,BEST,AVG,POOR,AVG,BEST,student_104,marine biologist
,"Marine Biologist
",S106,10,9,11,20,12,7,12,19,s106,POOR,POOR,AVG,BEST,AVG,POOR,AVG,BEST,student_105,marine biologist
,"Marine Biologist
",S107,9,8,12,20,12,6,13,19,s107,POOR,POOR,AVG,BEST,AVG,POOR,AVG,BEST,student_106,marine biologist
,"Marine Biologist
",S108,8,5,14,20,12,6,11,19,s108,POOR,POOR,AVG,BEST,AVG,POOR,AVG,BEST,student_107,marine biologist
,"Marine Biologist
",S109,7,6,12,20,12,9,12,19,s109,POOR,POOR,AVG,BEST,AVG,POOR,AVG,BEST,student_108,marine biologist
,"Marine Biologist
",S110,6,7,13,20,12,10,14,19,s110,POOR,POOR,AVG,BEST,AVG,POOR,AVG,BEST,student_109,marine biologist
,"Marine Biologist
",S111,6,8,11,20,12,9,13,19,s111,POOR,POOR,AVG,BEST,AVG,POOR,AVG,BEST,student_110,marine biologist
,"Marine Biologist
",S112,7,9,12,20,12,8,11,19,s112,POOR,POOR,AVG,BEST,AVG,POOR,AVG,BEST,student_111,marine biologist
,"Marine Biologist
",S113,8,5,14,20,12,7,12,19,s113,POOR,POOR,AVG,BEST,AVG,POOR,AVG,BEST,student_112,marine biologist
,"Marine Biologist
",S114,9,6,12,20,12,6,14,19,s114,POOR,POOR,AVG,BEST,AVG,POOR,AVG,BEST,student_113,marine biologist
,"Marine Biologist
",S115,10,7,13,20,12,6,12,19,s115,POOR,POOR,AVG,BEST,AVG,POOR,AVG,BEST,student_114,marine biologist
,"Marine Biologist
",S116,9,8,11,20,12,9,13,19,s116,POOR,POOR,AVG,BEST,AVG,POOR,AVG,BEST,student_115,marine biologist
,"Marine Biologist
",S117,8,9,12,20,12,10,11,19,s117,POOR,POOR,AVG,BEST,AVG,POOR,AVG,BEST,student_116,marine biologist
,"Marine Biologist
",S118,7,8,14,20,12,9,12,19,s118,POOR,POOR,AVG,BEST,AVG,POOR,AVG,BEST,student_117,marine biologist
,"Marine Biologist
",S119,6,5,12,20,12,8,14,19,s119,POOR,POOR,AVG,BEST,AVG,POOR,AVG,BEST,student_118,marine biologist
,"Marine Biologist
",S120,6,6,13,19,12,7,13,19,s120,POOR,POOR,AVG,BEST,AVG,POOR,AVG,BEST,student_119,marine biologist
,"Marine Biologist
",S121,7,7,11,19,12,6,11,19,s121,POOR,POOR,AVG,BEST,AVG,POOR,AVG,BEST,student_120,marine biologist
,"Marine Biologist
",S122,8,8,12,19,12,6,12,19,s122,POOR,POOR,AVG,BEST,AVG,POOR,AVG,BEST,student_121,marine biologist
,"Marine Biologist
",S123,9,9,14,19,11,9,14,16,s123,POOR,POOR,AVG,BEST,AVG,POOR,AVG,BEST,student_122,marine biologist
,"Marine Biologist
",S124,10,5,12,19,11,10,12,16,s124,POOR,POOR,AVG,BEST,AVG,POOR,AVG,BEST,student_123,marine biologist
,"Marine Biologist
",S125,9,6,13,19,11,9,13,16,s125,POOR,POOR,AVG,BEST,AVG,POOR,AVG,BEST,student_124,marine biologist
,"Marine Biologist
",S126,8,7,11,19,11,8,11,16,s126,POOR,POOR,AVG,BEST,AVG,POOR,AVG,BEST,student_125,marine biologist
,"Marine Biologist
",S127,7,8,12,19,11,7,12,16,s127,POOR,POOR,AVG,BEST,AVG,POOR,AVG,BEST,student_126,marine biologist
,"Marine Biologist
",S128,6,9,14,19,11,6,14,16,s128,POOR,POOR,AVG,BEST,AVG,POOR,AVG,BEST,student_127,marine biologist
,"Marine Biologist
",S129,6,8,12,19,11,6,13,16,s129,POOR,POOR,AVG,BEST,AVG,POOR,AVG,BEST,student_128,marine biologist
,"Marine Biologist
",S130,7,5,13,19,11,9,11,16,s130,POOR,POOR,AVG,BEST,AVG,POOR,AVG,BEST,student_129,marine biologist
,"Marine Biologist
",S131,8,6,11,19,11,10,12,16,s131,POOR,POOR,AVG,BEST,AVG,POOR,AVG,BEST,student_130,marine biologist
,"Marine Biologist
",S132,9,7,12,19,11,9,14,16,s132,POOR,POOR,AVG,BEST,AVG,POOR,AVG,BEST,student_131,marine biologist
,"Marine Biologist
",S133,10,8,14,19,14,8,12,16,s133,POOR,POOR,AVG,BEST,AVG,POOR,AVG,BEST,student_132,marine biologist
,"Marine Biologist
",S134,9,9,12,18,14,7,13,16,s134,POOR,POOR,AVG,BEST,AVG,POOR,AVG,BEST,student_133,marine biologist
,"Marine Biologist
",S135,8,5,13,18,14,6,11,16,s135,POOR,POOR,AVG,BEST,AVG,POOR,AVG,BEST,student_134,marine biologist
,"Marine Biologist
",S136,7,6,11,18,14,6,12,18,s136,POOR,POOR,AVG,BEST,AVG,POOR,AVG,BEST,student_135,marine biologist
,"Marine Biologist
",S137,6,7,12,18,14,9,14,18,s137,POOR,POOR,AVG,BEST,AVG,POOR,AVG,BEST,student_136,marine biologist
,"Marine Biologist
",S138,6,8,14,18,14,10,13,18,s138,POOR,POOR,AVG,BEST,AVG,POOR,AVG,BEST,student_137,marine biologist
,"Marine Biologist
",S139,7,9,12,18,14,9,11,18,s139,POOR,POOR,AVG,BEST,AVG,POOR,AVG,BEST,student_138,marine biologist
,"Marine Biologist
",S140,8,8,13,18,14,8,12,18,s140,POOR,POOR,AVG,BEST,AVG,POOR,AVG,BEST,student_139,marine biologist
,"Marine Biologist
",S141,9,5,11,18,14,7,14,18,s141,POOR,POOR,AVG,BEST,AVG,POOR,AVG,BEST,student_140,marine biologist
,"Marine Biologist
",S142,10,6,12,18,14,6,12,18,s142,POOR,POOR,AVG,BEST,AVG,POOR,AVG,BEST,student_141,marine biologist
,"Marine Biologist
",S143,9,7,14,18,14,6,13,18,s143,POOR,POOR,AVG,BEST,AVG,POOR,AVG,BEST,student_142,marine biologist
,"Marine Biologist
",S144,8,8,12,18,12,9,11,18,s144,POOR,POOR,AVG,BEST,AVG,POOR,AVG,BEST,student_143,marine biologist
,"Marine Biologist
",S145,7,9,13,18,12,10,12,18,s145,POOR,POOR,AVG,BEST,AVG,POOR,AVG,BEST,student_144,marine biologist
,"Marine Biologist
",S146,6,5,12,18,12,9,14,18,s146,POOR,POOR,AVG,BEST,AVG,POOR,AVG,BEST,student_145,marine biologist
,"Marine Biologist
",S147,8,6,14,17,12,8,13,18,s147,POOR,POOR,AVG,BEST,AVG,POOR,AVG,BEST,student_146,marine biologist
,"Marine Biologist
",S148,7,7,12,17,12,7,11,18,s148,POOR,POOR,AVG,BEST,AVG,POOR,AVG,BEST,student_147,marine biologist
,"Marine Biologist
",S149,6,8,13,17,12,6,12,18,s149,POOR,POOR,AVG,BEST,AVG,POOR,AVG,BEST,student_148,marine biologist
,"Marine Biologist
",S150,9,9,11,17,12,6,14,18,s150,POOR,POOR,AVG,BEST,AVG,POOR,AVG,BEST,student_149,marine biologist
,Veterinarian,S151,11,5,11,12,6,17,19,18,s151,AVG,POOR,AVG,AVG,POOR,BEST,BEST,BEST,student_150,veterinarian
,Veterinarian,S152,12,5,14,14,9,20,19,18,s152,AVG,POOR,AVG,AVG,POOR,BEST,BEST,BEST,student_151,veterinarian
,Veterinarian,S153,14,9,13,12,8,18,19,18,s153,AVG,POOR,AVG,AVG,POOR,BEST,BEST,BEST,student_152,veterinarian
,Veterinarian,S154,13,8,11,13,7,19,19,18,s154,AVG,POOR,AVG,AVG,POOR,BEST,BEST,BEST,student_153,veterinarian
,Veterinarian,S155,11,7,12,11,6,16,19,18,s155,AVG,POOR,AVG,AVG,POOR,BEST,BEST,BEST,student_154,veterinarian
,Veterinarian,S156,12,6,14,12,8,15,19,18,s156,AVG,POOR,AVG,AVG,POOR,BEST,BEST,BEST,student_155,veterinarian
,Veterinarian,S157,11,8,13,14,7,17,19,18,s157,AVG,POOR,AVG,AVG,POOR,BEST,BEST,BEST,student_156,veterinarian
,Veterinarian,S158,11,7,11,12,6,20,19,18,s158,AVG,POOR,AVG,AVG,POOR,BEST,BEST,BEST,student_157,veterinarian
,Veterinarian,S159,12,6,12,13,9,18,19,18,s159,AVG,POOR,AVG,AVG,POOR,BEST,BEST,BEST,student_158,veterinarian
,Veterinarian,S160,14,9,11,11,6,19,19,18,s160,AVG,POOR,AVG,AVG,POOR,BEST,BEST,BEST,student_159,veterinarian
,Veterinarian,S161,13,5,14,12,9,16,19,18,s161,AVG,POOR,AVG,AVG,POOR,BEST,BEST,BEST,student_160,veterinarian
,Veterinarian,S162,11,5,13,14,8,15,19,18,s162,AVG,POOR,AVG,AVG,POOR,BEST,BEST,BEST,student_161,veterinarian
,Veterinarian,S163,12,9,11,12,7,17,18,18,s163,AVG,POOR,AVG,AVG,POOR,BEST,BEST,BEST,student_162,veterinarian
,Veterinarian,S164,11,8,12,13,6,20,18,18,s164,AVG,POOR,AVG,AVG,POOR,BEST,BEST,BEST,student_163,veterinarian
,Veterinarian,S165,11,7,14,11,8,18,18,18,s165,AVG,POOR,AVG,AVG,POOR,BEST,BEST,BEST,student_164,veterinarian
,Veterinarian,S166,12,6,13,12,7,19,18,18,s166,AVG,POOR,AVG,AVG,POOR,BEST,BEST,BEST,student_165,veterinarian
,Veterinarian,S167,14,8,11,14,6,16,18,18,s167,AVG,POOR,AVG,AVG,POOR,BEST,BEST,BEST,student_166,veterinarian
,Veterinarian,S168,13,7,12,12,9,15,18,17,s168,AVG,POOR,AVG,AVG,POOR,BEST,BEST,BEST,student_167,veterinarian
,Veterinarian,S169,11,6,11,14,7,17,18,17,s169,AVG,POOR,AVG,AVG,POOR,BEST,BEST,BEST,student_168,veterinarian
,Veterinarian,S170,12,9,11,12,9,20,18,17,s170,AVG,POOR,AVG,AVG,POOR,BEST,BEST,BEST,student_169,veterinarian
,Veterinarian,S171,11,6,11,13,8,18,18,17,s171,AVG,POOR,AVG,AVG,POOR,BEST,BEST,BEST,student_170,veterinarian
,Veterinarian,S172,11,9,14,11,7,19,18,17,s172,AVG,POOR,AVG,AVG,POOR,BEST,BEST,BEST,student_171,veterinarian
,Veterinarian,S173,12,8,13,12,6,16,18,17,s173,AVG,POOR,AVG,AVG,POOR,BEST,BEST,BEST,student_172,veterinarian
,Veterinarian,S174,14,7,11,14,8,15,18,17,s174,AVG,POOR,AVG,AVG,POOR,BEST,BEST,BEST,student_173,veterinarian
,Veterinarian,S175,13,6,12,12,7,17,18,17,s175,AVG,POOR,AVG,AVG,POOR,BEST,BEST,BEST,student_174,veterinarian
,Veterinarian,S176,11,8,14,13,6,20,18,17,s176,AVG,POOR,AVG,AVG,POOR,BEST,BEST,BEST,student_175,veterinarian
,Veterinarian,S177,12,7,13,11,9,18,18,17,s177,AVG,POOR,AVG,AVG,POOR,BEST,BEST,BEST,student_176,veterinarian
,Veterinarian,S178,11,6,11,12,7,19,18,17,s178,AVG,POOR,AVG,AVG,POOR,BEST,BEST,BEST,student_177,veterinarian
,Veterinarian,S179,11,9,12,14,9,16,18,17,s179,AVG,POOR,AVG,AVG,POOR,BEST,BEST,BEST,student_178,veterinarian
,Veterinarian,S180,12,7,11,12,8,15,18,17,s180,AVG,POOR,AVG,AVG,POOR,BEST,BEST,BEST,student_179,veterinarian
,Veterinarian,S181,14,9,11,13,7,17,18,17,s181,AVG,POOR,AVG,AVG,POOR,BEST,BEST,BEST,student_180,veterinarian
,Veterinarian,S182,13,8,14,11,6,20,18,17,s182,AVG,POOR,AVG,AVG,POOR,BEST,BEST,BEST,student_181,veterinarian
,Veterinarian,S183,11,7,13,12,8,18,18,17,s183,AVG,POOR,AVG,AVG,POOR,BEST,BEST,BEST,student_182,veterinarian
,Veterinarian,S184,12,6,11,14,7,19,18,17,s184,AVG,POOR,AVG,AVG,POOR,BEST,BEST,BEST,student_183,veterinarian
,Veterinarian,S185,11,8,12,12,6,16,18,17,s185,AVG,POOR,AVG,AVG,POOR,BEST,BEST,BEST,student_184,veterinarian
,Veterinarian,S186,11,7,14,14,9,15,18,17,s186,AVG,POOR,AVG,AVG,POOR,BEST,BEST,BEST,student_185,veterinarian
,Veterinarian,S187,12,6,13,12,9,17,18,17,s187,AVG,POOR,AVG,AVG,POOR,BEST,BEST,BEST,student_186,veterinarian
,Veterinarian,S188,14,9,11,13,9,20,17,17,s188,AVG,POOR,AVG,AVG,POOR,BEST,BEST,BEST,student_187,veterinarian
,Veterinarian,S189,13,7,12,11,8,18,17,17,s189,AVG,POOR,AVG,AVG,POOR,BEST,BEST,BEST,student_188,veterinarian
,Veterinarian,S190,11,7,14,12,7,19,17,19,s190,AVG,POOR,AVG,AVG,POOR,BEST,BEST,BEST,student_189,veterinarian
,Veterinarian,S191,12,7,14,14,6,16,17,19,s191,AVG,POOR,AVG,AVG,POOR,BEST,BEST,BEST,student_190,veterinarian
,Veterinarian,S192,11,9,11,12,8,15,17,19,s192,AVG,POOR,AVG,AVG,POOR,BEST,BEST,BEST,student_191,veterinarian
,Veterinarian,S193,11,8,14,13,7,17,17,19,s193,AVG,POOR,AVG,AVG,POOR,BEST,BEST,BEST,student_192,veterinarian
,Veterinarian,S194,12,7,13,11,9,20,17,19,s194,AVG,POOR,AVG,AVG,POOR,BEST,BEST,BEST,student_193,veterinarian
,Veterinarian,S195,14,6,11,12,8,18,17,19,s195,AVG,POOR,AVG,AVG,POOR,BEST,BEST,BEST,student_194,veterinarian
,Veterinarian,S196,13,8,12,14,7,19,17,19,s196,AVG,POOR,AVG,AVG,POOR,BEST,BEST,BEST,student_195,veterinarian
,Veterinarian,S197,11,7,14,12,6,16,17,19,s197,AVG,POOR,AVG,AVG,POOR,BEST,BEST,BEST,student_196,veterinarian
,Veterinarian,S198,12,6,13,13,8,15,17,19,s198,AVG,POOR,AVG,AVG,POOR,BEST,BEST,BEST,student_197,veterinarian
,Veterinarian,S199,11,9,11,11,7,18,17,19,s199,AVG,POOR,AVG,AVG,POOR,BEST,BEST,BEST,student_198,veterinarian
,Veterinarian,S200,13,10,12,12,6,15,17,19,s200,AVG,POOR,AVG,AVG,POOR,BEST,BEST,BEST,student_199,veterinarian
,Nature photographer,S201,11,5,17,10,6,12,17,20,s201,AVG,POOR,BEST,POOR,POOR,AVG,BEST,BEST,student_200,nature photographer
,Nature photographer,S202,12,5,20,10,6,12,17,18,s202,AVG,POOR,BEST,POOR,POOR,AVG,BEST,BEST,student_201,nature photographer
,Nature photographer,S203,13,6,18,10,6,12,17,20,s203,AVG,POOR,BEST,POOR,POOR,AVG,BEST,BEST,student_202,nature photographer
,Nature photographer,S204,14,6,19,10,6,12,17,15,s204,AVG,POOR,BEST,POOR,POOR,AVG,BEST,BEST,student_203,nature photographer
,Nature photographer,S205,13,7,16,10,6,12,17,20,s205,AVG,POOR,BEST,POOR,POOR,AVG,BEST,BEST,student_204,nature photographer
,Nature photographer,S206,12,7,15,10,6,12,17,16,s206,AVG,POOR,BEST,POOR,POOR,AVG,BEST,BEST,student_205,nature photographer
,Nature photographer,S207,11,8,17,10,6,12,17,19,s207,AVG,POOR,BEST,POOR,POOR,AVG,BEST,BEST,student_206,nature photographer
,Nature photographer,S208,11,8,20,10,6,12,17,18,s208,AVG,POOR,BEST,POOR,POOR,AVG,BEST,BEST,student_207,nature photographer
,Nature photographer,S209,12,9,18,10,6,12,17,20,s209,AVG,POOR,BEST,POOR,POOR,AVG,BEST,BEST,student_208,nature photographer
,Nature photographer,S210,13,9,19,10,6,12,17,19,s210,AVG,POOR,BEST,POOR,POOR,AVG,BEST,BEST,student_209,nature photographer
,Nature photographer,S211,14,5,16,10,6,12,17,18,s211,AVG,POOR,BEST,POOR,POOR,AVG,BEST,BEST,student_210,nature photographer
,Nature photographer,S212,13,5,15,10,6,12,17,17,s212,AVG,POOR,BEST,POOR,POOR,AVG,BEST,BEST,student_211,nature photographer
,Nature photographer,S213,12,6,17,10,6,11,17,20,s213,AVG,POOR,BEST,POOR,POOR,AVG,BEST,BEST,student_212,nature photographer
,Nature photographer,S214,11,6,20,10,6,11,17,18,s214,AVG,POOR,BEST,POOR,POOR,AVG,BEST,BEST,student_213,nature photographer
,Nature photographer,S215,11,7,18,8,6,11,17,20,s215,AVG,POOR,BEST,POOR,POOR,AVG,BEST,BEST,student_214,nature photographer
,Nature photographer,S216,12,7,19,8,6,11,17,15,s216,AVG,POOR,BEST,POOR,POOR,AVG,BEST,BEST,student_215,nature photographer
,Nature photographer,S217,13,8,16,8,6,11,17,20,s217,AVG,POOR,BEST,POOR,POOR,AVG,BEST,BEST,student_216,nature photographer
,Nature photographer,S218,14,8,15,8,5,11,17,16,s218,AVG,POOR,BEST,POOR,POOR,AVG,BEST,BEST,student_217,nature photographer
,Nature photographer,S219,13,9,17,8,5,11,17,19,s219,AVG,POOR,BEST,POOR,POOR,AVG,BEST,BEST,student_218,nature photographer
,Nature photographer,S220,12,9,20,8,5,11,19,18,s220,AVG,POOR,BEST,POOR,POOR,AVG,BEST,BEST,student_219,nature photographer
,Nature photographer,S221,11,7,18,8,5,11,19,20,s221,AVG,POOR,BEST,POOR,POOR,AVG,BEST,BEST,student_220,nature photographer
,Nature photographer,S222,11,5,19,8,5,11,19,19,s222,AVG,POOR,BEST,POOR,POOR,AVG,BEST,BEST,student_221,nature photographer
,Nature photographer,S223,12,5,16,8,5,11,19,18,s223,AVG,POOR,BEST,POOR,POOR,AVG,BEST,BEST,student_222,nature photographer
,Nature photographer,S224,13,6,15,6,5,11,19,17,s224,AVG,POOR,BEST,POOR,POOR,AVG,BEST,BEST,student_223,nature photographer
,Nature photographer,S225,14,6,17,6,5,11,19,18,s225,AVG,POOR,BEST,POOR,POOR,AVG,BEST,BEST,student_224,nature photographer
,Nature photographer,S226,13,7,20,6,5,11,19,20,s226,AVG,POOR,BEST,POOR,POOR,AVG,BEST,BEST,student_225,nature photographer
,Nature photographer,S227,12,7,18,6,5,11,19,15,s227,AVG,POOR,BEST,POOR,POOR,AVG,BEST,BEST,student_226,nature photographer
,Nature photographer,S228,11,8,19,6,5,13,19,20,s228,AVG,POOR,BEST,POOR,POOR,AVG,BEST,BEST,student_227,nature photographer
,Nature photographer,S229,14,8,16,6,5,13,19,16,s229,AVG,POOR,BEST,POOR,POOR,AVG,BEST,BEST,student_228,nature photographer
,Nature photographer,S230,12,9,15,6,5,13,19,19,s230,AVG,POOR,BEST,POOR,POOR,AVG,BEST,BEST,student_229,nature photographer
,Nature photographer,S231,13,9,17,6,5,13,19,18,s231,AVG,POOR,BEST,POOR,POOR,AVG,BEST,BEST,student_230,nature photographer
,Nature photographer,S232,14,8,20,6,5,13,19,20,s232,AVG,POOR,BEST,POOR,POOR,AVG,BEST,BEST,student_231,nature photographer
,Nature photographer,S233,13,5,18,6,5,13,19,19,s233,AVG,POOR,BEST,POOR,POOR,AVG,BEST,BEST,student_232,nature photographer
,Nature photographer,S234,12,5,19,6,5,13,19,18,s234,AVG,POOR,BEST,POOR,POOR,AVG,BEST,BEST,student_233,nature photographer
,Nature photographer,S235,11,6,16,6,5,13,19,17,s235,AVG,POOR,BEST,POOR,POOR,AVG,BEST,BEST,student_234,nature photographer
,Nature photographer,S236,11,6,15,6,8,13,19,18,s236,AVG,POOR,BEST,POOR,POOR,AVG,BEST,BEST,student_235,nature photographer
,Nature photographer,S237,12,7,17,6,8,13,19,20,s237,AVG,POOR,BEST,POOR,POOR,AVG,BEST,BEST,student_236,nature photographer
,Nature photographer,S238,13,7,17,6,8,13,19,15,s238,AVG,POOR,BEST,POOR,POOR,AVG,BEST,BEST,student_237,nature photographer
,Nature photographer,S239,14,8,20,6,8,13,19,20,s239,AVG,POOR,BEST,POOR,POOR,AVG,BEST,BEST,student_238,nature photographer
,Nature photographer,S240,13,8,18,6,8,13,18,16,s240,AVG,POOR,BEST,POOR,POOR,AVG,BEST,BEST,student_239,nature photographer
,Nature photographer,S241,12,9,19,6,8,13,18,19,s241,AVG,POOR,BEST,POOR,POOR,AVG,BEST,BEST,student_240,nature photographer
,Nature photographer,S242,11,5,16,7,8,14,18,18,s242,AVG,POOR,BEST,POOR,POOR,AVG,BEST,BEST,student_241,nature photographer
,Nature photographer,S243,11,5,15,7,8,14,18,20,s243,AVG,POOR,BEST,POOR,POOR,AVG,BEST,BEST,student_242,nature photographer
,Nature photographer,S244,12,6,17,7,8,14,18,19,s244,AVG,POOR,BEST,POOR,POOR,AVG,BEST,BEST,student_243,nature photographer
,Nature photographer,S245,13,6,20,7,8,14,18,18,s245,AVG,POOR,BEST,POOR,POOR,AVG,BEST,BEST,student_244,nature photographer
,Nature photographer,S246,14,7,18,7,8,14,18,17,s246,AVG,POOR,BEST,POOR,POOR,AVG,BEST,BEST,student_245,nature photographer
,Nature photographer,S247,13,7,19,7,8,14,18,16,s247,AVG,POOR,BEST,POOR,POOR,AVG,BEST,BEST,student_246,nature photographer
,Nature photographer,S248,12,8,16,7,8,14,18,15,s248,AVG,POOR,BEST,POOR,POOR,AVG,BEST,BEST,student_247,nature photographer
,Nature photographer,S249,11,8,15,7,8,14,18,17,s249,AVG,POOR,BEST,POOR,POOR,AVG,BEST,BEST,student_248,nature photographer
,Nature photographer,S250,14,9,18,7,8,14,18,18,s250,AVG,POOR,BEST,POOR,POOR,AVG,BEST,BEST,student_249,nature photographer
,Recording engineer,S251,13,20,5,16,5,17,12,7,s251,AVG,BEST,POOR,BEST,POOR,BEST,AVG,POOR,student_250,recording engineer
,Recording engineer,S252,12,17,6,16,6,17,12,5,s252,AVG,BEST,POOR,BEST,POOR,BEST,AVG,POOR,student_251,recording engineer
,Recording engineer,S253,11,17,7,16,7,17,12,6,s253,AVG,BEST,POOR,BEST,POOR,BEST,AVG,POOR,student_252,recording engineer
,Recording engineer,S254,11,18,8,16,8,17,12,7,s254,AVG,BEST,POOR,BEST,POOR,BEST,AVG,POOR,student_253,recording engineer
,Recording engineer,S255,12,17,9,16,9,17,12,8,s255,AVG,BEST,POOR,BEST,POOR,BEST,AVG,POOR,student_254,recording engineer
,Recording engineer,S256,13,17,10,16,6,17,12,9,s256,AVG,BEST,POOR,BEST,POOR,BEST,AVG,POOR,student_255,recording engineer
,Recording engineer,S257,13,16,5,16,5,17,12,5,s257,AVG,BEST,POOR,BEST,POOR,BEST,AVG,POOR,student_256,recording engineer
,Recording engineer,S258,12,15,5,16,6,17,12,6,s258,AVG,BEST,POOR,BEST,POOR,BEST,AVG,POOR,student_257,recording engineer
,Recording engineer,S259,11,19,5,16,7,17,12,7,s259,AVG,BEST,POOR,BEST,POOR,BEST,AVG,POOR,student_258,recording engineer
,Recording engineer,S260,11,20,6,16,8,17,12,8,s260,AVG,BEST,POOR,BEST,POOR,BEST,AVG,POOR,student_259,recording engineer
,Recording engineer,S261,12,17,7,16,9,17,12,9,s261,AVG,BEST,POOR,BEST,POOR,BEST,AVG,POOR,student_260,recording engineer
,Recording engineer,S262,13,17,8,17,5,18,13,8,s262,AVG,BEST,POOR,BEST,POOR,BEST,AVG,POOR,student_261,recording engineer
,Recording engineer,S263,13,18,9,17,6,18,14,8,s263,AVG,BEST,POOR,BEST,POOR,BEST,AVG,POOR,student_262,recording engineer
,Recording engineer,S264,12,17,7,17,7,18,11,8,s264,AVG,BEST,POOR,BEST,POOR,BEST,AVG,POOR,student_263,recording engineer
,Recording engineer,S265,11,16,8,17,8,18,12,8,s265,AVG,BEST,POOR,BEST,POOR,BEST,AVG,POOR,student_264,recording engineer
,Recording engineer,S266,11,20,9,17,9,18,13,8,s266,AVG,BEST,POOR,BEST,POOR,BEST,AVG,POOR,student_265,recording engineer
,Recording engineer,S267,12,17,10,17,5,18,11,8,s267,AVG,BEST,POOR,BEST,POOR,BEST,AVG,POOR,student_266,recording engineer
,Recording engineer,S268,13,17,9,17,6,18,12,8,s268,AVG,BEST,POOR,BEST,POOR,BEST,AVG,POOR,student_267,recording engineer
,Recording engineer,S269,13,18,8,17,7,18,13,8,s269,AVG,BEST,POOR,BEST,POOR,BEST,AVG,POOR,student_268,recording engineer
,Recording engineer,S270,12,17,5,17,8,18,12,8,s270,AVG,BEST,POOR,BEST,POOR,BEST,AVG,POOR,student_269,recording engineer
,Recording engineer,S271,11,17,6,17,9,18,14,8,s271,AVG,BEST,POOR,BEST,POOR,BEST,AVG,POOR,student_270,recording engineer
,Recording engineer,S272,11,16,7,17,5,18,13,8,s272,AVG,BEST,POOR,BEST,POOR,BEST,AVG,POOR,student_271,recording engineer
,Recording engineer,S273,12,15,5,18,6,19,11,6,s273,AVG,BEST,POOR,BEST,POOR,BEST,AVG,POOR,student_272,recording engineer
,Recording engineer,S274,13,19,6,18,7,19,14,6,s274,AVG,BEST,POOR,BEST,POOR,BEST,AVG,POOR,student_273,recording engineer
,Recording engineer,S275,13,20,7,18,8,19,14,6,s275,AVG,BEST,POOR,BEST,POOR,BEST,AVG,POOR,student_274,recording engineer
,Recording engineer,S276,12,17,8,18,9,19,14,6,s276,AVG,BEST,POOR,BEST,POOR,BEST,AVG,POOR,student_275,recording engineer
,Recording engineer,S277,11,17,9,18,5,19,14,6,s277,AVG,BEST,POOR,BEST,POOR,BEST,AVG,POOR,student_276,recording engineer
,Recording engineer,S278,11,18,10,18,6,19,14,6,s278,AVG,BEST,POOR,BEST,POOR,BEST,AVG,POOR,student_277,recording engineer
,Recording engineer,S279,12,17,5,18,7,19,14,6,s279,AVG,BEST,POOR,BEST,POOR,BEST,AVG,POOR,student_278,recording engineer
,Recording engineer,S280,13,20,6,18,8,19,14,6,s280,AVG,BEST,POOR,BEST,POOR,BEST,AVG,POOR,student_279,recording engineer
,Recording engineer,S281,13,17,7,18,9,19,12,6,s281,AVG,BEST,POOR,BEST,POOR,BEST,AVG,POOR,student_280,recording engineer
,Recording engineer,S282,12,17,8,18,8,19,14,6,s282,AVG,BEST,POOR,BEST,POOR,BEST,AVG,POOR,student_281,recording engineer
,Recording engineer,S283,11,18,9,18,5,19,13,6,s283,AVG,BEST,POOR,BEST,POOR,BEST,AVG,POOR,student_282,recording engineer
,Recording engineer,S284,11,17,10,18,6,19,11,5,s284,AVG,BEST,POOR,BEST,POOR,BEST,AVG,POOR,student_283,recording engineer
,Recording engineer,S285,12,17,7,19,7,20,12,6,s285,AVG,BEST,POOR,BEST,POOR,BEST,AVG,POOR,student_284,recording engineer
,Recording engineer,S286,13,16,8,19,8,20,12,7,s286,AVG,BEST,POOR,BEST,POOR,BEST,AVG,POOR,student_285,recording engineer
,Recording engineer,S287,13,15,9,19,9,20,12,8,s287,AVG,BEST,POOR,BEST,POOR,BEST,AVG,POOR,student_286,recording engineer
,Recording engineer,S288,12,19,10,18,8,20,12,9,s288,AVG,BEST,POOR,BEST,POOR,BEST,AVG,POOR,student_287,recording engineer
,Recording engineer,S289,11,20,5,17,9,20,14,5,s289,AVG,BEST,POOR,BEST,POOR,BEST,AVG,POOR,student_288,recording engineer
,Recording engineer,S290,11,17,6,17,5,20,13,6,s290,AVG,BEST,POOR,BEST,POOR,BEST,AVG,POOR,student_289,recording engineer
,Recording engineer,S291,12,17,7,16,6,20,11,7,s291,AVG,BEST,POOR,BEST,POOR,BEST,AVG,POOR,student_290,recording engineer
,Recording engineer,S292,13,18,8,15,7,20,12,8,s292,AVG,BEST,POOR,BEST,POOR,BEST,AVG,POOR,student_291,recording engineer
,Recording engineer,S293,14,17,9,19,8,20,14,9,s293,AVG,BEST,POOR,BEST,POOR,BEST,AVG,POOR,student_292,recording engineer
,Recording engineer,S294,13,17,10,20,9,20,13,7,s294,AVG,BEST,POOR,BEST,POOR,BEST,AVG,POOR,student_293,recording engineer
,Recording engineer,S295,11,17,10,17,8,19,11,8,s295,AVG,BEST,POOR,BEST,POOR,BEST,AVG,POOR,student_294,recording engineer
,Recording engineer,S296,12,17,10,17,9,15,12,9,s296,AVG,BEST,POOR,BEST,POOR,BEST,AVG,POOR,student_295,recording engineer
,Recording engineer,S297,14,18,10,18,10,16,14,10,s297,AVG,BEST,POOR,BEST,POOR,BEST,AVG,POOR,student_296,recording engineer
,Recording engineer,S298,13,20,10,17,5,17,13,8,s298,AVG,BEST,POOR,BEST,POOR,BEST,AVG,POOR,student_297,recording engineer
,Recording engineer,S299,11,17,10,15,6,18,11,9,s299,AVG,BEST,POOR,BEST,POOR,BEST,AVG,POOR,student_298,recording engineer
,Recording engineer,S300,11,18,10,17,7,19,13,10,s300,AVG,BEST,POOR,BEST,POOR,BEST,AVG,POOR,student_299,recording engineer
,Audiologist,S301,17,14,6,16,9,16,11,11,s301,BEST,AVG,POOR,BEST,POOR,BEST,AVG,AVG,student_300,audiologist
,Audiologist,S302,16,11,6,17,9,15,12,12,s302,BEST,AVG,POOR,BEST,POOR,BEST,AVG,AVG,student_301,audiologist
,Audiologist,S303,15,12,6,18,9,19,13,13,s303,BEST,AVG,POOR,BEST,POOR,BEST,AVG,AVG,student_302,audiologist
,Audiologist,S304,19,13,6,19,9,20,14,14,s304,BEST,AVG,POOR,BEST,POOR,BEST,AVG,AVG,student_303,audiologist
,Audiologist,S305,20,14,6,20,9,17,11,11,s305,BEST,AVG,POOR,BEST,POOR,BEST,AVG,AVG,student_304,audiologist
,Audiologist,S306,17,11,6,15,9,16,12,12,s306,BEST,AVG,POOR,BEST,POOR,BEST,AVG,AVG,student_305,audiologist
,Audiologist,S307,17,12,6,16,9,15,13,13,s307,BEST,AVG,POOR,BEST,POOR,BEST,AVG,AVG,student_306,audiologist
,Audiologist,S308,16,13,6,17,9,19,14,14,s308,BEST,AVG,POOR,BEST,POOR,BEST,AVG,AVG,student_307,audiologist
,Audiologist,S309,15,12,6,18,9,20,11,11,s309,BEST,AVG,POOR,BEST,POOR,BEST,AVG,AVG,student_308,audiologist
,Audiologist,S310,19,14,6,19,9,17,12,12,s310,BEST,AVG,POOR,BEST,POOR,BEST,AVG,AVG,student_309,audiologist
,Audiologist,S311,20,11,6,20,9,16,13,13,s311,BEST,AVG,POOR,BEST,POOR,BEST,AVG,AVG,student_310,audiologist
,Audiologist,S312,17,12,6,15,9,15,14,14,s312,BEST,AVG,POOR,BEST,POOR,BEST,AVG,AVG,student_311,audiologist
,Audiologist,S313,17,13,6,16,9,19,11,11,s313,BEST,AVG,POOR,BEST,POOR,BEST,AVG,AVG,student_312,audiologist
,Audiologist,S314,16,14,6,17,9,20,12,12,s314,BEST,AVG,POOR,BEST,POOR,BEST,AVG,AVG,student_313,audiologist
,Audiologist,S315,15,11,6,18,9,17,13,13,s315,BEST,AVG,POOR,BEST,POOR,BEST,AVG,AVG,student_314,audiologist
,Audiologist,S316,19,12,6,19,9,16,14,14,s316,BEST,AVG,POOR,BEST,POOR,BEST,AVG,AVG,student_315,audiologist
,Audiologist,S317,20,13,6,20,9,15,11,11,s317,BEST,AVG,POOR,BEST,POOR,BEST,AVG,AVG,student_316,audiologist
,Audiologist,S318,17,12,6,15,9,19,12,12,s318,BEST,AVG,POOR,BEST,POOR,BEST,AVG,AVG,student_317,audiologist
,Audiologist,S319,16,14,6,16,9,20,13,13,s319,BEST,AVG,POOR,BEST,POOR,BEST,AVG,AVG,student_318,audiologist
,Audiologist,S320,17,11,6,17,9,16,14,14,s320,BEST,AVG,POOR,BEST,POOR,BEST,AVG,AVG,student_319,audiologist
,Audiologist,S321,16,12,6,18,9,15,11,11,s321,BEST,AVG,POOR,BEST,POOR,BEST,AVG,AVG,student_320,audiologist
,Audiologist,S322,15,13,6,19,9,19,12,12,s322,BEST,AVG,POOR,BEST,POOR,BEST,AVG,AVG,student_321,audiologist
,Audiologist,S323,19,14,6,20,9,20,13,13,s323,BEST,AVG,POOR,BEST,POOR,BEST,AVG,AVG,student_322,audiologist
,Audiologist,S324,20,11,6,15,9,17,14,14,s324,BEST,AVG,POOR,BEST,POOR,BEST,AVG,AVG,student_323,audiologist
,Audiologist,S325,17,12,6,16,9,17,11,11,s325,BEST,AVG,POOR,BEST,POOR,BEST,AVG,AVG,student_324,audiologist
,Audiologist,S326,17,13,7,17,9,17,12,12,s326,BEST,AVG,POOR,BEST,POOR,BEST,AVG,AVG,student_325,audiologist
,Audiologist,S327,17,12,8,18,9,17,13,13,s327,BEST,AVG,POOR,BEST,POOR,BEST,AVG,AVG,student_326,audiologist
,Audiologist,S328,16,14,9,19,9,17,14,14,s328,BEST,AVG,POOR,BEST,POOR,BEST,AVG,AVG,student_327,audiologist
,Audiologist,S329,15,11,10,20,9,17,11,13,s329,BEST,AVG,POOR,BEST,POOR,BEST,AVG,AVG,student_328,audiologist
,Audiologist,S330,19,12,8,20,9,20,12,11,s330,BEST,AVG,POOR,BEST,POOR,BEST,AVG,AVG,student_329,audiologist
,Audiologist,S331,20,13,8,20,5,20,12,11,s331,BEST,AVG,POOR,BEST,POOR,BEST,AVG,AVG,student_330,audiologist
,Audiologist,S332,17,14,8,20,6,20,12,11,s332,BEST,AVG,POOR,BEST,POOR,BEST,AVG,AVG,student_331,audiologist
,Audiologist,S333,17,11,8,20,7,20,12,11,s333,BEST,AVG,POOR,BEST,POOR,BEST,AVG,AVG,student_332,audiologist
,Audiologist,S334,16,12,8,20,8,20,12,11,s334,BEST,AVG,POOR,BEST,POOR,BEST,AVG,AVG,student_333,audiologist
,Audiologist,S335,15,13,8,20,9,20,12,11,s335,BEST,AVG,POOR,BEST,POOR,BEST,AVG,AVG,student_334,audiologist
,Audiologist,S336,19,12,8,20,10,20,12,11,s336,BEST,AVG,POOR,BEST,POOR,BEST,AVG,AVG,student_335,audiologist
,Audiologist,S337,20,14,5,20,9,20,12,11,s337,BEST,AVG,POOR,BEST,POOR,BEST,AVG,AVG,student_336,audiologist
,Audiologist,S338,17,11,6,20,9,20,12,11,s338,BEST,AVG,POOR,BEST,POOR,BEST,AVG,AVG,student_337,audiologist
,Audiologist,S339,18,12,7,20,9,20,12,11,s339,BEST,AVG,POOR,BEST,POOR,BEST,AVG,AVG,student_338,audiologist
,Audiologist,S340,17,13,8,20,9,20,12,11,s340,BEST,AVG,POOR,BEST,POOR,BEST,AVG,AVG,student_339,audiologist
,Audiologist,S341,16,14,9,20,9,20,12,11,s341,BEST,AVG,POOR,BEST,POOR,BEST,AVG,AVG,student_340,audiologist
,Audiologist,S342,15,11,10,20,9,20,12,11,s342,BEST,AVG,POOR,BEST,POOR,BEST,AVG,AVG,student_341,audiologist
,Audiologist,S343,19,12,8,20,5,20,12,11,s343,BEST,AVG,POOR,BEST,POOR,BEST,AVG,AVG,student_342,audiologist
,Audiologist,S344,20,13,8,20,6,20,12,11,s344,BEST,AVG,POOR,BEST,POOR,BEST,AVG,AVG,student_343,audiologist
,Audiologist,S345,17,12,8,20,7,20,12,11,s345,BEST,AVG,POOR,BEST,POOR,BEST,AVG,AVG,student_344,audiologist
,Audiologist,S346,17,14,8,20,8,20,12,11,s346,BEST,AVG,POOR,BEST,POOR,BEST,AVG,AVG,student_345,audiologist
,Audiologist,S347,16,11,8,20,9,20,12,11,s347,BEST,AVG,POOR,BEST,POOR,BEST,AVG,AVG,student_346,audiologist
,Audiologist,S348,15,12,8,20,10,20,12,11,s348,BEST,AVG,POOR,BEST,POOR,BEST,AVG,AVG,student_347,audiologist
,Audiologist,S349,19,13,7,20,9,20,12,11,s349,BEST,AVG,POOR,BEST,POOR,BEST,AVG,AVG,student_348,audiologist
,Audiologist,S350,20,14,6,20,9,20,12,11,s350,BEST,AVG,POOR,BEST,POOR,BEST,AVG,AVG,student_349,audiologist
,Sound editor,S351,11,20,5,15,7,12,13,18,s351,AVG,BEST,POOR,BEST,POOR,AVG,AVG,BEST,student_350,sound editor
,Sound editor,S352,12,15,6,16,5,13,13,19,s352,AVG,BEST,POOR,BEST,POOR,AVG,AVG,BEST,student_351,sound editor
,Sound editor,S353,13,15,8,17,6,14,13,20,s353,AVG,BEST,POOR,BEST,POOR,AVG,AVG,BEST,student_352,sound editor
,Sound editor,S354,14,17,9,18,8,12,13,17,s354,AVG,BEST,POOR,BEST,POOR,AVG,AVG,BEST,student_353,sound editor
,Sound editor,S355,12,19,10,19,9,13,13,18,s355,AVG,BEST,POOR,BEST,POOR,AVG,AVG,BEST,student_354,sound editor
,Sound editor,S356,13,20,9,16,10,14,13,18,s356,AVG,BEST,POOR,BEST,POOR,AVG,AVG,BEST,student_355,sound editor
,Sound editor,S357,11,15,8,15,9,12,13,19,s357,AVG,BEST,POOR,BEST,POOR,AVG,AVG,BEST,student_356,sound editor
,Sound editor,S358,12,15,7,16,8,13,13,20,s358,AVG,BEST,POOR,BEST,POOR,AVG,AVG,BEST,student_357,sound editor
,Sound editor,S359,13,15,5,17,7,14,13,17,s359,AVG,BEST,POOR,BEST,POOR,AVG,AVG,BEST,student_358,sound editor
,Sound editor,S360,14,15,6,18,5,12,13,18,s360,AVG,BEST,POOR,BEST,POOR,AVG,AVG,BEST,student_359,sound editor
,Sound editor,S361,12,15,5,19,6,13,13,18,s361,AVG,BEST,POOR,BEST,POOR,AVG,AVG,BEST,student_360,sound editor
,Sound editor,S362,13,15,6,20,5,12,13,19,s362,AVG,BEST,POOR,BEST,POOR,AVG,AVG,BEST,student_361,sound editor
,Sound editor,S363,11,15,8,16,6,13,13,20,s363,AVG,BEST,POOR,BEST,POOR,AVG,AVG,BEST,student_362,sound editor
,Sound editor,S364,12,16,9,16,8,14,13,17,s364,AVG,BEST,POOR,BEST,POOR,AVG,AVG,BEST,student_363,sound editor
,Sound editor,S365,13,17,10,16,9,12,13,18,s365,AVG,BEST,POOR,BEST,POOR,AVG,AVG,BEST,student_364,sound editor
,Sound editor,S366,14,18,9,16,10,13,13,18,s366,AVG,BEST,POOR,BEST,POOR,AVG,AVG,BEST,student_365,sound editor
,Sound editor,S367,12,19,8,16,9,12,13,19,s367,AVG,BEST,POOR,BEST,POOR,AVG,AVG,BEST,student_366,sound editor
,Sound editor,S368,13,20,7,16,8,13,13,20,s368,AVG,BEST,POOR,BEST,POOR,AVG,AVG,BEST,student_367,sound editor
,Sound editor,S369,11,15,5,15,7,14,13,17,s369,AVG,BEST,POOR,BEST,POOR,AVG,AVG,BEST,student_368,sound editor
,Sound editor,S370,12,15,6,16,5,12,13,18,s370,AVG,BEST,POOR,BEST,POOR,AVG,AVG,BEST,student_369,sound editor
,Sound editor,S371,13,15,5,17,6,13,13,18,s371,AVG,BEST,POOR,BEST,POOR,AVG,AVG,BEST,student_370,sound editor
,Sound editor,S372,14,15,6,18,5,12,13,19,s372,AVG,BEST,POOR,BEST,POOR,AVG,AVG,BEST,student_371,sound editor
,Sound editor,S373,12,15,8,19,6,13,13,20,s373,AVG,BEST,POOR,BEST,POOR,AVG,AVG,BEST,student_372,sound editor
,Sound editor,S374,13,15,9,18,8,14,13,17,s374,AVG,BEST,POOR,BEST,POOR,AVG,AVG,BEST,student_373,sound editor
,Sound editor,S375,11,16,10,19,9,12,13,18,s375,AVG,BEST,POOR,BEST,POOR,AVG,AVG,BEST,student_374,sound editor
,Sound editor,S376,12,18,9,20,10,13,14,18,s376,AVG,BEST,POOR,BEST,POOR,AVG,AVG,BEST,student_375,sound editor
,Sound editor,S377,13,19,8,15,9,12,14,19,s377,AVG,BEST,POOR,BEST,POOR,AVG,AVG,BEST,student_376,sound editor
,Sound editor,S378,14,20,7,16,8,13,14,20,s378,AVG,BEST,POOR,BEST,POOR,AVG,AVG,BEST,student_377,sound editor
,Sound editor,S379,12,15,5,17,7,14,14,17,s379,AVG,BEST,POOR,BEST,POOR,AVG,AVG,BEST,student_378,sound editor
,Sound editor,S380,13,16,6,18,5,12,14,18,s380,AVG,BEST,POOR,BEST,POOR,AVG,AVG,BEST,student_379,sound editor
,Sound editor,S381,14,17,10,19,6,13,14,18,s381,AVG,BEST,POOR,BEST,POOR,AVG,AVG,BEST,student_380,sound editor
,Sound editor,S382,12,18,5,20,10,11,14,19,s382,AVG,BEST,POOR,BEST,POOR,AVG,AVG,BEST,student_381,sound editor
,Sound editor,S383,13,19,6,17,9,12,14,20,s383,AVG,BEST,POOR,BEST,POOR,AVG,AVG,BEST,student_382,sound editor
,Sound editor,S384,14,20,7,18,8,13,14,17,s384,AVG,BEST,POOR,BEST,POOR,AVG,AVG,BEST,student_383,sound editor
,Sound editor,S385,12,17,8,19,7,14,14,18,s385,AVG,BEST,POOR,BEST,POOR,AVG,AVG,BEST,student_384,sound editor
,Sound editor,S386,13,18,9,20,6,12,14,18,s386,AVG,BEST,POOR,BEST,POOR,AVG,AVG,BEST,student_385,sound editor
,Sound editor,S387,14,18,10,15,5,13,14,19,s387,AVG,BEST,POOR,BEST,POOR,AVG,AVG,BEST,student_386,sound editor
,Sound editor,S388,12,19,5,18,10,11,14,20,s388,AVG,BEST,POOR,BEST,POOR,AVG,AVG,BEST,student_387,sound editor
,Sound editor,S389,13,20,6,19,9,12,14,17,s389,AVG,BEST,POOR,BEST,POOR,AVG,AVG,BEST,student_388,sound editor
,Sound editor,S390,14,15,7,20,8,13,14,18,s390,AVG,BEST,POOR,BEST,POOR,AVG,AVG,BEST,student_389,sound editor
,Sound editor,S391,12,16,8,15,7,14,14,18,s391,AVG,BEST,POOR,BEST,POOR,AVG,AVG,BEST,student_390,sound editor
,Sound editor,S392,13,17,9,16,6,12,14,19,s392,AVG,BEST,POOR,BEST,POOR,AVG,AVG,BEST,student_391,sound editor
,Sound editor,S393,14,18,10,17,5,13,14,20,s393,AVG,BEST,POOR,BEST,POOR,AVG,AVG,BEST,student_392,sound editor
,Sound editor,S394,12,19,5,18,10,11,14,17,s394,AVG,BEST,POOR,BEST,POOR,AVG,AVG,BEST,student_393,sound editor
,Sound editor,S395,13,20,6,19,9,12,14,18,s395,AVG,BEST,POOR,BEST,POOR,AVG,AVG,BEST,student_394,sound editor
,Sound editor,S396,14,17,7,20,8,13,14,18,s396,AVG,BEST,POOR,BEST,POOR,AVG,AVG,BEST,student_395,sound editor
,Sound editor,S397,12,18,8,17,7,14,14,19,s397,AVG,BEST,POOR,BEST,POOR,AVG,AVG,BEST,student_396,sound editor
,Sound editor,S398,13,19,9,18,6,12,14,20,s398,AVG,BEST,POOR,BEST,POOR,AVG,AVG,BEST,student_397,sound editor
,Sound editor,S399,14,20,10,19,5,13,14,17,s399,AVG,BEST,POOR,BEST,POOR,AVG,AVG,BEST,student_398,sound editor
,Sound editor,S400,12,15,8,20,5,11,14,18,s400,AVG,BEST,POOR,BEST,POOR,AVG,AVG,BEST,student_399,sound editor
,Music teacher,S401,15,20,11,5,8,19,13,12,s401,BEST,BEST,AVG,POOR,POOR,BEST,AVG,AVG,student_400,music teacher
,Music teacher,S402,16,17,12,6,9,19,14,13,s402,BEST,BEST,AVG,POOR,POOR,BEST,AVG,AVG,student_401,music teacher
,Music teacher,S403,17,18,13,7,10,19,11,14,s403,BEST,BEST,AVG,POOR,POOR,BEST,AVG,AVG,student_402,music teacher
,Music teacher,S404,18,19,14,8,5,19,12,11,s404,BEST,BEST,AVG,POOR,POOR,BEST,AVG,AVG,student_403,music teacher
,Music teacher,S405,19,20,14,9,6,19,13,12,s405,BEST,BEST,AVG,POOR,POOR,BEST,AVG,AVG,student_404,music teacher
,Music teacher,S406,20,20,13,10,8,19,14,13,s406,BEST,BEST,AVG,POOR,POOR,BEST,AVG,AVG,student_405,music teacher
,Music teacher,S407,15,17,12,5,9,19,11,14,s407,BEST,BEST,AVG,POOR,POOR,BEST,AVG,AVG,student_406,music teacher
,Music teacher,S408,15,18,11,6,10,19,12,11,s408,BEST,BEST,AVG,POOR,POOR,BEST,AVG,AVG,student_407,music teacher
,Music teacher,S409,17,19,11,7,5,19,13,12,s409,BEST,BEST,AVG,POOR,POOR,BEST,AVG,AVG,student_408,music teacher
,Music teacher,S410,18,20,12,8,6,19,14,13,s410,BEST,BEST,AVG,POOR,POOR,BEST,AVG,AVG,student_409,music teacher
,Music teacher,S411,19,19,13,9,8,19,11,14,s411,BEST,BEST,AVG,POOR,POOR,BEST,AVG,AVG,student_410,music teacher
,Music teacher,S412,20,20,14,10,9,19,12,11,s412,BEST,BEST,AVG,POOR,POOR,BEST,AVG,AVG,student_411,music teacher
,Music teacher,S413,15,20,14,5,10,19,13,12,s413,BEST,BEST,AVG,POOR,POOR,BEST,AVG,AVG,student_412,music teacher
,Music teacher,S414,16,20,13,6,5,19,14,13,s414,BEST,BEST,AVG,POOR,POOR,BEST,AVG,AVG,student_413,music teacher
,Music teacher,S415,17,17,12,7,6,19,11,14,s415,BEST,BEST,AVG,POOR,POOR,BEST,AVG,AVG,student_414,music teacher
,Music teacher,S416,18,18,11,8,8,19,12,11,s416,BEST,BEST,AVG,POOR,POOR,BEST,AVG,AVG,student_415,music teacher
,Music teacher,S417,19,19,11,9,9,19,13,12,s417,BEST,BEST,AVG,POOR,POOR,BEST,AVG,AVG,student_416,music teacher
,Music teacher,S418,20,20,12,10,10,19,14,13,s418,BEST,BEST,AVG,POOR,POOR,BEST,AVG,AVG,student_417,music teacher
,Music teacher,S419,17,17,13,5,5,19,11,14,s419,BEST,BEST,AVG,POOR,POOR,BEST,AVG,AVG,student_418,music teacher
,Music teacher,S420,18,18,14,6,6,19,12,11,s420,BEST,BEST,AVG,POOR,POOR,BEST,AVG,AVG,student_419,music teacher
,Music teacher,S421,19,19,14,7,8,19,13,12,s421,BEST,BEST,AVG,POOR,POOR,BEST,AVG,AVG,student_420,music teacher
,Music teacher,S422,20,20,13,8,9,19,14,13,s422,BEST,BEST,AVG,POOR,POOR,BEST,AVG,AVG,student_421,music teacher
,Music teacher,S423,15,17,12,9,10,19,11,14,s423,BEST,BEST,AVG,POOR,POOR,BEST,AVG,AVG,student_422,music teacher
,Music teacher,S424,15,18,11,10,5,19,12,11,s424,BEST,BEST,AVG,POOR,POOR,BEST,AVG,AVG,student_423,music teacher
,Music teacher,S425,16,19,11,5,6,19,13,12,s425,BEST,BEST,AVG,POOR,POOR,BEST,AVG,AVG,student_424,music teacher
,Music teacher,S426,17,20,12,6,8,17,14,13,s426,BEST,BEST,AVG,POOR,POOR,BEST,AVG,AVG,student_425,music teacher
,Music teacher,S427,17,17,13,7,9,18,11,14,s427,BEST,BEST,AVG,POOR,POOR,BEST,AVG,AVG,student_426,music teacher
,Music teacher,S428,18,18,14,8,10,19,12,11,s428,BEST,BEST,AVG,POOR,POOR,BEST,AVG,AVG,student_427,music teacher
,Music teacher,S429,19,19,14,9,5,20,13,12,s429,BEST,BEST,AVG,POOR,POOR,BEST,AVG,AVG,student_428,music teacher
,Music teacher,S430,20,20,13,10,6,19,14,13,s430,BEST,BEST,AVG,POOR,POOR,BEST,AVG,AVG,student_429,music teacher
,Music teacher,S431,19,20,12,5,8,17,11,14,s431,BEST,BEST,AVG,POOR,POOR,BEST,AVG,AVG,student_430,music teacher
,Music teacher,S432,20,20,11,6,9,18,12,11,s432,BEST,BEST,AVG,POOR,POOR,BEST,AVG,AVG,student_431,music teacher
,Music teacher,S433,17,20,11,7,10,19,13,12,s433,BEST,BEST,AVG,POOR,POOR,BEST,AVG,AVG,student_432,music teacher
,Music teacher,S434,18,17,12,8,5,20,14,13,s434,BEST,BEST,AVG,POOR,POOR,BEST,AVG,AVG,student_433,music teacher
,Music teacher,S435,19,18,13,9,6,19,11,14,s435,BEST,BEST,AVG,POOR,POOR,BEST,AVG,AVG,student_434,music teacher
,Music teacher,S436,20,19,14,10,8,17,12,11,s436,BEST,BEST,AVG,POOR,POOR,BEST,AVG,AVG,student_435,music teacher
,Music teacher,S437,19,20,14,5,9,18,13,12,s437,BEST,BEST,AVG,POOR,POOR,BEST,AVG,AVG,student_436,music teacher
,Music teacher,S438,20,19,13,6,10,19,14,13,s438,BEST,BEST,AVG,POOR,POOR,BEST,AVG,AVG,student_437,music teacher
,Music teacher,S439,17,17,12,7,5,20,11,14,s439,BEST,BEST,AVG,POOR,POOR,BEST,AVG,AVG,student_438,music teacher
,Music teacher,S440,18,18,11,8,6,19,12,11,s440,BEST,BEST,AVG,POOR,POOR,BEST,AVG,AVG,student_439,music teacher
,Music teacher,S441,19,19,11,9,8,17,13,12,s441,BEST,BEST,AVG,POOR,POOR,BEST,AVG,AVG,student_440,music teacher
,Music teacher,S442,20,20,12,5,9,18,14,13,s442,BEST,BEST,AVG,POOR,POOR,BEST,AVG,AVG,student_441,music teacher
,Music teacher,S443,19,19,13,6,10,19,11,14,s443,BEST,BEST,AVG,POOR,POOR,BEST,AVG,AVG,student_442,music teacher
,Music teacher,S444,20,17,14,7,5,20,12,11,s444,BEST,BEST,AVG,POOR,POOR,BEST,AVG,AVG,student_443,music teacher
,Music teacher,S445,17,18,14,8,6,19,13,12,s445,BEST,BEST,AVG,POOR,POOR,BEST,AVG,AVG,student_444,music teacher
,Music teacher,S446,18,19,13,9,8,17,14,13,s446,BEST,BEST,AVG,POOR,POOR,BEST,AVG,AVG,student_445,music teacher
,Music teacher,S447,19,19,12,10,9,18,11,14,s447,BEST,BEST,AVG,POOR,POOR,BEST,AVG,AVG,student_446,music teacher
,Music teacher,S448,20,20,11,6,10,19,12,11,s448,BEST,BEST,AVG,POOR,POOR,BEST,AVG,AVG,student_447,music teacher
,Music teacher,S449,17,16,13,7,5,20,11,12,s449,BEST,BEST,AVG,POOR,POOR,BEST,AVG,AVG,student_448,music teacher
,Music teacher,S450,15,18,14,8,6,16,13,14,s450,BEST,BEST,AVG,POOR,POOR,BEST,AVG,AVG,student_449,music teacher
,Actuary,S451,11,18,11,19,5,18,20,5,s451,AVG,BEST,AVG,BEST,POOR,BEST,BEST,POOR,student_450,actuary
,Actuary,S452,13,19,13,17,6,19,18,6,s452,AVG,BEST,AVG,BEST,POOR,BEST,BEST,POOR,student_451,actuary
,Actuary,S453,12,20,12,18,7,20,19,7,s453,AVG,BEST,AVG,BEST,POOR,BEST,BEST,POOR,student_452,actuary
,Actuary,S454,14,19,14,19,8,17,20,8,s454,AVG,BEST,AVG,BEST,POOR,BEST,BEST,POOR,student_453,actuary
,Actuary,S455,11,17,11,20,9,18,17,9,s455,AVG,BEST,AVG,BEST,POOR,BEST,BEST,POOR,student_454,actuary
,Actuary,S456,13,18,13,19,10,18,18,10,s456,AVG,BEST,AVG,BEST,POOR,BEST,BEST,POOR,student_455,actuary
,Actuary,S457,11,19,12,17,5,19,18,5,s457,AVG,BEST,AVG,BEST,POOR,BEST,BEST,POOR,student_456,actuary
,Actuary,S458,13,20,14,18,6,20,19,6,s458,AVG,BEST,AVG,BEST,POOR,BEST,BEST,POOR,student_457,actuary
,Actuary,S459,12,19,11,19,7,17,20,7,s459,AVG,BEST,AVG,BEST,POOR,BEST,BEST,POOR,student_458,actuary
,Actuary,S460,14,17,13,20,8,18,17,8,s460,AVG,BEST,AVG,BEST,POOR,BEST,BEST,POOR,student_459,actuary
,Actuary,S461,11,18,12,19,9,18,18,9,s461,AVG,BEST,AVG,BEST,POOR,BEST,BEST,POOR,student_460,actuary
,Actuary,S462,13,19,14,17,10,19,18,10,s462,AVG,BEST,AVG,BEST,POOR,BEST,BEST,POOR,student_461,actuary
,Actuary,S463,11,18,11,18,5,20,19,5,s463,AVG,BEST,AVG,BEST,POOR,BEST,BEST,POOR,student_462,actuary
,Actuary,S464,13,19,13,19,6,17,20,6,s464,AVG,BEST,AVG,BEST,POOR,BEST,BEST,POOR,student_463,actuary
,Actuary,S465,12,20,12,17,7,18,17,7,s465,AVG,BEST,AVG,BEST,POOR,BEST,BEST,POOR,student_464,actuary
,Actuary,S466,14,19,14,18,8,18,18,8,s466,AVG,BEST,AVG,BEST,POOR,BEST,BEST,POOR,student_465,actuary
,Actuary,S467,11,17,11,19,9,19,18,9,s467,AVG,BEST,AVG,BEST,POOR,BEST,BEST,POOR,student_466,actuary
,Actuary,S468,13,18,13,20,10,20,19,10,s468,AVG,BEST,AVG,BEST,POOR,BEST,BEST,POOR,student_467,actuary
,Actuary,S469,11,19,12,19,5,17,20,5,s469,AVG,BEST,AVG,BEST,POOR,BEST,BEST,POOR,student_468,actuary
,Actuary,S470,13,20,14,17,6,19,17,6,s470,AVG,BEST,AVG,BEST,POOR,BEST,BEST,POOR,student_469,actuary
,Actuary,S471,12,19,11,18,7,17,18,7,s471,AVG,BEST,AVG,BEST,POOR,BEST,BEST,POOR,student_470,actuary
,Actuary,S472,14,17,13,19,8,16,18,8,s472,AVG,BEST,AVG,BEST,POOR,BEST,BEST,POOR,student_471,actuary
,Actuary,S473,11,18,12,20,9,19,19,9,s473,AVG,BEST,AVG,BEST,POOR,BEST,BEST,POOR,student_472,actuary
,Actuary,S474,13,19,14,19,10,17,20,10,s474,AVG,BEST,AVG,BEST,POOR,BEST,BEST,POOR,student_473,actuary
,Actuary,S475,11,18,11,17,5,16,17,5,s475,AVG,BEST,AVG,BEST,POOR,BEST,BEST,POOR,student_474,actuary
,Actuary,S476,13,19,13,18,6,19,18,6,s476,AVG,BEST,AVG,BEST,POOR,BEST,BEST,POOR,student_475,actuary
,Actuary,S477,12,20,12,19,7,17,18,7,s477,AVG,BEST,AVG,BEST,POOR,BEST,BEST,POOR,student_476,actuary
,Actuary,S478,14,19,14,17,8,16,19,8,s478,AVG,BEST,AVG,BEST,POOR,BEST,BEST,POOR,student_477,actuary
,Actuary,S479,11,17,11,18,9,18,20,9,s479,AVG,BEST,AVG,BEST,POOR,BEST,BEST,POOR,student_478,actuary
,Actuary,S480,13,18,13,19,10,19,17,10,s480,AVG,BEST,AVG,BEST,POOR,BEST,BEST,POOR,student_479,actuary
,Actuary,S481,11,19,12,20,5,17,18,5,s481,AVG,BEST,AVG,BEST,POOR,BEST,BEST,POOR,student_480,actuary
,Actuary,S482,13,20,14,19,6,16,18,6,s482,AVG,BEST,AVG,BEST,POOR,BEST,BEST,POOR,student_481,actuary
,Actuary,S483,12,19,11,17,7,19,19,7,s483,AVG,BEST,AVG,BEST,POOR,BEST,BEST,POOR,student_482,actuary
,Actuary,S484,14,17,13,18,8,17,20,8,s484,AVG,BEST,AVG,BEST,POOR,BEST,BEST,POOR,student_483,actuary
,Actuary,S485,11,18,12,19,9,16,17,9,s485,AVG,BEST,AVG,BEST,POOR,BEST,BEST,POOR,student_484,actuary
,Actuary,S486,13,19,14,20,10,18,18,10,s486,AVG,BEST,AVG,BEST,POOR,BEST,BEST,POOR,student_485,actuary
,Actuary,S487,11,18,11,19,5,18,19,5,s487,AVG,BEST,AVG,BEST,POOR,BEST,BEST,POOR,student_486,actuary
,Actuary,S488,13,19,13,17,6,18,19,6,s488,AVG,BEST,AVG,BEST,POOR,BEST,BEST,POOR,student_487,actuary
,Actuary,S489,12,20,12,18,7,19,19,7,s489,AVG,BEST,AVG,BEST,POOR,BEST,BEST,POOR,student_488,actuary
,Actuary,S490,14,19,14,19,8,20,19,8,s490,AVG,BEST,AVG,BEST,POOR,BEST,BEST,POOR,student_489,actuary
,Actuary,S491,11,17,11,17,9,17,19,9,s491,AVG,BEST,AVG,BEST,POOR,BEST,BEST,POOR,student_490,actuary
,Actuary,S492,13,18,13,18,5,18,19,5,s492,AVG,BEST,AVG,BEST,POOR,BEST,BEST,POOR,student_491,actuary
,Actuary,S493,11,19,12,19,6,18,19,6,s493,AVG,BEST,AVG,BEST,POOR,BEST,BEST,POOR,student_492,actuary
,Actuary,S494,13,20,14,20,7,19,19,7,s494,AVG,BEST,AVG,BEST,POOR,BEST,BEST,POOR,student_493,actuary
,Actuary,S495,12,19,11,19,8,20,19,8,s495,AVG,BEST,AVG,BEST,POOR,BEST,BEST,POOR,student_494,actuary
,Actuary,S496,14,17,13,17,9,17,17,9,s496,AVG,BEST,AVG,BEST,POOR,BEST,BEST,POOR,student_495,actuary
,Actuary,S497,11,18,12,18,10,19,16,10,s497,AVG,BEST,AVG,BEST,POOR,BEST,BEST,POOR,student_496,actuary
,Actuary,S498,13,19,14,19,6,17,19,6,s498,AVG,BEST,AVG,BEST,POOR,BEST,BEST,POOR,student_497,actuary
,Actuary,S499,14,15,13,20,7,16,17,7,s499,AVG,BEST,AVG,BEST,POOR,BEST,BEST,POOR,student_498,actuary
,Actuary,S500,11,17,14,19,8,18,16,8,s500,AVG,BEST,AVG,BEST,POOR,BEST,BEST,POOR,student_499,actuary
,Chartered Accountant,S501,12,5,12,18,7,19,13,5,s501,AVG,POOR,AVG,BEST,POOR,BEST,AVG,POOR,student_500,chartered accountant
,Chartered Accountant,S502,13,6,13,16,7,17,13,5,s502,AVG,POOR,AVG,BEST,POOR,BEST,AVG,POOR,student_501,chartered accountant
,Chartered Accountant,S503,14,7,14,17,7,16,13,6,s503,AVG,POOR,AVG,BEST,POOR,BEST,AVG,POOR,student_502,chartered accountant
,Chartered Accountant,S504,11,8,11,18,7,17,13,6,s504,AVG,POOR,AVG,BEST,POOR,BEST,AVG,POOR,student_503,chartered accountant
,Chartered Accountant,S505,14,9,14,19,7,19,13,5,s505,AVG,POOR,AVG,BEST,POOR,BEST,AVG,POOR,student_504,chartered accountant
,Chartered Accountant,S506,12,10,12,20,8,17,13,5,s506,AVG,POOR,AVG,BEST,POOR,BEST,AVG,POOR,student_505,chartered accountant
,Chartered Accountant,S507,13,5,13,15,7,16,13,6,s507,AVG,POOR,AVG,BEST,POOR,BEST,AVG,POOR,student_506,chartered accountant
,Chartered Accountant,S508,12,6,14,16,7,19,13,6,s508,AVG,POOR,AVG,BEST,POOR,BEST,AVG,POOR,student_507,chartered accountant
,Chartered Accountant,S509,13,7,14,17,9,17,13,5,s509,AVG,POOR,AVG,BEST,POOR,BEST,AVG,POOR,student_508,chartered accountant
,Chartered Accountant,S510,14,8,11,18,7,16,13,5,s510,AVG,POOR,AVG,BEST,POOR,BEST,AVG,POOR,student_509,chartered accountant
,Chartered Accountant,S511,11,9,14,19,7,17,13,6,s511,AVG,POOR,AVG,BEST,POOR,BEST,AVG,POOR,student_510,chartered accountant
,Chartered Accountant,S512,14,10,12,20,7,19,13,6,s512,AVG,POOR,AVG,BEST,POOR,BEST,AVG,POOR,student_511,chartered accountant
,Chartered Accountant,S513,12,5,13,15,5,17,13,5,s513,AVG,POOR,AVG,BEST,POOR,BEST,AVG,POOR,student_512,chartered accountant
,Chartered Accountant,S514,13,6,12,16,6,19,13,5,s514,AVG,POOR,AVG,BEST,POOR,BEST,AVG,POOR,student_513,chartered accountant
,Chartered Accountant,S515,12,7,14,17,7,17,13,6,s515,AVG,POOR,AVG,BEST,POOR,BEST,AVG,POOR,student_514,chartered accountant
,Chartered Accountant,S516,13,8,11,18,8,16,13,6,s516,AVG,POOR,AVG,BEST,POOR,BEST,AVG,POOR,student_515,chartered accountant
,Chartered Accountant,S517,14,9,14,19,7,17,13,5,s517,AVG,POOR,AVG,BEST,POOR,BEST,AVG,POOR,student_516,chartered accountant
,Chartered Accountant,S518,11,10,12,20,7,19,13,5,s518,AVG,POOR,AVG,BEST,POOR,BEST,AVG,POOR,student_517,chartered accountant
,Chartered Accountant,S519,14,5,13,15,9,17,13,6,s519,AVG,POOR,AVG,BEST,POOR,BEST,AVG,POOR,student_518,chartered accountant
,Chartered Accountant,S520,12,6,12,16,7,19,13,6,s520,AVG,POOR,AVG,BEST,POOR,BEST,AVG,POOR,student_519,chartered accountant
,Chartered Accountant,S521,13,7,14,17,7,17,13,5,s521,AVG,POOR,AVG,BEST,POOR,BEST,AVG,POOR,student_520,chartered accountant
,Chartered Accountant,S522,12,8,11,18,10,16,13,5,s522,AVG,POOR,AVG,BEST,POOR,BEST,AVG,POOR,student_521,chartered accountant
,Chartered Accountant,S523,13,9,14,19,7,17,13,6,s523,AVG,POOR,AVG,BEST,POOR,BEST,AVG,POOR,student_522,chartered accountant
,Chartered Accountant,S524,14,10,12,20,7,19,13,6,s524,AVG,POOR,AVG,BEST,POOR,BEST,AVG,POOR,student_523,chartered accountant
,Chartered Accountant,S525,11,5,13,15,8,17,13,5,s525,AVG,POOR,AVG,BEST,POOR,BEST,AVG,POOR,student_524,chartered accountant
,Chartered Accountant,S526,14,6,12,16,7,19,12,5,s526,AVG,POOR,AVG,BEST,POOR,BEST,AVG,POOR,student_525,chartered accountant
,Chartered Accountant,S527,12,7,14,17,7,17,12,6,s527,AVG,POOR,AVG,BEST,POOR,BEST,AVG,POOR,student_526,chartered accountant
,Chartered Accountant,S528,13,8,11,18,9,16,12,6,s528,AVG,POOR,AVG,BEST,POOR,BEST,AVG,POOR,student_527,chartered accountant
,Chartered Accountant,S529,12,9,14,19,7,17,12,5,s529,AVG,POOR,AVG,BEST,POOR,BEST,AVG,POOR,student_528,chartered accountant
,Chartered Accountant,S530,13,10,12,20,8,19,12,5,s530,AVG,POOR,AVG,BEST,POOR,BEST,AVG,POOR,student_529,chartered accountant
,Chartered Accountant,S531,14,5,13,15,7,17,12,6,s531,AVG,POOR,AVG,BEST,POOR,BEST,AVG,POOR,student_530,chartered accountant
,Chartered Accountant,S532,11,6,12,16,7,19,12,6,s532,AVG,POOR,AVG,BEST,POOR,BEST,AVG,POOR,student_531,chartered accountant
,Chartered Accountant,S533,14,7,14,17,9,17,12,5,s533,AVG,POOR,AVG,BEST,POOR,BEST,AVG,POOR,student_532,chartered accountant
,Chartered Accountant,S534,12,8,11,18,7,16,12,5,s534,AVG,POOR,AVG,BEST,POOR,BEST,AVG,POOR,student_533,chartered accountant
,Chartered Accountant,S535,13,9,14,19,7,17,12,6,s535,AVG,POOR,AVG,BEST,POOR,BEST,AVG,POOR,student_534,chartered accountant
,Chartered Accountant,S536,12,10,12,20,7,19,12,6,s536,AVG,POOR,AVG,BEST,POOR,BEST,AVG,POOR,student_535,chartered accountant
,Chartered Accountant,S537,13,5,13,15,8,17,12,5,s537,AVG,POOR,AVG,BEST,POOR,BEST,AVG,POOR,student_536,chartered accountant
,Chartered Accountant,S538,14,6,12,16,7,19,12,5,s538,AVG,POOR,AVG,BEST,POOR,BEST,AVG,POOR,student_537,chartered accountant
,Chartered Accountant,S539,11,7,14,17,7,17,12,6,s539,AVG,POOR,AVG,BEST,POOR,BEST,AVG,POOR,student_538,chartered accountant
,Chartered Accountant,S540,14,8,11,18,9,16,12,6,s540,AVG,POOR,AVG,BEST,POOR,BEST,AVG,POOR,student_539,chartered accountant
,Chartered Accountant,S541,12,9,14,19,7,17,12,5,s541,AVG,POOR,AVG,BEST,POOR,BEST,AVG,POOR,student_540,chartered accountant
,Chartered Accountant,S542,13,5,12,20,7,19,12,5,s542,AVG,POOR,AVG,BEST,POOR,BEST,AVG,POOR,student_541,chartered accountant
,Chartered Accountant,S543,12,6,13,15,8,17,12,6,s543,AVG,POOR,AVG,BEST,POOR,BEST,AVG,POOR,student_542,chartered accountant
,Chartered Accountant,S544,13,7,12,16,7,19,12,6,s544,AVG,POOR,AVG,BEST,POOR,BEST,AVG,POOR,student_543,chartered accountant
,Chartered Accountant,S545,14,8,14,17,7,17,12,5,s545,AVG,POOR,AVG,BEST,POOR,BEST,AVG,POOR,student_544,chartered accountant
,Chartered Accountant,S546,11,9,11,18,9,16,12,5,s546,AVG,POOR,AVG,BEST,POOR,BEST,AVG,POOR,student_545,chartered accountant
,Chartered Accountant,S547,14,10,14,19,7,17,12,6,s547,AVG,POOR,AVG,BEST,POOR,BEST,AVG,POOR,student_546,chartered accountant
,Chartered Accountant,S548,12,6,12,20,7,19,12,6,s548,AVG,POOR,AVG,BEST,POOR,BEST,AVG,POOR,student_547,chartered accountant
,Chartered Accountant,S549,13,7,13,19,6,17,12,7,s549,AVG,POOR,AVG,BEST,POOR,BEST,AVG,POOR,student_548,chartered accountant
,Chartered Accountant,S550,14,8,12,20,5,18,12,7,s550,AVG,POOR,AVG,BEST,POOR,BEST,AVG,POOR,student_549,chartered accountant
,Computer analyst,S551,15,7,12,15,6,11,20,6,s551,BEST,POOR,AVG,BEST,POOR,AVG,BEST,POOR,student_550,computer analyst
,Computer analyst,S552,16,6,13,16,5,11,15,6,s552,BEST,POOR,AVG,BEST,POOR,AVG,BEST,POOR,student_551,computer analyst
,Computer analyst,S553,17,5,14,17,7,11,16,5,s553,BEST,POOR,AVG,BEST,POOR,AVG,BEST,POOR,student_552,computer analyst
,Computer analyst,S554,18,7,11,18,6,11,17,5,s554,BEST,POOR,AVG,BEST,POOR,AVG,BEST,POOR,student_553,computer analyst
,Computer analyst,S555,19,6,14,19,6,11,18,6,s555,BEST,POOR,AVG,BEST,POOR,AVG,BEST,POOR,student_554,computer analyst
,Computer analyst,S556,20,5,12,20,5,11,19,6,s556,BEST,POOR,AVG,BEST,POOR,AVG,BEST,POOR,student_555,computer analyst
,Computer analyst,S557,15,8,13,15,7,11,20,5,s557,BEST,POOR,AVG,BEST,POOR,AVG,BEST,POOR,student_556,computer analyst
,Computer analyst,S558,16,7,12,16,6,11,15,5,s558,BEST,POOR,AVG,BEST,POOR,AVG,BEST,POOR,student_557,computer analyst
,Computer analyst,S559,17,6,13,17,6,11,16,6,s559,BEST,POOR,AVG,BEST,POOR,AVG,BEST,POOR,student_558,computer analyst
,Computer analyst,S560,18,5,14,18,5,11,17,6,s560,BEST,POOR,AVG,BEST,POOR,AVG,BEST,POOR,student_559,computer analyst
,Computer analyst,S561,19,8,11,19,7,11,18,5,s561,BEST,POOR,AVG,BEST,POOR,AVG,BEST,POOR,student_560,computer analyst
,Computer analyst,S562,20,7,14,20,6,11,19,6,s562,BEST,POOR,AVG,BEST,POOR,AVG,BEST,POOR,student_561,computer analyst
,Computer analyst,S563,15,6,12,15,6,11,20,6,s563,BEST,POOR,AVG,BEST,POOR,AVG,BEST,POOR,student_562,computer analyst
,Computer analyst,S564,16,5,13,16,5,12,15,5,s564,BEST,POOR,AVG,BEST,POOR,AVG,BEST,POOR,student_563,computer analyst
,Computer analyst,S565,17,8,12,17,7,12,16,5,s565,BEST,POOR,AVG,BEST,POOR,AVG,BEST,POOR,student_564,computer analyst
,Computer analyst,S566,18,7,13,18,6,12,17,6,s566,BEST,POOR,AVG,BEST,POOR,AVG,BEST,POOR,student_565,computer analyst
,Computer analyst,S567,19,6,14,19,6,12,18,6,s567,BEST,POOR,AVG,BEST,POOR,AVG,BEST,POOR,student_566,computer analyst
,Computer analyst,S568,20,5,11,20,5,12,19,5,s568,BEST,POOR,AVG,BEST,POOR,AVG,BEST,POOR,student_567,computer analyst
,Computer analyst,S569,15,8,14,15,7,12,20,5,s569,BEST,POOR,AVG,BEST,POOR,AVG,BEST,POOR,student_568,computer analyst
,Computer analyst,S570,16,7,12,16,6,12,15,6,s570,BEST,POOR,AVG,BEST,POOR,AVG,BEST,POOR,student_569,computer analyst
,Computer analyst,S571,17,6,13,17,6,12,16,6,s571,BEST,POOR,AVG,BEST,POOR,AVG,BEST,POOR,student_570,computer analyst
,Computer analyst,S572,18,5,12,18,5,12,17,5,s572,BEST,POOR,AVG,BEST,POOR,AVG,BEST,POOR,student_571,computer analyst
,Computer analyst,S573,19,8,13,19,7,12,18,6,s573,BEST,POOR,AVG,BEST,POOR,AVG,BEST,POOR,student_572,computer analyst
,Computer analyst,S574,20,7,14,20,6,12,19,6,s574,BEST,POOR,AVG,BEST,POOR,AVG,BEST,POOR,student_573,computer analyst
,Computer analyst,S575,15,6,11,16,6,12,20,5,s575,BEST,POOR,AVG,BEST,POOR,AVG,BEST,POOR,student_574,computer analyst
,Computer analyst,S576,16,5,14,15,5,12,15,5,s576,BEST,POOR,AVG,BEST,POOR,AVG,BEST,POOR,student_575,computer analyst
,Computer analyst,S577,17,8,12,16,7,13,16,6,s577,BEST,POOR,AVG,BEST,POOR,AVG,BEST,POOR,student_576,computer analyst
,Computer analyst,S578,18,7,13,17,6,13,17,6,s578,BEST,POOR,AVG,BEST,POOR,AVG,BEST,POOR,student_577,computer analyst
,Computer analyst,S579,19,8,12,18,6,13,18,5,s579,BEST,POOR,AVG,BEST,POOR,AVG,BEST,POOR,student_578,computer analyst
,Computer analyst,S580,20,9,13,19,5,13,19,5,s580,BEST,POOR,AVG,BEST,POOR,AVG,BEST,POOR,student_579,computer analyst
,Computer analyst,S581,15,10,14,20,7,13,20,6,s581,BEST,POOR,AVG,BEST,POOR,AVG,BEST,POOR,student_580,computer analyst
,Computer analyst,S582,16,5,11,15,6,13,15,6,s582,BEST,POOR,AVG,BEST,POOR,AVG,BEST,POOR,student_581,computer analyst
,Computer analyst,S583,17,6,14,16,6,13,16,5,s583,BEST,POOR,AVG,BEST,POOR,AVG,BEST,POOR,student_582,computer analyst
,Computer analyst,S584,18,7,12,17,5,13,17,6,s584,BEST,POOR,AVG,BEST,POOR,AVG,BEST,POOR,student_583,computer analyst
,Computer analyst,S585,19,8,13,18,7,13,18,6,s585,BEST,POOR,AVG,BEST,POOR,AVG,BEST,POOR,student_584,computer analyst
,Computer analyst,S586,20,9,12,19,6,13,19,5,s586,BEST,POOR,AVG,BEST,POOR,AVG,BEST,POOR,student_585,computer analyst
,Computer analyst,S587,15,10,13,20,6,13,20,5,s587,BEST,POOR,AVG,BEST,POOR,AVG,BEST,POOR,student_586,computer analyst
,Computer analyst,S588,16,5,14,15,5,13,15,6,s588,BEST,POOR,AVG,BEST,POOR,AVG,BEST,POOR,student_587,computer analyst
,Computer analyst,S589,17,6,11,16,7,14,16,6,s589,BEST,POOR,AVG,BEST,POOR,AVG,BEST,POOR,student_588,computer analyst
,Computer analyst,S590,18,7,14,17,6,14,17,5,s590,BEST,POOR,AVG,BEST,POOR,AVG,BEST,POOR,student_589,computer analyst
,Computer analyst,S591,19,8,12,18,6,14,18,5,s591,BEST,POOR,AVG,BEST,POOR,AVG,BEST,POOR,student_590,computer analyst
,Computer analyst,S592,20,9,13,19,5,14,19,6,s592,BEST,POOR,AVG,BEST,POOR,AVG,BEST,POOR,student_591,computer analyst
,Computer analyst,S593,15,10,12,20,7,14,20,6,s593,BEST,POOR,AVG,BEST,POOR,AVG,BEST,POOR,student_592,computer analyst
,Computer analyst,S594,16,5,13,15,6,14,15,5,s594,BEST,POOR,AVG,BEST,POOR,AVG,BEST,POOR,student_593,computer analyst
,Computer analyst,S595,17,6,14,16,6,14,16,7,s595,BEST,POOR,AVG,BEST,POOR,AVG,BEST,POOR,student_594,computer analyst
,Computer analyst,S596,18,7,11,17,5,14,17,7,s596,BEST,POOR,AVG,BEST,POOR,AVG,BEST,POOR,student_595,computer analyst
,Computer analyst,S597,19,8,14,18,7,14,18,6,s597,BEST,POOR,AVG,BEST,POOR,AVG,BEST,POOR,student_596,computer analyst
,Computer analyst,S598,20,9,12,19,6,14,19,5,s598,BEST,POOR,AVG,BEST,POOR,AVG,BEST,POOR,student_597,computer analyst
,Computer analyst,S599,16,10,13,20,7,14,20,7,s599,BEST,POOR,AVG,BEST,POOR,AVG,BEST,POOR,student_598,computer analyst
,Computer analyst,S600,17,8,14,17,9,14,16,7,s600,BEST,POOR,AVG,BEST,POOR,AVG,BEST,POOR,student_599,computer analyst
,Computer programmer,S601,19,8,8,15,5,13,11,10,s601,BEST,POOR,POOR,BEST,POOR,AVG,AVG,POOR,student_600,computer programmer
,Computer programmer,S602,20,5,9,16,6,13,12,5,s602,BEST,POOR,POOR,BEST,POOR,AVG,AVG,POOR,student_601,computer programmer
,Computer programmer,S603,18,6,10,17,7,13,13,6,s603,BEST,POOR,POOR,BEST,POOR,AVG,AVG,POOR,student_602,computer programmer
,Computer programmer,S604,17,5,5,18,8,13,14,7,s604,BEST,POOR,POOR,BEST,POOR,AVG,AVG,POOR,student_603,computer programmer
,Computer programmer,S605,15,6,6,19,9,13,14,8,s605,BEST,POOR,POOR,BEST,POOR,AVG,AVG,POOR,student_604,computer programmer
,Computer programmer,S606,20,5,7,20,5,13,13,9,s606,BEST,POOR,POOR,BEST,POOR,AVG,AVG,POOR,student_605,computer programmer
,Computer programmer,S607,19,6,8,15,6,13,12,10,s607,BEST,POOR,POOR,BEST,POOR,AVG,AVG,POOR,student_606,computer programmer
,Computer programmer,S608,18,5,9,16,7,13,12,5,s608,BEST,POOR,POOR,BEST,POOR,AVG,AVG,POOR,student_607,computer programmer
,Computer programmer,S609,17,6,10,17,8,13,11,6,s609,BEST,POOR,POOR,BEST,POOR,AVG,AVG,POOR,student_608,computer programmer
,Computer programmer,S610,19,5,8,18,9,13,11,7,s610,BEST,POOR,POOR,BEST,POOR,AVG,AVG,POOR,student_609,computer programmer
,Computer programmer,S611,20,6,9,19,5,13,12,8,s611,BEST,POOR,POOR,BEST,POOR,AVG,AVG,POOR,student_610,computer programmer
,Computer programmer,S612,18,5,10,20,6,13,13,9,s612,BEST,POOR,POOR,BEST,POOR,AVG,AVG,POOR,student_611,computer programmer
,Computer programmer,S613,17,6,5,15,7,13,14,10,s613,BEST,POOR,POOR,BEST,POOR,AVG,AVG,POOR,student_612,computer programmer
,Computer programmer,S614,15,5,6,16,8,12,14,5,s614,BEST,POOR,POOR,BEST,POOR,AVG,AVG,POOR,student_613,computer programmer
,Computer programmer,S615,20,6,7,17,9,12,13,6,s615,BEST,POOR,POOR,BEST,POOR,AVG,AVG,POOR,student_614,computer programmer
,Computer programmer,S616,19,5,8,18,5,12,12,7,s616,BEST,POOR,POOR,BEST,POOR,AVG,AVG,POOR,student_615,computer programmer
,Computer programmer,S617,18,6,9,19,6,12,12,8,s617,BEST,POOR,POOR,BEST,POOR,AVG,AVG,POOR,student_616,computer programmer
,Computer programmer,S618,17,5,10,20,7,12,11,9,s618,BEST,POOR,POOR,BEST,POOR,AVG,AVG,POOR,student_617,computer programmer
,Computer programmer,S619,19,6,8,15,8,12,11,10,s619,BEST,POOR,POOR,BEST,POOR,AVG,AVG,POOR,student_618,computer programmer
,Computer programmer,S620,20,5,9,16,9,12,12,5,s620,BEST,POOR,POOR,BEST,POOR,AVG,AVG,POOR,student_619,computer programmer
,Computer programmer,S621,18,6,10,17,5,12,13,6,s621,BEST,POOR,POOR,BEST,POOR,AVG,AVG,POOR,student_620,computer programmer
,Computer programmer,S622,17,5,5,18,6,12,14,7,s622,BEST,POOR,POOR,BEST,POOR,AVG,AVG,POOR,student_621,computer programmer
,Computer programmer,S623,15,6,6,19,7,12,14,8,s623,BEST,POOR,POOR,BEST,POOR,AVG,AVG,POOR,student_622,computer programmer
,Computer programmer,S624,20,5,7,20,8,12,13,9,s624,BEST,POOR,POOR,BEST,POOR,AVG,AVG,POOR,student_623,computer programmer
,Computer programmer,S625,19,6,8,15,9,12,12,10,s625,BEST,POOR,POOR,BEST,POOR,AVG,AVG,POOR,student_624,computer programmer
,Computer programmer,S626,18,5,9,16,5,12,12,5,s626,BEST,POOR,POOR,BEST,POOR,AVG,AVG,POOR,student_625,computer programmer
,Computer programmer,S627,17,6,10,17,6,12,11,6,s627,BEST,POOR,POOR,BEST,POOR,AVG,AVG,POOR,student_626,computer programmer
,Computer programmer,S628,16,5,8,18,7,11,11,7,s628,BEST,POOR,POOR,BEST,POOR,AVG,AVG,POOR,student_627,computer programmer
,Computer programmer,S629,15,6,9,19,8,11,12,8,s629,BEST,POOR,POOR,BEST,POOR,AVG,AVG,POOR,student_628,computer programmer
,Computer programmer,S630,19,5,10,20,9,11,13,9,s630,BEST,POOR,POOR,BEST,POOR,AVG,AVG,POOR,student_629,computer programmer
,Computer programmer,S631,18,6,5,15,5,11,14,10,s631,BEST,POOR,POOR,BEST,POOR,AVG,AVG,POOR,student_630,computer programmer
,Computer programmer,S632,17,5,6,16,6,11,14,5,s632,BEST,POOR,POOR,BEST,POOR,AVG,AVG,POOR,student_631,computer programmer
,Computer programmer,S633,16,6,7,17,7,11,13,6,s633,BEST,POOR,POOR,BEST,POOR,AVG,AVG,POOR,student_632,computer programmer
,Computer programmer,S634,15,5,8,18,8,11,12,7,s634,BEST,POOR,POOR,BEST,POOR,AVG,AVG,POOR,student_633,computer programmer
,Computer programmer,S635,19,6,9,19,9,11,12,8,s635,BEST,POOR,POOR,BEST,POOR,AVG,AVG,POOR,student_634,computer programmer
,Computer programmer,S636,18,5,10,20,5,11,11,9,s636,BEST,POOR,POOR,BEST,POOR,AVG,AVG,POOR,student_635,computer programmer
,Computer programmer,S637,17,6,8,15,6,11,11,10,s637,BEST,POOR,POOR,BEST,POOR,AVG,AVG,POOR,student_636,computer programmer
,Computer programmer,S638,16,5,9,16,7,11,12,5,s638,BEST,POOR,POOR,BEST,POOR,AVG,AVG,POOR,student_637,computer programmer
,Computer programmer,S639,15,6,10,17,8,11,13,6,s639,BEST,POOR,POOR,BEST,POOR,AVG,AVG,POOR,student_638,computer programmer
,Computer programmer,S640,19,5,5,18,9,13,14,7,s640,BEST,POOR,POOR,BEST,POOR,AVG,AVG,POOR,student_639,computer programmer
,Computer programmer,S641,18,6,6,19,5,13,14,8,s641,BEST,POOR,POOR,BEST,POOR,AVG,AVG,POOR,student_640,computer programmer
,Computer programmer,S642,17,5,7,20,6,13,13,9,s642,BEST,POOR,POOR,BEST,POOR,AVG,AVG,POOR,student_641,computer programmer
,Computer programmer,S643,16,6,8,15,7,13,12,10,s643,BEST,POOR,POOR,BEST,POOR,AVG,AVG,POOR,student_642,computer programmer
,Computer programmer,S644,15,5,9,16,8,13,12,5,s644,BEST,POOR,POOR,BEST,POOR,AVG,AVG,POOR,student_643,computer programmer
,Computer programmer,S645,19,6,10,17,9,13,11,6,s645,BEST,POOR,POOR,BEST,POOR,AVG,AVG,POOR,student_644,computer programmer
,Computer programmer,S646,18,5,6,18,5,13,11,7,s646,BEST,POOR,POOR,BEST,POOR,AVG,AVG,POOR,student_645,computer programmer
,Computer programmer,S647,17,6,7,19,6,13,11,8,s647,BEST,POOR,POOR,BEST,POOR,AVG,AVG,POOR,student_646,computer programmer
,Computer programmer,S648,16,5,8,20,7,13,11,9,s648,BEST,POOR,POOR,BEST,POOR,AVG,AVG,POOR,student_647,computer programmer
,Computer programmer,S649,15,6,9,16,8,13,11,8,s649,BEST,POOR,POOR,BEST,POOR,AVG,AVG,POOR,student_648,computer programmer
,Computer programmer,S650,19,7,10,17,9,13,11,9,s650,BEST,POOR,POOR,BEST,POOR,AVG,AVG,POOR,student_649,computer programmer
,Database designer,S651,13,5,9,15,9,15,6,14,s651,AVG,POOR,POOR,BEST,POOR,BEST,POOR,AVG,student_650,database designer
,Database designer,S652,12,6,9,15,9,16,6,14,s652,AVG,POOR,POOR,BEST,POOR,BEST,POOR,AVG,student_651,database designer
,Database designer,S653,12,7,9,16,9,17,6,14,s653,AVG,POOR,POOR,BEST,POOR,BEST,POOR,AVG,student_652,database designer
,Database designer,S654,12,8,9,16,9,20,6,14,s654,AVG,POOR,POOR,BEST,POOR,BEST,POOR,AVG,student_653,database designer
,Database designer,S655,12,9,9,17,9,15,6,14,s655,AVG,POOR,POOR,BEST,POOR,BEST,POOR,AVG,student_654,database designer
,Database designer,S656,12,10,9,17,9,17,6,14,s656,AVG,POOR,POOR,BEST,POOR,BEST,POOR,AVG,student_655,database designer
,Database designer,S657,12,5,9,18,9,16,6,14,s657,AVG,POOR,POOR,BEST,POOR,BEST,POOR,AVG,student_656,database designer
,Database designer,S658,12,6,9,18,9,15,6,14,s658,AVG,POOR,POOR,BEST,POOR,BEST,POOR,AVG,student_657,database designer
,Database designer,S659,12,7,9,19,9,16,6,14,s659,AVG,POOR,POOR,BEST,POOR,BEST,POOR,AVG,student_658,database designer
,Database designer,S660,12,8,9,19,9,17,9,14,s660,AVG,POOR,POOR,BEST,POOR,BEST,POOR,AVG,student_659,database designer
,Database designer,S661,12,9,8,20,9,20,8,14,s661,AVG,POOR,POOR,BEST,POOR,BEST,POOR,AVG,student_660,database designer
,Database designer,S662,12,10,8,20,9,15,8,14,s662,AVG,POOR,POOR,BEST,POOR,BEST,POOR,AVG,student_661,database designer
,Database designer,S663,12,5,8,15,9,17,8,14,s663,AVG,POOR,POOR,BEST,POOR,BEST,POOR,AVG,student_662,database designer
,Database designer,S664,12,6,8,15,9,16,8,14,s664,AVG,POOR,POOR,BEST,POOR,BEST,POOR,AVG,student_663,database designer
,Database designer,S665,12,7,8,16,9,15,8,14,s665,AVG,POOR,POOR,BEST,POOR,BEST,POOR,AVG,student_664,database designer
,Database designer,S666,11,8,6,16,9,16,6,14,s666,AVG,POOR,POOR,BEST,POOR,BEST,POOR,AVG,student_665,database designer
,Database designer,S667,11,9,6,17,9,17,6,14,s667,AVG,POOR,POOR,BEST,POOR,BEST,POOR,AVG,student_666,database designer
,Database designer,S668,11,10,6,17,8,20,6,14,s668,AVG,POOR,POOR,BEST,POOR,BEST,POOR,AVG,student_667,database designer
,Database designer,S669,11,5,6,18,8,15,6,14,s669,AVG,POOR,POOR,BEST,POOR,BEST,POOR,AVG,student_668,database designer
,Database designer,S670,11,6,6,18,8,17,6,14,s670,AVG,POOR,POOR,BEST,POOR,BEST,POOR,AVG,student_669,database designer
,Database designer,S671,11,7,6,19,8,16,6,14,s671,AVG,POOR,POOR,BEST,POOR,BEST,POOR,AVG,student_670,database designer
,Database designer,S672,11,8,6,19,8,15,6,14,s672,AVG,POOR,POOR,BEST,POOR,BEST,POOR,AVG,student_671,database designer
,Database designer,S673,11,9,6,20,8,16,6,14,s673,AVG,POOR,POOR,BEST,POOR,BEST,POOR,AVG,student_672,database designer
,Database designer,S674,11,10,5,20,8,17,5,14,s674,AVG,POOR,POOR,BEST,POOR,BEST,POOR,AVG,student_673,database designer
,Database designer,S675,11,5,5,15,8,20,5,14,s675,AVG,POOR,POOR,BEST,POOR,BEST,POOR,AVG,student_674,database designer
,Database designer,S676,11,6,5,15,8,15,5,14,s676,AVG,POOR,POOR,BEST,POOR,BEST,POOR,AVG,student_675,database designer
,Database designer,S677,11,7,5,16,8,17,9,14,s677,AVG,POOR,POOR,BEST,POOR,BEST,POOR,AVG,student_676,database designer
,Database designer,S678,13,8,5,16,8,16,8,14,s678,AVG,POOR,POOR,BEST,POOR,BEST,POOR,AVG,student_677,database designer
,Database designer,S679,13,9,5,17,8,16,8,14,s679,AVG,POOR,POOR,BEST,POOR,BEST,POOR,AVG,student_678,database designer
,Database designer,S680,13,10,10,17,8,15,8,14,s680,AVG,POOR,POOR,BEST,POOR,BEST,POOR,AVG,student_679,database designer
,Database designer,S681,13,5,10,18,8,16,8,14,s681,AVG,POOR,POOR,BEST,POOR,BEST,POOR,AVG,student_680,database designer
,Database designer,S682,13,6,10,18,8,17,8,14,s682,AVG,POOR,POOR,BEST,POOR,BEST,POOR,AVG,student_681,database designer
,Database designer,S683,13,7,10,19,8,20,6,14,s683,AVG,POOR,POOR,BEST,POOR,BEST,POOR,AVG,student_682,database designer
,Database designer,S684,13,8,10,19,8,15,6,14,s684,AVG,POOR,POOR,BEST,POOR,BEST,POOR,AVG,student_683,database designer
,Database designer,S685,13,9,10,20,8,17,6,14,s685,AVG,POOR,POOR,BEST,POOR,BEST,POOR,AVG,student_684,database designer
,Database designer,S686,13,10,10,20,8,16,6,14,s686,AVG,POOR,POOR,BEST,POOR,BEST,POOR,AVG,student_685,database designer
,Database designer,S687,13,5,10,15,8,16,6,14,s687,AVG,POOR,POOR,BEST,POOR,BEST,POOR,AVG,student_686,database designer
,Database designer,S688,13,6,5,15,8,15,6,14,s688,AVG,POOR,POOR,BEST,POOR,BEST,POOR,AVG,student_687,database designer
,Database designer,S689,11,7,5,16,8,16,6,14,s689,AVG,POOR,POOR,BEST,POOR,BEST,POOR,AVG,student_688,database designer
,Database designer,S690,12,8,6,16,8,17,6,14,s690,AVG,POOR,POOR,BEST,POOR,BEST,POOR,AVG,student_689,database designer
,Database designer,S691,13,9,6,17,8,20,5,14,s691,AVG,POOR,POOR,BEST,POOR,BEST,POOR,AVG,student_690,database designer
,Database designer,S692,14,10,7,17,7,15,5,14,s692,AVG,POOR,POOR,BEST,POOR,BEST,POOR,AVG,student_691,database designer
,Database designer,S693,14,5,7,18,7,16,5,14,s693,AVG,POOR,POOR,BEST,POOR,BEST,POOR,AVG,student_692,database designer
,Database designer,S694,13,6,5,18,7,15,6,14,s694,AVG,POOR,POOR,BEST,POOR,BEST,POOR,AVG,student_693,database designer
,Database designer,S695,12,7,5,19,7,16,7,14,s695,AVG,POOR,POOR,BEST,POOR,BEST,POOR,AVG,student_694,database designer
,Database designer,S696,11,8,6,19,7,17,5,14,s696,AVG,POOR,POOR,BEST,POOR,BEST,POOR,AVG,student_695,database designer
,Database designer,S697,14,9,6,20,7,20,5,14,s697,AVG,POOR,POOR,BEST,POOR,BEST,POOR,AVG,student_696,database designer
,Database designer,S698,13,10,7,20,7,15,5,14,s698,AVG,POOR,POOR,BEST,POOR,BEST,POOR,AVG,student_697,database designer
,Database designer,S699,12,10,7,15,7,17,6,14,s699,AVG,POOR,POOR,BEST,POOR,BEST,POOR,AVG,student_698,database designer
,Database designer,S700,11,9,6,16,7,16,7,14,s700,AVG,POOR,POOR,BEST,POOR,BEST,POOR,AVG,student_699,database designer
,Economist,S701,14,13,5,15,7,16,16,8,s701,AVG,AVG,POOR,BEST,POOR,BEST,BEST,POOR,student_700,economist
,Economist,S702,12,12,6,15,5,20,15,9,s702,AVG,AVG,POOR,BEST,POOR,BEST,BEST,POOR,student_701,economist
,Economist,S703,11,11,7,15,6,19,16,10,s703,AVG,AVG,POOR,BEST,POOR,BEST,BEST,POOR,student_702,economist
,Economist,S704,13,11,8,15,7,15,17,5,s704,AVG,AVG,POOR,BEST,POOR,BEST,BEST,POOR,student_703,economist
,Economist,S705,12,13,9,15,5,17,20,6,s705,AVG,AVG,POOR,BEST,POOR,BEST,BEST,POOR,student_704,economist
,Economist,S706,11,13,10,15,5,16,16,7,s706,AVG,AVG,POOR,BEST,POOR,BEST,BEST,POOR,student_705,economist
,Economist,S707,11,12,5,15,6,20,15,8,s707,AVG,AVG,POOR,BEST,POOR,BEST,BEST,POOR,student_706,economist
,Economist,S708,13,11,6,15,7,19,16,9,s708,AVG,AVG,POOR,BEST,POOR,BEST,BEST,POOR,student_707,economist
,Economist,S709,12,11,7,15,5,15,17,10,s709,AVG,AVG,POOR,BEST,POOR,BEST,BEST,POOR,student_708,economist
,Economist,S710,14,13,8,15,5,17,20,5,s710,AVG,AVG,POOR,BEST,POOR,BEST,BEST,POOR,student_709,economist
,Economist,S711,14,13,9,15,6,16,16,6,s711,AVG,AVG,POOR,BEST,POOR,BEST,BEST,POOR,student_710,economist
,Economist,S712,12,12,10,15,7,20,15,7,s712,AVG,AVG,POOR,BEST,POOR,BEST,BEST,POOR,student_711,economist
,Economist,S713,11,11,5,15,5,19,16,8,s713,AVG,AVG,POOR,BEST,POOR,BEST,BEST,POOR,student_712,economist
,Economist,S714,13,11,6,15,5,15,17,9,s714,AVG,AVG,POOR,BEST,POOR,BEST,BEST,POOR,student_713,economist
,Economist,S715,12,13,7,16,6,17,20,10,s715,AVG,AVG,POOR,BEST,POOR,BEST,BEST,POOR,student_714,economist
,Economist,S716,11,13,8,16,7,16,16,5,s716,AVG,AVG,POOR,BEST,POOR,BEST,BEST,POOR,student_715,economist
,Economist,S717,11,12,9,17,5,20,15,6,s717,AVG,AVG,POOR,BEST,POOR,BEST,BEST,POOR,student_716,economist
,Economist,S718,13,11,10,17,5,19,16,7,s718,AVG,AVG,POOR,BEST,POOR,BEST,BEST,POOR,student_717,economist
,Economist,S719,12,11,5,18,6,15,17,8,s719,AVG,AVG,POOR,BEST,POOR,BEST,BEST,POOR,student_718,economist
,Economist,S720,14,13,6,18,7,17,16,9,s720,AVG,AVG,POOR,BEST,POOR,BEST,BEST,POOR,student_719,economist
,Economist,S721,14,13,7,15,5,16,15,10,s721,AVG,AVG,POOR,BEST,POOR,BEST,BEST,POOR,student_720,economist
,Economist,S722,12,12,8,15,5,20,16,5,s722,AVG,AVG,POOR,BEST,POOR,BEST,BEST,POOR,student_721,economist
,Economist,S723,11,11,9,16,6,19,17,6,s723,AVG,AVG,POOR,BEST,POOR,BEST,BEST,POOR,student_722,economist
,Economist,S724,13,11,10,16,7,15,20,7,s724,AVG,AVG,POOR,BEST,POOR,BEST,BEST,POOR,student_723,economist
,Economist,S725,12,13,5,17,5,17,16,8,s725,AVG,AVG,POOR,BEST,POOR,BEST,BEST,POOR,student_724,economist
,Economist,S726,11,13,6,17,5,16,15,9,s726,AVG,AVG,POOR,BEST,POOR,BEST,BEST,POOR,student_725,economist
,Economist,S727,11,12,7,18,6,20,16,10,s727,AVG,AVG,POOR,BEST,POOR,BEST,BEST,POOR,student_726,economist
,Economist,S728,13,11,8,18,7,19,17,5,s728,AVG,AVG,POOR,BEST,POOR,BEST,BEST,POOR,student_727,economist
,Economist,S729,12,11,9,15,5,15,20,6,s729,AVG,AVG,POOR,BEST,POOR,BEST,BEST,POOR,student_728,economist
,Economist,S730,14,13,10,15,5,17,16,7,s730,AVG,AVG,POOR,BEST,POOR,BEST,BEST,POOR,student_729,economist
,Economist,S731,14,13,5,16,6,16,15,8,s731,AVG,AVG,POOR,BEST,POOR,BEST,BEST,POOR,student_730,economist
,Economist,S732,12,12,6,16,7,20,16,9,s732,AVG,AVG,POOR,BEST,POOR,BEST,BEST,POOR,student_731,economist
,Economist,S733,11,11,7,17,5,19,17,10,s733,AVG,AVG,POOR,BEST,POOR,BEST,BEST,POOR,student_732,economist
,Economist,S734,13,11,8,17,5,15,20,5,s734,AVG,AVG,POOR,BEST,POOR,BEST,BEST,POOR,student_733,economist
,Economist,S735,12,13,9,18,6,17,16,6,s735,AVG,AVG,POOR,BEST,POOR,BEST,BEST,POOR,student_734,economist
,Economist,S736,11,13,10,18,7,16,15,7,s736,AVG,AVG,POOR,BEST,POOR,BEST,BEST,POOR,student_735,economist
,Economist,S737,11,12,5,15,5,20,16,8,s737,AVG,AVG,POOR,BEST,POOR,BEST,BEST,POOR,student_736,economist
,Economist,S738,13,11,6,15,5,19,17,9,s738,AVG,AVG,POOR,BEST,POOR,BEST,BEST,POOR,student_737,economist
,Economist,S739,12,11,7,16,6,15,20,10,s739,AVG,AVG,POOR,BEST,POOR,BEST,BEST,POOR,student_738,economist
,Economist,S740,14,13,8,16,7,17,16,5,s740,AVG,AVG,POOR,BEST,POOR,BEST,BEST,POOR,student_739,economist
,Economist,S741,14,13,9,17,5,16,15,6,s741,AVG,AVG,POOR,BEST,POOR,BEST,BEST,POOR,student_740,economist
,Economist,S742,12,12,10,17,5,20,16,7,s742,AVG,AVG,POOR,BEST,POOR,BEST,BEST,POOR,student_741,economist
,Economist,S743,11,11,5,18,6,19,17,8,s743,AVG,AVG,POOR,BEST,POOR,BEST,BEST,POOR,student_742,economist
,Economist,S744,13,11,6,18,7,15,20,9,s744,AVG,AVG,POOR,BEST,POOR,BEST,BEST,POOR,student_743,economist
,Economist,S745,12,13,7,16,5,17,16,10,s745,AVG,AVG,POOR,BEST,POOR,BEST,BEST,POOR,student_744,economist
,Economist,S746,11,13,8,17,5,16,15,5,s746,AVG,AVG,POOR,BEST,POOR,BEST,BEST,POOR,student_745,economist
,Economist,S747,11,12,9,17,6,20,16,6,s747,AVG,AVG,POOR,BEST,POOR,BEST,BEST,POOR,student_746,economist
,Economist,S748,13,11,10,18,7,19,17,7,s748,AVG,AVG,POOR,BEST,POOR,BEST,BEST,POOR,student_747,economist
,Economist,S749,12,11,5,18,5,15,20,10,s749,AVG,AVG,POOR,BEST,POOR,BEST,BEST,POOR,student_748,economist
,Economist,S750,14,13,7,19,7,17,17,8,s750,AVG,AVG,POOR,BEST,POOR,BEST,BEST,POOR,student_749,economist
,Librarian,S751,11,5,16,20,12,13,17,6,s751,AVG,POOR,BEST,BEST,AVG,AVG,BEST,POOR,student_750,librarian
,Librarian,S752,12,5,20,19,11,13,17,5,s752,AVG,POOR,BEST,BEST,AVG,AVG,BEST,POOR,student_751,librarian
,Librarian,S753,13,6,19,15,11,13,17,6,s753,AVG,POOR,BEST,BEST,AVG,AVG,BEST,POOR,student_752,librarian
,Librarian,S754,14,5,15,17,13,13,17,6,s754,AVG,POOR,BEST,BEST,AVG,AVG,BEST,POOR,student_753,librarian
,Librarian,S755,13,5,17,16,13,13,17,7,s755,AVG,POOR,BEST,BEST,AVG,AVG,BEST,POOR,student_754,librarian
,Librarian,S756,12,5,16,20,12,13,17,8,s756,AVG,POOR,BEST,BEST,AVG,AVG,BEST,POOR,student_755,librarian
,Librarian,S757,11,6,20,19,12,13,17,6,s757,AVG,POOR,BEST,BEST,AVG,AVG,BEST,POOR,student_756,librarian
,Librarian,S758,11,5,19,15,11,13,17,9,s758,AVG,POOR,BEST,BEST,AVG,AVG,BEST,POOR,student_757,librarian
,Librarian,S759,12,7,15,17,11,13,17,6,s759,AVG,POOR,BEST,BEST,AVG,AVG,BEST,POOR,student_758,librarian
,Librarian,S760,13,9,17,16,13,13,17,10,s760,AVG,POOR,BEST,BEST,AVG,AVG,BEST,POOR,student_759,librarian
,Librarian,S761,14,10,16,20,13,13,17,6,s761,AVG,POOR,BEST,BEST,AVG,AVG,BEST,POOR,student_760,librarian
,Librarian,S762,13,5,20,19,12,13,17,6,s762,AVG,POOR,BEST,BEST,AVG,AVG,BEST,POOR,student_761,librarian
,Librarian,S763,12,6,19,15,12,13,17,6,s763,AVG,POOR,BEST,BEST,AVG,AVG,BEST,POOR,student_762,librarian
,Librarian,S764,11,5,15,17,11,13,17,6,s764,AVG,POOR,BEST,BEST,AVG,AVG,BEST,POOR,student_763,librarian
,Librarian,S765,11,7,17,16,11,13,17,6,s765,AVG,POOR,BEST,BEST,AVG,AVG,BEST,POOR,student_764,librarian
,Librarian,S766,12,9,16,20,13,13,17,6,s766,AVG,POOR,BEST,BEST,AVG,AVG,BEST,POOR,student_765,librarian
,Librarian,S767,13,10,20,19,13,13,17,6,s767,AVG,POOR,BEST,BEST,AVG,AVG,BEST,POOR,student_766,librarian
,Librarian,S768,14,5,19,15,12,13,17,6,s768,AVG,POOR,BEST,BEST,AVG,AVG,BEST,POOR,student_767,librarian
,Librarian,S769,13,5,15,17,12,13,17,6,s769,AVG,POOR,BEST,BEST,AVG,AVG,BEST,POOR,student_768,librarian
,Librarian,S770,12,6,17,16,11,13,17,6,s770,AVG,POOR,BEST,BEST,AVG,AVG,BEST,POOR,student_769,librarian
,Librarian,S771,11,5,16,20,11,14,17,10,s771,AVG,POOR,BEST,BEST,AVG,AVG,BEST,POOR,student_770,librarian
,Librarian,S772,11,7,20,19,13,14,17,10,s772,AVG,POOR,BEST,BEST,AVG,AVG,BEST,POOR,student_771,librarian
,Librarian,S773,12,9,19,15,13,14,17,10,s773,AVG,POOR,BEST,BEST,AVG,AVG,BEST,POOR,student_772,librarian
,Librarian,S774,13,10,15,17,12,14,16,10,s774,AVG,POOR,BEST,BEST,AVG,AVG,BEST,POOR,student_773,librarian
,Librarian,S775,14,7,17,16,12,14,16,10,s775,AVG,POOR,BEST,BEST,AVG,AVG,BEST,POOR,student_774,librarian
,Librarian,S776,13,7,16,20,11,14,16,10,s776,AVG,POOR,BEST,BEST,AVG,AVG,BEST,POOR,student_775,librarian
,Librarian,S777,12,6,20,19,11,14,16,10,s777,AVG,POOR,BEST,BEST,AVG,AVG,BEST,POOR,student_776,librarian
,Librarian,S778,11,5,19,15,13,14,16,10,s778,AVG,POOR,BEST,BEST,AVG,AVG,BEST,POOR,student_777,librarian
,Librarian,S779,13,7,15,17,13,14,16,10,s779,AVG,POOR,BEST,BEST,AVG,AVG,BEST,POOR,student_778,librarian
,Librarian,S780,11,9,17,16,12,14,16,10,s780,AVG,POOR,BEST,BEST,AVG,AVG,BEST,POOR,student_779,librarian
,Librarian,S781,12,10,16,20,12,14,16,10,s781,AVG,POOR,BEST,BEST,AVG,AVG,BEST,POOR,student_780,librarian
,Librarian,S782,13,7,20,19,11,14,16,10,s782,AVG,POOR,BEST,BEST,AVG,AVG,BEST,POOR,student_781,librarian
,Librarian,S783,14,6,19,15,11,14,16,10,s783,AVG,POOR,BEST,BEST,AVG,AVG,BEST,POOR,student_782,librarian
,Librarian,S784,13,5,15,17,13,14,16,10,s784,AVG,POOR,BEST,BEST,AVG,AVG,BEST,POOR,student_783,librarian
,Librarian,S785,12,7,17,16,13,14,16,10,s785,AVG,POOR,BEST,BEST,AVG,AVG,BEST,POOR,student_784,librarian
,Librarian,S786,11,9,16,20,12,14,16,10,s786,AVG,POOR,BEST,BEST,AVG,AVG,BEST,POOR,student_785,librarian
,Librarian,S787,13,10,20,19,12,12,16,10,s787,AVG,POOR,BEST,BEST,AVG,AVG,BEST,POOR,student_786,librarian
,Librarian,S788,11,9,19,15,11,12,16,10,s788,AVG,POOR,BEST,BEST,AVG,AVG,BEST,POOR,student_787,librarian
,Librarian,S789,12,6,15,17,11,12,16,10,s789,AVG,POOR,BEST,BEST,AVG,AVG,BEST,POOR,student_788,librarian
,Librarian,S790,13,5,17,16,13,12,16,8,s790,AVG,POOR,BEST,BEST,AVG,AVG,BEST,POOR,student_789,librarian
,Librarian,S791,14,7,16,20,13,12,16,8,s791,AVG,POOR,BEST,BEST,AVG,AVG,BEST,POOR,student_790,librarian
,Librarian,S792,13,9,20,19,12,12,16,8,s792,AVG,POOR,BEST,BEST,AVG,AVG,BEST,POOR,student_791,librarian
,Librarian,S793,12,10,19,15,12,12,18,8,s793,AVG,POOR,BEST,BEST,AVG,AVG,BEST,POOR,student_792,librarian
,Librarian,S794,11,7,15,17,11,12,18,8,s794,AVG,POOR,BEST,BEST,AVG,AVG,BEST,POOR,student_793,librarian
,Librarian,S795,12,9,17,16,11,12,18,8,s795,AVG,POOR,BEST,BEST,AVG,AVG,BEST,POOR,student_794,librarian
,Librarian,S796,13,10,16,20,13,12,18,8,s796,AVG,POOR,BEST,BEST,AVG,AVG,BEST,POOR,student_795,librarian
,Librarian,S797,14,9,20,19,13,12,18,8,s797,AVG,POOR,BEST,BEST,AVG,AVG,BEST,POOR,student_796,librarian
,Librarian,S798,13,9,19,15,12,12,18,8,s798,AVG,POOR,BEST,BEST,AVG,AVG,BEST,POOR,student_797,librarian
,Librarian,S799,12,7,15,17,11,12,18,8,s799,AVG,POOR,BEST,BEST,AVG,AVG,BEST,POOR,student_798,librarian
,Librarian,S800,11,7,17,16,11,12,18,8,s800,AVG,POOR,BEST,BEST,AVG,AVG,BEST,POOR,student_799,librarian
,Engineer,S801,11,5,6,18,19,12,18,7,s801,AVG,POOR,POOR,BEST,BEST,AVG,BEST,POOR,student_800,engineer
,Engineer,S802,12,5,6,17,19,12,19,0,s802,AVG,POOR,POOR,BEST,BEST,AVG,BEST,,student_801,engineer
,Engineer,S803,13,5,6,15,19,12,17,8,s803,AVG,POOR,POOR,BEST,BEST,AVG,BEST,POOR,student_802,engineer
,Engineer,S804,14,5,6,19,19,12,15,8,s804,AVG,POOR,POOR,BEST,BEST,AVG,BEST,POOR,student_803,engineer
,Engineer,S805,13,5,6,20,19,12,20,8,s805,AVG,POOR,POOR,BEST,BEST,AVG,BEST,POOR,student_804,engineer
,Engineer,S806,12,5,6,18,19,12,20,8,s806,AVG,POOR,POOR,BEST,BEST,AVG,BEST,POOR,student_805,engineer
,Engineer,S807,11,5,6,19,19,12,20,8,s807,AVG,POOR,POOR,BEST,BEST,AVG,BEST,POOR,student_806,engineer
,Engineer,S808,11,6,5,17,19,12,20,8,s808,AVG,POOR,POOR,BEST,BEST,AVG,BEST,POOR,student_807,engineer
,Engineer,S809,12,6,5,15,19,12,18,8,s809,AVG,POOR,POOR,BEST,BEST,AVG,BEST,POOR,student_808,engineer
,Engineer,S810,13,6,5,18,19,12,19,8,s810,AVG,POOR,POOR,BEST,BEST,AVG,BEST,POOR,student_809,engineer
,Engineer,S811,14,6,5,17,19,12,17,8,s811,AVG,POOR,POOR,BEST,BEST,AVG,BEST,POOR,student_810,engineer
,Engineer,S812,13,6,5,15,19,12,15,8,s812,AVG,POOR,POOR,BEST,BEST,AVG,BEST,POOR,student_811,engineer
,Engineer,S813,12,6,5,19,19,12,20,8,s813,AVG,POOR,POOR,BEST,BEST,AVG,BEST,POOR,student_812,engineer
,Engineer,S814,11,6,5,20,19,12,20,8,s814,AVG,POOR,POOR,BEST,BEST,AVG,BEST,POOR,student_813,engineer
,Engineer,S815,11,7,8,18,19,12,20,8,s815,AVG,POOR,POOR,BEST,BEST,AVG,BEST,POOR,student_814,engineer
,Engineer,S816,12,7,8,19,19,12,20,8,s816,AVG,POOR,POOR,BEST,BEST,AVG,BEST,POOR,student_815,engineer
,Engineer,S817,13,7,8,17,19,13,20,8,s817,AVG,POOR,POOR,BEST,BEST,AVG,BEST,POOR,student_816,engineer
,Engineer,S818,14,7,8,15,19,14,20,8,s818,AVG,POOR,POOR,BEST,BEST,AVG,BEST,POOR,student_817,engineer
,Engineer,S819,13,7,8,18,19,11,20,8,s819,AVG,POOR,POOR,BEST,BEST,AVG,BEST,POOR,student_818,engineer
,Engineer,S820,12,7,8,17,19,12,18,8,s820,AVG,POOR,POOR,BEST,BEST,AVG,BEST,POOR,student_819,engineer
,Engineer,S821,11,7,8,15,19,13,19,8,s821,AVG,POOR,POOR,BEST,BEST,AVG,BEST,POOR,student_820,engineer
,Engineer,S822,11,7,8,19,19,14,17,7,s822,AVG,POOR,POOR,BEST,BEST,AVG,BEST,POOR,student_821,engineer
,Engineer,S823,12,5,7,20,19,11,15,7,s823,AVG,POOR,POOR,BEST,BEST,AVG,BEST,POOR,student_822,engineer
,Engineer,S824,13,6,7,18,19,12,20,7,s824,AVG,POOR,POOR,BEST,BEST,AVG,BEST,POOR,student_823,engineer
,Engineer,S825,14,7,7,19,19,13,20,7,s825,AVG,POOR,POOR,BEST,BEST,AVG,BEST,POOR,student_824,engineer
,Engineer,S826,13,8,7,17,20,14,20,7,s826,AVG,POOR,POOR,BEST,BEST,AVG,BEST,POOR,student_825,engineer
,Engineer,S827,12,9,7,15,20,11,18,6,s827,AVG,POOR,POOR,BEST,BEST,AVG,BEST,POOR,student_826,engineer
,Engineer,S828,11,10,7,18,20,12,19,7,s828,AVG,POOR,POOR,BEST,BEST,AVG,BEST,POOR,student_827,engineer
,Engineer,S829,11,5,7,17,20,13,17,8,s829,AVG,POOR,POOR,BEST,BEST,AVG,BEST,POOR,student_828,engineer
,Engineer,S830,12,6,7,15,20,14,15,9,s830,AVG,POOR,POOR,BEST,BEST,AVG,BEST,POOR,student_829,engineer
,Engineer,S831,13,7,7,19,20,11,20,10,s831,AVG,POOR,POOR,BEST,BEST,AVG,BEST,POOR,student_830,engineer
,Engineer,S832,14,8,7,20,20,12,20,5,s832,AVG,POOR,POOR,BEST,BEST,AVG,BEST,POOR,student_831,engineer
,Engineer,S833,13,9,7,18,20,13,20,7,s833,AVG,POOR,POOR,BEST,BEST,AVG,BEST,POOR,student_832,engineer
,Engineer,S834,12,10,8,19,20,14,20,7,s834,AVG,POOR,POOR,BEST,BEST,AVG,BEST,POOR,student_833,engineer
,Engineer,S835,11,5,8,17,20,11,20,7,s835,AVG,POOR,POOR,BEST,BEST,AVG,BEST,POOR,student_834,engineer
,Engineer,S836,11,6,8,15,20,12,20,7,s836,AVG,POOR,POOR,BEST,BEST,AVG,BEST,POOR,student_835,engineer
,Engineer,S837,12,7,8,18,20,13,20,7,s837,AVG,POOR,POOR,BEST,BEST,AVG,BEST,POOR,student_836,engineer
,Engineer,S838,13,8,8,17,20,14,18,7,s838,AVG,POOR,POOR,BEST,BEST,AVG,BEST,POOR,student_837,engineer
,Engineer,S839,14,9,8,15,20,11,19,7,s839,AVG,POOR,POOR,BEST,BEST,AVG,BEST,POOR,student_838,engineer
,Engineer,S840,13,10,8,19,20,12,17,7,s840,AVG,POOR,POOR,BEST,BEST,AVG,BEST,POOR,student_839,engineer
,Engineer,S841,12,5,8,20,20,13,15,6,s841,AVG,POOR,POOR,BEST,BEST,AVG,BEST,POOR,student_840,engineer
,Engineer,S842,11,6,9,18,20,14,20,7,s842,AVG,POOR,POOR,BEST,BEST,AVG,BEST,POOR,student_841,engineer
,Engineer,S843,11,7,9,19,20,11,20,8,s843,AVG,POOR,POOR,BEST,BEST,AVG,BEST,POOR,student_842,engineer
,Engineer,S844,12,8,9,17,16,12,20,9,s844,AVG,POOR,POOR,BEST,BEST,AVG,BEST,POOR,student_843,engineer
,Engineer,S845,13,9,9,15,16,13,20,10,s845,AVG,POOR,POOR,BEST,BEST,AVG,BEST,POOR,student_844,engineer
,Engineer,S846,14,10,9,16,16,14,20,5,s846,AVG,POOR,POOR,BEST,BEST,AVG,BEST,POOR,student_845,engineer
,Engineer,S847,11,7,9,18,16,11,20,7,s847,AVG,POOR,POOR,BEST,BEST,AVG,BEST,POOR,student_846,engineer
,Engineer,S848,12,8,9,19,16,13,20,9,s848,AVG,POOR,POOR,BEST,BEST,AVG,BEST,POOR,student_847,engineer
,Engineer,S849,13,9,5,17,16,14,20,9,s849,AVG,POOR,POOR,BEST,BEST,AVG,BEST,POOR,student_848,engineer
,Engineer,S850,14,10,7,15,16,11,20,9,s850,AVG,POOR,POOR,BEST,BEST,AVG,BEST,POOR,student_849,engineer
,Lawyer,S851,20,5,14,19,7,17,16,5,s851,BEST,POOR,AVG,BEST,POOR,BEST,BEST,POOR,student_850,lawyer
,Lawyer,S852,19,5,14,19,7,17,16,5,s852,BEST,POOR,AVG,BEST,POOR,BEST,BEST,POOR,student_851,lawyer
,Lawyer,S853,18,5,13,19,7,17,16,5,s853,BEST,POOR,AVG,BEST,POOR,BEST,BEST,POOR,student_852,lawyer
,Lawyer,S854,17,5,13,19,7,17,16,6,s854,BEST,POOR,AVG,BEST,POOR,BEST,BEST,POOR,student_853,lawyer
,Lawyer,S855,16,5,11,19,7,17,16,7,s855,BEST,POOR,AVG,BEST,POOR,BEST,BEST,POOR,student_854,lawyer
,Lawyer,S856,15,5,12,19,7,17,16,8,s856,BEST,POOR,AVG,BEST,POOR,BEST,BEST,POOR,student_855,lawyer
,Lawyer,S857,20,5,14,19,7,17,16,9,s857,BEST,POOR,AVG,BEST,POOR,BEST,BEST,POOR,student_856,lawyer
,Lawyer,S858,19,5,14,19,7,17,16,10,s858,BEST,POOR,AVG,BEST,POOR,BEST,BEST,POOR,student_857,lawyer
,Lawyer,S859,18,5,13,19,7,17,16,5,s859,BEST,POOR,AVG,BEST,POOR,BEST,BEST,POOR,student_858,lawyer
,Lawyer,S860,17,5,13,19,6,17,16,5,s860,BEST,POOR,AVG,BEST,POOR,BEST,BEST,POOR,student_859,lawyer
,Lawyer,S861,16,5,11,19,7,17,16,5,s861,BEST,POOR,AVG,BEST,POOR,BEST,BEST,POOR,student_860,lawyer
,Lawyer,S862,15,5,12,19,8,17,16,5,s862,BEST,POOR,AVG,BEST,POOR,BEST,BEST,POOR,student_861,lawyer
,Lawyer,S863,20,5,14,19,9,17,16,6,s863,BEST,POOR,AVG,BEST,POOR,BEST,BEST,POOR,student_862,lawyer
,Lawyer,S864,19,5,14,19,10,17,16,7,s864,BEST,POOR,AVG,BEST,POOR,BEST,BEST,POOR,student_863,lawyer
,Lawyer,S865,18,5,13,19,5,17,16,8,s865,BEST,POOR,AVG,BEST,POOR,BEST,BEST,POOR,student_864,lawyer
,Lawyer,S866,17,5,13,19,7,17,16,9,s866,BEST,POOR,AVG,BEST,POOR,BEST,BEST,POOR,student_865,lawyer
,Lawyer,S867,16,5,11,19,8,16,16,10,s867,BEST,POOR,AVG,BEST,POOR,BEST,BEST,POOR,student_866,lawyer
,Lawyer,S868,15,5,12,19,8,16,16,5,s868,BEST,POOR,AVG,BEST,POOR,BEST,BEST,POOR,student_867,lawyer
,Lawyer,S869,20,5,14,19,8,16,16,7,s869,BEST,POOR,AVG,BEST,POOR,BEST,BEST,POOR,student_868,lawyer
,Lawyer,S870,19,5,14,19,8,16,16,7,s870,BEST,POOR,AVG,BEST,POOR,BEST,BEST,POOR,student_869,lawyer
,Lawyer,S871,18,5,13,19,8,16,16,7,s871,BEST,POOR,AVG,BEST,POOR,BEST,BEST,POOR,student_870,lawyer
,Lawyer,S872,17,6,13,19,8,16,16,7,s872,BEST,POOR,AVG,BEST,POOR,BEST,BEST,POOR,student_871,lawyer
,Lawyer,S873,16,6,11,19,8,16,16,7,s873,BEST,POOR,AVG,BEST,POOR,BEST,BEST,POOR,student_872,lawyer
,Lawyer,S874,15,6,12,19,6,16,16,7,s874,BEST,POOR,AVG,BEST,POOR,BEST,BEST,POOR,student_873,lawyer
,Lawyer,S875,20,6,14,19,7,16,16,7,s875,BEST,POOR,AVG,BEST,POOR,BEST,BEST,POOR,student_874,lawyer
,Lawyer,S876,19,6,14,19,8,16,16,7,s876,BEST,POOR,AVG,BEST,POOR,BEST,BEST,POOR,student_875,lawyer
,Lawyer,S877,18,6,13,19,9,16,16,7,s877,BEST,POOR,AVG,BEST,POOR,BEST,BEST,POOR,student_876,lawyer
,Lawyer,S878,17,6,13,19,10,16,16,7,s878,BEST,POOR,AVG,BEST,POOR,BEST,BEST,POOR,student_877,lawyer
,Lawyer,S879,16,6,11,19,5,16,16,7,s879,BEST,POOR,AVG,BEST,POOR,BEST,BEST,POOR,student_878,lawyer
,Lawyer,S880,15,6,12,19,8,16,16,7,s880,BEST,POOR,AVG,BEST,POOR,BEST,BEST,POOR,student_879,lawyer
,Lawyer,S881,20,6,14,19,8,16,16,7,s881,BEST,POOR,AVG,BEST,POOR,BEST,BEST,POOR,student_880,lawyer
,Lawyer,S882,19,6,14,19,8,16,16,8,s882,BEST,POOR,AVG,BEST,POOR,BEST,BEST,POOR,student_881,lawyer
,Lawyer,S883,18,6,13,19,8,15,16,8,s883,BEST,POOR,AVG,BEST,POOR,BEST,BEST,POOR,student_882,lawyer
,Lawyer,S884,17,6,13,19,6,15,16,8,s884,BEST,POOR,AVG,BEST,POOR,BEST,BEST,POOR,student_883,lawyer
,Lawyer,S885,16,6,11,19,7,15,16,8,s885,BEST,POOR,AVG,BEST,POOR,BEST,BEST,POOR,student_884,lawyer
,Lawyer,S886,15,6,12,19,8,15,16,8,s886,BEST,POOR,AVG,BEST,POOR,BEST,BEST,POOR,student_885,lawyer
,Lawyer,S887,20,6,14,19,9,15,16,8,s887,BEST,POOR,AVG,BEST,POOR,BEST,BEST,POOR,student_886,lawyer
,Lawyer,S888,19,6,14,19,10,15,16,8,s888,BEST,POOR,AVG,BEST,POOR,BEST,BEST,POOR,student_887,lawyer
,Lawyer,S889,18,7,13,19,5,15,16,8,s889,BEST,POOR,AVG,BEST,POOR,BEST,BEST,POOR,student_888,lawyer
,Lawyer,S890,17,8,13,19,9,15,16,8,s890,BEST,POOR,AVG,BEST,POOR,BEST,BEST,POOR,student_889,lawyer
,Lawyer,S891,16,9,11,19,9,15,16,8,s891,BEST,POOR,AVG,BEST,POOR,BEST,BEST,POOR,student_890,lawyer
,Lawyer,S892,15,10,12,19,9,15,16,8,s892,BEST,POOR,AVG,BEST,POOR,BEST,BEST,POOR,student_891,lawyer
,Lawyer,S893,20,5,14,19,9,15,16,8,s893,BEST,POOR,AVG,BEST,POOR,BEST,BEST,POOR,student_892,lawyer
,Lawyer,S894,19,6,14,19,9,15,16,8,s894,BEST,POOR,AVG,BEST,POOR,BEST,BEST,POOR,student_893,lawyer
,Lawyer,S895,18,7,13,19,9,19,16,6,s895,BEST,POOR,AVG,BEST,POOR,BEST,BEST,POOR,student_894,lawyer
,Lawyer,S896,17,7,13,19,9,19,16,7,s896,BEST,POOR,AVG,BEST,POOR,BEST,BEST,POOR,student_895,lawyer
,Lawyer,S897,16,7,11,19,9,19,16,8,s897,BEST,POOR,AVG,BEST,POOR,BEST,BEST,POOR,student_896,lawyer
,Lawyer,S898,15,7,12,19,9,19,16,9,s898,BEST,POOR,AVG,BEST,POOR,BEST,BEST,POOR,student_897,lawyer
,Lawyer,S899,16,7,12,19,9,19,16,10,s899,BEST,POOR,AVG,BEST,POOR,BEST,BEST,POOR,student_898,lawyer
,Lawyer,S900,17,7,12,19,9,19,16,5,s900,BEST,POOR,AVG,BEST,POOR,BEST,BEST,POOR,student_899,lawyer
,Pharmacist,S901,11,6,16,11,7,20,12,20,s901,AVG,POOR,BEST,AVG,POOR,BEST,AVG,BEST,student_900,pharmacist
,Pharmacist,S902,14,7,15,11,6,19,12,19,s902,AVG,POOR,BEST,AVG,POOR,BEST,AVG,BEST,student_901,pharmacist
,Pharmacist,S903,13,8,20,11,7,20,12,18,s903,AVG,POOR,BEST,AVG,POOR,BEST,AVG,BEST,student_902,pharmacist
,Pharmacist,S904,11,9,19,12,8,19,12,17,s904,AVG,POOR,BEST,AVG,POOR,BEST,AVG,BEST,student_903,pharmacist
,Pharmacist,S905,12,10,18,12,9,20,12,16,s905,AVG,POOR,BEST,AVG,POOR,BEST,AVG,BEST,student_904,pharmacist
,Pharmacist,S906,13,6,17,13,10,19,12,15,s906,AVG,POOR,BEST,AVG,POOR,BEST,AVG,BEST,student_905,pharmacist
,Pharmacist,S907,14,7,16,13,5,20,12,16,s907,AVG,POOR,BEST,AVG,POOR,BEST,AVG,BEST,student_906,pharmacist
,Pharmacist,S908,12,8,15,11,7,19,12,17,s908,AVG,POOR,BEST,AVG,POOR,BEST,AVG,BEST,student_907,pharmacist
,Pharmacist,S909,12,9,20,11,7,20,12,18,s909,AVG,POOR,BEST,AVG,POOR,BEST,AVG,BEST,student_908,pharmacist
,Pharmacist,S910,11,10,19,11,7,19,12,19,s910,AVG,POOR,BEST,AVG,POOR,BEST,AVG,BEST,student_909,pharmacist
,Pharmacist,S911,14,6,18,12,7,20,12,20,s911,AVG,POOR,BEST,AVG,POOR,BEST,AVG,BEST,student_910,pharmacist
,Pharmacist,S912,13,7,17,12,7,19,12,20,s912,AVG,POOR,BEST,AVG,POOR,BEST,AVG,BEST,student_911,pharmacist
,Pharmacist,S913,11,8,16,13,7,20,12,19,s913,AVG,POOR,BEST,AVG,POOR,BEST,AVG,BEST,student_912,pharmacist
,Pharmacist,S914,12,9,15,13,7,19,12,18,s914,AVG,POOR,BEST,AVG,POOR,BEST,AVG,BEST,student_913,pharmacist
,Pharmacist,S915,13,10,20,11,6,20,12,17,s915,AVG,POOR,BEST,AVG,POOR,BEST,AVG,BEST,student_914,pharmacist
,Pharmacist,S916,14,6,19,11,6,19,12,16,s916,AVG,POOR,BEST,AVG,POOR,BEST,AVG,BEST,student_915,pharmacist
,Pharmacist,S917,12,7,18,11,6,20,12,15,s917,AVG,POOR,BEST,AVG,POOR,BEST,AVG,BEST,student_916,pharmacist
,Pharmacist,S918,12,8,17,12,7,19,12,16,s918,AVG,POOR,BEST,AVG,POOR,BEST,AVG,BEST,student_917,pharmacist
,Pharmacist,S919,11,9,16,12,8,20,12,17,s919,AVG,POOR,BEST,AVG,POOR,BEST,AVG,BEST,student_918,pharmacist
,Pharmacist,S920,14,10,15,13,9,19,12,18,s920,AVG,POOR,BEST,AVG,POOR,BEST,AVG,BEST,student_919,pharmacist
,Pharmacist,S921,13,6,20,13,10,20,12,19,s921,AVG,POOR,BEST,AVG,POOR,BEST,AVG,BEST,student_920,pharmacist
,Pharmacist,S922,11,7,19,11,5,19,13,20,s922,AVG,POOR,BEST,AVG,POOR,BEST,AVG,BEST,student_921,pharmacist
,Pharmacist,S923,12,8,18,11,6,20,13,20,s923,AVG,POOR,BEST,AVG,POOR,BEST,AVG,BEST,student_922,pharmacist
,Pharmacist,S924,13,9,17,11,6,19,13,19,s924,AVG,POOR,BEST,AVG,POOR,BEST,AVG,BEST,student_923,pharmacist
,Pharmacist,S925,14,10,16,12,6,20,13,18,s925,AVG,POOR,BEST,AVG,POOR,BEST,AVG,BEST,student_924,pharmacist
,Pharmacist,S926,12,6,15,12,5,19,13,17,s926,AVG,POOR,BEST,AVG,POOR,BEST,AVG,BEST,student_925,pharmacist
,Pharmacist,S927,12,7,20,13,5,20,13,16,s927,AVG,POOR,BEST,AVG,POOR,BEST,AVG,BEST,student_926,pharmacist
,Pharmacist,S928,11,8,19,13,5,19,13,15,s928,AVG,POOR,BEST,AVG,POOR,BEST,AVG,BEST,student_927,pharmacist
,Pharmacist,S929,14,9,18,11,5,20,13,16,s929,AVG,POOR,BEST,AVG,POOR,BEST,AVG,BEST,student_928,pharmacist
,Pharmacist,S930,13,10,17,11,5,19,13,17,s930,AVG,POOR,BEST,AVG,POOR,BEST,AVG,BEST,student_929,pharmacist
,Pharmacist,S931,11,6,16,11,5,20,13,18,s931,AVG,POOR,BEST,AVG,POOR,BEST,AVG,BEST,student_930,pharmacist
,Pharmacist,S932,12,7,15,12,5,19,13,19,s932,AVG,POOR,BEST,AVG,POOR,BEST,AVG,BEST,student_931,pharmacist
,Pharmacist,S933,13,8,20,12,5,20,13,20,s933,AVG,POOR,BEST,AVG,POOR,BEST,AVG,BEST,student_932,pharmacist
,Pharmacist,S934,14,9,19,13,5,19,13,20,s934,AVG,POOR,BEST,AVG,POOR,BEST,AVG,BEST,student_933,pharmacist
,Pharmacist,S935,12,10,18,13,5,20,13,19,s935,AVG,POOR,BEST,AVG,POOR,BEST,AVG,BEST,student_934,pharmacist
,Pharmacist,S936,12,6,17,11,5,19,14,18,s936,AVG,POOR,BEST,AVG,POOR,BEST,AVG,BEST,student_935,pharmacist
,Pharmacist,S937,11,7,16,11,5,20,14,17,s937,AVG,POOR,BEST,AVG,POOR,BEST,AVG,BEST,student_936,pharmacist
,Pharmacist,S938,14,8,15,11,5,19,14,16,s938,AVG,POOR,BEST,AVG,POOR,BEST,AVG,BEST,student_937,pharmacist
,Pharmacist,S939,13,9,20,12,5,20,14,15,s939,AVG,POOR,BEST,AVG,POOR,BEST,AVG,BEST,student_938,pharmacist
,Pharmacist,S940,11,10,19,12,5,19,14,16,s940,AVG,POOR,BEST,AVG,POOR,BEST,AVG,BEST,student_939,pharmacist
,Pharmacist,S941,12,6,18,13,5,20,14,17,s941,AVG,POOR,BEST,AVG,POOR,BEST,AVG,BEST,student_940,pharmacist
,Pharmacist,S942,13,7,17,13,5,19,14,18,s942,AVG,POOR,BEST,AVG,POOR,BEST,AVG,BEST,student_941,pharmacist
,Pharmacist,S943,14,8,16,11,6,20,14,19,s943,AVG,POOR,BEST,AVG,POOR,BEST,AVG,BEST,student_942,pharmacist
,Pharmacist,S944,12,9,15,11,7,19,14,20,s944,AVG,POOR,BEST,AVG,POOR,BEST,AVG,BEST,student_943,pharmacist
,Pharmacist,S945,12,10,20,11,8,20,14,15,s945,AVG,POOR,BEST,AVG,POOR,BEST,AVG,BEST,student_944,pharmacist
,Pharmacist,S946,11,6,19,12,9,19,14,16,s946,AVG,POOR,BEST,AVG,POOR,BEST,AVG,BEST,student_945,pharmacist
,Pharmacist,S947,12,7,18,12,10,20,14,17,s947,AVG,POOR,BEST,AVG,POOR,BEST,AVG,BEST,student_946,pharmacist
,Pharmacist,S948,13,8,17,13,5,19,14,18,s948,AVG,POOR,BEST,AVG,POOR,BEST,AVG,BEST,student_947,pharmacist
,Pharmacist,S949,14,9,19,13,9,16,14,19,s949,AVG,POOR,BEST,AVG,POOR,BEST,AVG,BEST,student_948,pharmacist
,Pharmacist,S950,12,10,15,14,9,17,14,16,s950,AVG,POOR,BEST,AVG,POOR,BEST,AVG,BEST,student_949,pharmacist
,Physician,S951,12,6,18,20,5,20,11,11,s951,AVG,POOR,BEST,BEST,POOR,BEST,AVG,AVG,student_950,physician
,Physician,S952,13,7,18,19,6,19,12,12,s952,AVG,POOR,BEST,BEST,POOR,BEST,AVG,AVG,student_951,physician
,Physician,S953,14,8,18,18,7,20,13,13,s953,AVG,POOR,BEST,BEST,POOR,BEST,AVG,AVG,student_952,physician
,Physician,S954,11,9,18,17,8,19,14,14,s954,AVG,POOR,BEST,BEST,POOR,BEST,AVG,AVG,student_953,physician
,Physician,S955,12,10,18,16,9,20,12,11,s955,AVG,POOR,BEST,BEST,POOR,BEST,AVG,AVG,student_954,physician
,Physician,S956,13,5,18,15,5,19,11,12,s956,AVG,POOR,BEST,BEST,POOR,BEST,AVG,AVG,student_955,physician
,Physician,S957,14,7,18,20,6,20,12,13,s957,AVG,POOR,BEST,BEST,POOR,BEST,AVG,AVG,student_956,physician
,Physician,S958,11,8,18,19,7,19,13,14,s958,AVG,POOR,BEST,BEST,POOR,BEST,AVG,AVG,student_957,physician
,Physician,S959,12,9,18,18,8,20,14,11,s959,AVG,POOR,BEST,BEST,POOR,BEST,AVG,AVG,student_958,physician
,Physician,S960,13,10,18,17,9,19,11,12,s960,AVG,POOR,BEST,BEST,POOR,BEST,AVG,AVG,student_959,physician
,Physician,S961,14,5,18,16,5,20,12,13,s961,AVG,POOR,BEST,BEST,POOR,BEST,AVG,AVG,student_960,physician
,Physician,S962,11,5,18,15,6,19,13,14,s962,AVG,POOR,BEST,BEST,POOR,BEST,AVG,AVG,student_961,physician
,Physician,S963,12,5,18,20,7,20,14,11,s963,AVG,POOR,BEST,BEST,POOR,BEST,AVG,AVG,student_962,physician
,Physician,S964,13,5,18,19,8,19,12,12,s964,AVG,POOR,BEST,BEST,POOR,BEST,AVG,AVG,student_963,physician
,Physician,S965,14,5,18,18,9,20,11,13,s965,AVG,POOR,BEST,BEST,POOR,BEST,AVG,AVG,student_964,physician
,Physician,S966,11,6,18,17,5,19,12,14,s966,AVG,POOR,BEST,BEST,POOR,BEST,AVG,AVG,student_965,physician
,Physician,S967,12,7,18,16,6,20,13,11,s967,AVG,POOR,BEST,BEST,POOR,BEST,AVG,AVG,student_966,physician
,Physician,S968,13,8,18,15,7,19,14,12,s968,AVG,POOR,BEST,BEST,POOR,BEST,AVG,AVG,student_967,physician
,Physician,S969,14,9,18,20,8,20,11,13,s969,AVG,POOR,BEST,BEST,POOR,BEST,AVG,AVG,student_968,physician
,Physician,S970,11,10,18,19,9,19,12,14,s970,AVG,POOR,BEST,BEST,POOR,BEST,AVG,AVG,student_969,physician
,Physician,S971,12,5,18,18,5,20,13,11,s971,AVG,POOR,BEST,BEST,POOR,BEST,AVG,AVG,student_970,physician
,Physician,S972,13,5,17,17,6,19,14,12,s972,AVG,POOR,BEST,BEST,POOR,BEST,AVG,AVG,student_971,physician
,Physician,S973,14,5,17,16,7,20,12,13,s973,AVG,POOR,BEST,BEST,POOR,BEST,AVG,AVG,student_972,physician
,Physician,S974,11,5,17,15,8,19,11,14,s974,AVG,POOR,BEST,BEST,POOR,BEST,AVG,AVG,student_973,physician
,Physician,S975,12,5,17,20,9,20,12,11,s975,AVG,POOR,BEST,BEST,POOR,BEST,AVG,AVG,student_974,physician
,Physician,S976,13,5,17,19,5,19,13,12,s976,AVG,POOR,BEST,BEST,POOR,BEST,AVG,AVG,student_975,physician
,Physician,S977,14,6,17,18,6,20,14,13,s977,AVG,POOR,BEST,BEST,POOR,BEST,AVG,AVG,student_976,physician
,Physician,S978,11,7,17,17,7,19,11,14,s978,AVG,POOR,BEST,BEST,POOR,BEST,AVG,AVG,student_977,physician
,Physician,S979,12,8,17,16,8,20,12,11,s979,AVG,POOR,BEST,BEST,POOR,BEST,AVG,AVG,student_978,physician
,Physician,S980,13,9,17,15,9,19,13,12,s980,AVG,POOR,BEST,BEST,POOR,BEST,AVG,AVG,student_979,physician
,Physician,S981,14,10,17,20,5,20,14,13,s981,AVG,POOR,BEST,BEST,POOR,BEST,AVG,AVG,student_980,physician
,Physician,S982,11,5,17,19,6,19,12,14,s982,AVG,POOR,BEST,BEST,POOR,BEST,AVG,AVG,student_981,physician
,Physician,S983,12,5,17,18,7,20,11,11,s983,AVG,POOR,BEST,BEST,POOR,BEST,AVG,AVG,student_982,physician
,Physician,S984,13,5,17,17,8,19,12,12,s984,AVG,POOR,BEST,BEST,POOR,BEST,AVG,AVG,student_983,physician
,Physician,S985,14,5,17,16,9,20,13,13,s985,AVG,POOR,BEST,BEST,POOR,BEST,AVG,AVG,student_984,physician
,Physician,S986,11,5,17,15,5,19,14,14,s986,AVG,POOR,BEST,BEST,POOR,BEST,AVG,AVG,student_985,physician
,Physician,S987,12,5,17,20,6,20,11,11,s987,AVG,POOR,BEST,BEST,POOR,BEST,AVG,AVG,student_986,physician
,Physician,S988,13,5,17,19,7,19,12,12,s988,AVG,POOR,BEST,BEST,POOR,BEST,AVG,AVG,student_987,physician
,Physician,S989,14,5,16,18,8,20,13,13,s989,AVG,POOR,BEST,BEST,POOR,BEST,AVG,AVG,student_988,physician
,Physician,S990,11,5,16,17,9,19,14,14,s990,AVG,POOR,BEST,BEST,POOR,BEST,AVG,AVG,student_989,physician
,Physician,S991,12,5,16,16,5,20,12,11,s991,AVG,POOR,BEST,BEST,POOR,BEST,AVG,AVG,student_990,physician
,Physician,S992,13,5,16,15,6,19,11,12,s992,AVG,POOR,BEST,BEST,POOR,BEST,AVG,AVG,student_991,physician
,Physician,S993,14,5,16,20,7,20,12,13,s993,AVG,POOR,BEST,BEST,POOR,BEST,AVG,AVG,student_992,physician
,Physician,S994,11,6,16,19,8,19,13,14,s994,AVG,POOR,BEST,BEST,POOR,BEST,AVG,AVG,student_993,physician
,Physician,S995,12,7,16,18,9,20,14,11,s995,AVG,POOR,BEST,BEST,POOR,BEST,AVG,AVG,student_994,physician
,Physician,S996,13,8,16,17,5,19,12,12,s996,AVG,POOR,BEST,BEST,POOR,BEST,AVG,AVG,student_995,physician
,Physician,S997,14,9,16,16,6,20,11,13,s997,AVG,POOR,BEST,BEST,POOR,BEST,AVG,AVG,student_996,physician
,Physician,S998,11,10,16,15,7,19,12,14,s998,AVG,POOR,BEST,BEST,POOR,BEST,AVG,AVG,student_997,physician
,Physician,S999,13,5,16,17,8,16,13,12,s999,AVG,POOR,BEST,BEST,POOR,BEST,AVG,AVG,student_998,physician
,Physician,S1000,14,5,16,18,9,17,14,13,s1000,AVG,POOR,BEST,BEST,POOR,BEST,AVG,AVG,student_999,physician
,Physicist,S1001,12,18,11,19,5,11,19,7,s1001,AVG,BEST,AVG,BEST,POOR,AVG,BEST,POOR,student_1000,physicist
,Physicist,S1002,13,19,11,19,6,11,18,6,s1002,AVG,BEST,AVG,BEST,POOR,AVG,BEST,POOR,student_1001,physicist
,Physicist,S1003,11,18,11,18,7,11,17,7,s1003,AVG,BEST,AVG,BEST,POOR,AVG,BEST,POOR,student_1002,physicist
,Physicist,S1004,14,17,11,17,8,11,16,8,s1004,AVG,BEST,AVG,BEST,POOR,AVG,BEST,POOR,student_1003,physicist
,Physicist,S1005,11,16,11,16,9,11,15,9,s1005,AVG,BEST,AVG,BEST,POOR,AVG,BEST,POOR,student_1004,physicist
,Physicist,S1006,13,19,11,19,5,11,19,10,s1006,AVG,BEST,AVG,BEST,POOR,AVG,BEST,POOR,student_1005,physicist
,Physicist,S1007,14,18,11,18,6,11,18,5,s1007,AVG,BEST,AVG,BEST,POOR,AVG,BEST,POOR,student_1006,physicist
,Physicist,S1008,13,17,11,17,7,11,17,7,s1008,AVG,BEST,AVG,BEST,POOR,AVG,BEST,POOR,student_1007,physicist
,Physicist,S1009,12,16,11,16,8,11,16,6,s1009,AVG,BEST,AVG,BEST,POOR,AVG,BEST,POOR,student_1008,physicist
,Physicist,S1010,13,19,11,19,9,11,15,7,s1010,AVG,BEST,AVG,BEST,POOR,AVG,BEST,POOR,student_1009,physicist
,Physicist,S1011,11,18,11,18,5,12,19,8,s1011,AVG,BEST,AVG,BEST,POOR,AVG,BEST,POOR,student_1010,physicist
,Physicist,S1012,14,17,11,17,6,13,18,9,s1012,AVG,BEST,AVG,BEST,POOR,AVG,BEST,POOR,student_1011,physicist
,Physicist,S1013,11,16,11,16,7,11,17,10,s1013,AVG,BEST,AVG,BEST,POOR,AVG,BEST,POOR,student_1012,physicist
,Physicist,S1014,13,19,11,19,8,14,16,5,s1014,AVG,BEST,AVG,BEST,POOR,AVG,BEST,POOR,student_1013,physicist
,Physicist,S1015,14,18,11,19,9,11,15,7,s1015,AVG,BEST,AVG,BEST,POOR,AVG,BEST,POOR,student_1014,physicist
,Physicist,S1016,13,17,11,18,5,13,19,7,s1016,AVG,BEST,AVG,BEST,POOR,AVG,BEST,POOR,student_1015,physicist
,Physicist,S1017,12,16,11,17,6,14,18,7,s1017,AVG,BEST,AVG,BEST,POOR,AVG,BEST,POOR,student_1016,physicist
,Physicist,S1018,13,19,11,16,7,13,17,7,s1018,AVG,BEST,AVG,BEST,POOR,AVG,BEST,POOR,student_1017,physicist
,Physicist,S1019,11,18,11,19,8,12,16,8,s1019,AVG,BEST,AVG,BEST,POOR,AVG,BEST,POOR,student_1018,physicist
,Physicist,S1020,14,17,11,18,9,13,15,6,s1020,AVG,BEST,AVG,BEST,POOR,AVG,BEST,POOR,student_1019,physicist
,Physicist,S1021,11,16,11,17,5,12,19,7,s1021,AVG,BEST,AVG,BEST,POOR,AVG,BEST,POOR,student_1020,physicist
,Physicist,S1022,13,19,11,16,6,12,18,8,s1022,AVG,BEST,AVG,BEST,POOR,AVG,BEST,POOR,student_1021,physicist
,Physicist,S1023,14,18,14,19,7,12,17,9,s1023,AVG,BEST,AVG,BEST,POOR,AVG,BEST,POOR,student_1022,physicist
,Physicist,S1024,13,17,14,19,8,12,16,10,s1024,AVG,BEST,AVG,BEST,POOR,AVG,BEST,POOR,student_1023,physicist
,Physicist,S1025,12,16,14,18,9,12,15,5,s1025,AVG,BEST,AVG,BEST,POOR,AVG,BEST,POOR,student_1024,physicist
,Physicist,S1026,13,19,14,17,5,12,19,8,s1026,AVG,BEST,AVG,BEST,POOR,AVG,BEST,POOR,student_1025,physicist
,Physicist,S1027,11,18,14,16,6,12,18,8,s1027,AVG,BEST,AVG,BEST,POOR,AVG,BEST,POOR,student_1026,physicist
,Physicist,S1028,14,17,14,20,7,12,17,8,s1028,AVG,BEST,AVG,BEST,POOR,AVG,BEST,POOR,student_1027,physicist
,Physicist,S1029,11,16,14,19,8,12,16,8,s1029,AVG,BEST,AVG,BEST,POOR,AVG,BEST,POOR,student_1028,physicist
,Physicist,S1030,13,19,14,18,9,12,15,8,s1030,AVG,BEST,AVG,BEST,POOR,AVG,BEST,POOR,student_1029,physicist
,Physicist,S1031,14,18,14,17,5,12,19,6,s1031,AVG,BEST,AVG,BEST,POOR,AVG,BEST,POOR,student_1030,physicist
,Physicist,S1032,13,17,14,16,6,12,18,7,s1032,AVG,BEST,AVG,BEST,POOR,AVG,BEST,POOR,student_1031,physicist
,Physicist,S1033,12,16,14,20,7,12,17,8,s1033,AVG,BEST,AVG,BEST,POOR,AVG,BEST,POOR,student_1032,physicist
,Physicist,S1034,13,19,14,19,8,12,16,9,s1034,AVG,BEST,AVG,BEST,POOR,AVG,BEST,POOR,student_1033,physicist
,Physicist,S1035,11,18,14,18,9,12,15,10,s1035,AVG,BEST,AVG,BEST,POOR,AVG,BEST,POOR,student_1034,physicist
,Physicist,S1036,14,17,14,17,5,13,19,5,s1036,AVG,BEST,AVG,BEST,POOR,AVG,BEST,POOR,student_1035,physicist
,Physicist,S1037,11,16,14,16,6,13,18,9,s1037,AVG,BEST,AVG,BEST,POOR,AVG,BEST,POOR,student_1036,physicist
,Physicist,S1038,13,19,14,20,7,13,17,9,s1038,AVG,BEST,AVG,BEST,POOR,AVG,BEST,POOR,student_1037,physicist
,Physicist,S1039,14,18,14,19,8,13,16,9,s1039,AVG,BEST,AVG,BEST,POOR,AVG,BEST,POOR,student_1038,physicist
,Physicist,S1040,13,17,14,18,9,13,15,9,s1040,AVG,BEST,AVG,BEST,POOR,AVG,BEST,POOR,student_1039,physicist
,Physicist,S1041,12,16,13,17,5,13,19,9,s1041,AVG,BEST,AVG,BEST,POOR,AVG,BEST,POOR,student_1040,physicist
,Physicist,S1042,13,19,13,16,6,13,18,9,s1042,AVG,BEST,AVG,BEST,POOR,AVG,BEST,POOR,student_1041,physicist
,Physicist,S1043,11,18,13,18,7,13,17,6,s1043,AVG,BEST,AVG,BEST,POOR,AVG,BEST,POOR,student_1042,physicist
,Physicist,S1044,14,17,13,19,8,13,16,7,s1044,AVG,BEST,AVG,BEST,POOR,AVG,BEST,POOR,student_1043,physicist
,Physicist,S1045,11,16,13,18,9,14,15,8,s1045,AVG,BEST,AVG,BEST,POOR,AVG,BEST,POOR,student_1044,physicist
,Physicist,S1046,13,19,13,17,5,14,19,9,s1046,AVG,BEST,AVG,BEST,POOR,AVG,BEST,POOR,student_1045,physicist
,Physicist,S1047,14,18,13,19,6,14,18,10,s1047,AVG,BEST,AVG,BEST,POOR,AVG,BEST,POOR,student_1046,physicist
,Physicist,S1048,13,17,13,18,7,14,17,5,s1048,AVG,BEST,AVG,BEST,POOR,AVG,BEST,POOR,student_1047,physicist
,Physicist,S1049,12,16,13,17,8,14,16,10,s1049,AVG,BEST,AVG,BEST,POOR,AVG,BEST,POOR,student_1048,physicist
,Physicist,S1050,13,18,13,16,9,14,15,10,s1050,AVG,BEST,AVG,BEST,POOR,AVG,BEST,POOR,student_1049,physicist
,Mathematician,S1051,12,5,8,17,18,13,6,7,s1051,AVG,POOR,POOR,BEST,BEST,AVG,POOR,POOR,student_1050,mathematician
,Mathematician,S1052,13,5,9,17,18,12,7,6,s1052,AVG,POOR,POOR,BEST,BEST,AVG,POOR,POOR,student_1051,mathematician
,Mathematician,S1053,11,5,10,17,18,13,5,7,s1053,AVG,POOR,POOR,BEST,BEST,AVG,POOR,POOR,student_1052,mathematician
,Mathematician,S1054,14,6,5,17,18,11,8,8,s1054,AVG,POOR,POOR,BEST,BEST,AVG,POOR,POOR,student_1053,mathematician
,Mathematician,S1055,14,8,8,17,18,12,9,9,s1055,AVG,POOR,POOR,BEST,BEST,AVG,POOR,POOR,student_1054,mathematician
,Mathematician,S1056,12,9,8,17,18,13,6,10,s1056,AVG,POOR,POOR,BEST,BEST,AVG,POOR,POOR,student_1055,mathematician
,Mathematician,S1057,13,10,7,17,18,11,7,5,s1057,AVG,POOR,POOR,BEST,BEST,AVG,POOR,POOR,student_1056,mathematician
,Mathematician,S1058,11,5,7,17,18,12,5,7,s1058,AVG,POOR,POOR,BEST,BEST,AVG,POOR,POOR,student_1057,mathematician
,Mathematician,S1059,14,5,7,17,18,13,8,7,s1059,AVG,POOR,POOR,BEST,BEST,AVG,POOR,POOR,student_1058,mathematician
,Mathematician,S1060,12,6,8,17,18,11,9,7,s1060,AVG,POOR,POOR,BEST,BEST,AVG,POOR,POOR,student_1059,mathematician
,Mathematician,S1061,12,8,8,17,18,14,6,7,s1061,AVG,POOR,POOR,BEST,BEST,AVG,POOR,POOR,student_1060,mathematician
,Mathematician,S1062,13,9,8,17,18,13,7,7,s1062,AVG,POOR,POOR,BEST,BEST,AVG,POOR,POOR,student_1061,mathematician
,Mathematician,S1063,11,10,6,17,18,13,5,8,s1063,AVG,POOR,POOR,BEST,BEST,AVG,POOR,POOR,student_1062,mathematician
,Mathematician,S1064,14,5,7,17,18,13,8,8,s1064,AVG,POOR,POOR,BEST,BEST,AVG,POOR,POOR,student_1063,mathematician
,Mathematician,S1065,12,5,7,17,18,12,9,6,s1065,AVG,POOR,POOR,BEST,BEST,AVG,POOR,POOR,student_1064,mathematician
,Mathematician,S1066,12,6,7,17,18,13,6,7,s1066,AVG,POOR,POOR,BEST,BEST,AVG,POOR,POOR,student_1065,mathematician
,Mathematician,S1067,12,6,8,17,18,11,7,8,s1067,AVG,POOR,POOR,BEST,BEST,AVG,POOR,POOR,student_1066,mathematician
,Mathematician,S1068,12,6,8,18,18,14,5,9,s1068,AVG,POOR,POOR,BEST,BEST,AVG,POOR,POOR,student_1067,mathematician
,Mathematician,S1069,13,5,8,18,18,11,8,10,s1069,AVG,POOR,POOR,BEST,BEST,AVG,POOR,POOR,student_1068,mathematician
,Mathematician,S1070,11,5,9,18,18,11,9,5,s1070,AVG,POOR,POOR,BEST,BEST,AVG,POOR,POOR,student_1069,mathematician
,Mathematician,S1071,14,5,10,18,18,12,6,8,s1071,AVG,POOR,POOR,BEST,BEST,AVG,POOR,POOR,student_1070,mathematician
,Mathematician,S1072,13,8,5,18,18,13,7,8,s1072,AVG,POOR,POOR,BEST,BEST,AVG,POOR,POOR,student_1071,mathematician
,Mathematician,S1073,13,9,8,18,18,11,5,8,s1073,AVG,POOR,POOR,BEST,BEST,AVG,POOR,POOR,student_1072,mathematician
,Mathematician,S1074,13,10,8,18,18,14,8,6,s1074,AVG,POOR,POOR,BEST,BEST,AVG,POOR,POOR,student_1073,mathematician
,Mathematician,S1075,12,5,8,18,19,11,9,7,s1075,AVG,POOR,POOR,BEST,BEST,AVG,POOR,POOR,student_1074,mathematician
,Mathematician,S1076,13,7,9,18,19,11,6,8,s1076,AVG,POOR,POOR,BEST,BEST,AVG,POOR,POOR,student_1075,mathematician
,Mathematician,S1077,11,8,10,18,19,11,7,9,s1077,AVG,POOR,POOR,BEST,BEST,AVG,POOR,POOR,student_1076,mathematician
,Mathematician,S1078,14,9,5,18,19,11,5,10,s1078,AVG,POOR,POOR,BEST,BEST,AVG,POOR,POOR,student_1077,mathematician
,Mathematician,S1079,13,10,8,18,19,12,8,5,s1079,AVG,POOR,POOR,BEST,BEST,AVG,POOR,POOR,student_1078,mathematician
,Mathematician,S1080,13,5,8,16,19,13,9,9,s1080,AVG,POOR,POOR,BEST,BEST,AVG,POOR,POOR,student_1079,mathematician
,Mathematician,S1081,13,5,8,16,19,11,6,6,s1081,AVG,POOR,POOR,BEST,BEST,AVG,POOR,POOR,student_1080,mathematician
,Mathematician,S1082,13,5,7,16,19,14,7,7,s1082,AVG,POOR,POOR,BEST,BEST,AVG,POOR,POOR,student_1081,mathematician
,Mathematician,S1083,12,6,7,16,19,13,5,8,s1083,AVG,POOR,POOR,BEST,BEST,AVG,POOR,POOR,student_1082,mathematician
,Mathematician,S1084,13,7,7,16,19,13,8,9,s1084,AVG,POOR,POOR,BEST,BEST,AVG,POOR,POOR,student_1083,mathematician
,Mathematician,S1085,11,8,8,16,19,13,9,10,s1085,AVG,POOR,POOR,BEST,BEST,AVG,POOR,POOR,student_1084,mathematician
,Mathematician,S1086,14,9,8,16,19,13,6,5,s1086,AVG,POOR,POOR,BEST,BEST,AVG,POOR,POOR,student_1085,mathematician
,Mathematician,S1087,13,10,8,16,19,12,7,7,s1087,AVG,POOR,POOR,BEST,BEST,AVG,POOR,POOR,student_1086,mathematician
,Mathematician,S1088,14,5,7,16,19,13,5,8,s1088,AVG,POOR,POOR,BEST,BEST,AVG,POOR,POOR,student_1087,mathematician
,Mathematician,S1089,14,5,7,16,19,11,8,9,s1089,AVG,POOR,POOR,BEST,BEST,AVG,POOR,POOR,student_1088,mathematician
,Mathematician,S1090,14,6,7,16,19,14,9,10,s1090,AVG,POOR,POOR,BEST,BEST,AVG,POOR,POOR,student_1089,mathematician
,Mathematician,S1091,12,7,8,16,20,13,6,5,s1091,AVG,POOR,POOR,BEST,BEST,AVG,POOR,POOR,student_1090,mathematician
,Mathematician,S1092,13,8,8,16,20,13,7,9,s1092,AVG,POOR,POOR,BEST,BEST,AVG,POOR,POOR,student_1091,mathematician
,Mathematician,S1093,11,9,8,15,20,13,5,10,s1093,AVG,POOR,POOR,BEST,BEST,AVG,POOR,POOR,student_1092,mathematician
,Mathematician,S1094,14,10,9,15,20,13,8,10,s1094,AVG,POOR,POOR,BEST,BEST,AVG,POOR,POOR,student_1093,mathematician
,Mathematician,S1095,14,5,10,15,20,12,9,6,s1095,AVG,POOR,POOR,BEST,BEST,AVG,POOR,POOR,student_1094,mathematician
,Mathematician,S1096,14,8,5,15,20,13,6,7,s1096,AVG,POOR,POOR,BEST,BEST,AVG,POOR,POOR,student_1095,mathematician
,Mathematician,S1097,12,9,8,15,20,12,7,8,s1097,AVG,POOR,POOR,BEST,BEST,AVG,POOR,POOR,student_1096,mathematician
,Mathematician,S1098,13,10,9,15,20,13,5,9,s1098,AVG,POOR,POOR,BEST,BEST,AVG,POOR,POOR,student_1097,mathematician
,Mathematician,S1099,11,5,10,15,20,11,8,10,s1099,AVG,POOR,POOR,BEST,BEST,AVG,POOR,POOR,student_1098,mathematician
,Mathematician,S1100,14,5,5,15,20,14,9,5,s1100,AVG,POOR,POOR,BEST,BEST,AVG,POOR,POOR,student_1099,mathematician
,Leader,S1101,11,9,11,16,5,20,18,7,s1101,AVG,POOR,AVG,BEST,POOR,BEST,BEST,POOR,student_1100,leader
,Leader,S1102,12,9,12,16,6,19,18,7,s1102,AVG,POOR,AVG,BEST,POOR,BEST,BEST,POOR,student_1101,leader
,Leader,S1103,12,6,13,16,7,18,18,6,s1103,AVG,POOR,AVG,BEST,POOR,BEST,BEST,POOR,student_1102,leader
,Leader,S1104,11,6,14,16,7,17,18,7,s1104,AVG,POOR,AVG,BEST,POOR,BEST,BEST,POOR,student_1103,leader
,Leader,S1105,14,6,14,15,8,16,18,8,s1105,AVG,POOR,AVG,BEST,POOR,BEST,BEST,POOR,student_1104,leader
,Leader,S1106,13,6,13,15,8,15,18,9,s1106,AVG,POOR,AVG,BEST,POOR,BEST,BEST,POOR,student_1105,leader
,Leader,S1107,11,6,12,15,5,19,18,10,s1107,AVG,POOR,AVG,BEST,POOR,BEST,BEST,POOR,student_1106,leader
,Leader,S1108,12,6,11,15,6,18,18,5,s1108,AVG,POOR,AVG,BEST,POOR,BEST,BEST,POOR,student_1107,leader
,Leader,S1109,12,6,11,15,7,17,18,7,s1109,AVG,POOR,AVG,BEST,POOR,BEST,BEST,POOR,student_1108,leader
,Leader,S1110,11,6,12,17,7,16,18,7,s1110,AVG,POOR,AVG,BEST,POOR,BEST,BEST,POOR,student_1109,leader
,Leader,S1111,14,6,13,17,8,15,18,7,s1111,AVG,POOR,AVG,BEST,POOR,BEST,BEST,POOR,student_1110,leader
,Leader,S1112,13,6,14,17,8,19,18,7,s1112,AVG,POOR,AVG,BEST,POOR,BEST,BEST,POOR,student_1111,leader
,Leader,S1113,11,6,14,17,5,18,19,8,s1113,AVG,POOR,AVG,BEST,POOR,BEST,BEST,POOR,student_1112,leader
,Leader,S1114,12,6,13,17,6,17,19,8,s1114,AVG,POOR,AVG,BEST,POOR,BEST,BEST,POOR,student_1113,leader
,Leader,S1115,12,6,12,17,7,16,19,8,s1115,AVG,POOR,AVG,BEST,POOR,BEST,BEST,POOR,student_1114,leader
,Leader,S1116,11,6,11,20,7,15,19,6,s1116,AVG,POOR,AVG,BEST,POOR,BEST,BEST,POOR,student_1115,leader
,Leader,S1117,14,6,11,20,8,19,19,7,s1117,AVG,POOR,AVG,BEST,POOR,BEST,BEST,POOR,student_1116,leader
,Leader,S1118,13,6,12,20,8,18,19,8,s1118,AVG,POOR,AVG,BEST,POOR,BEST,BEST,POOR,student_1117,leader
,Leader,S1119,11,6,13,20,5,17,19,9,s1119,AVG,POOR,AVG,BEST,POOR,BEST,BEST,POOR,student_1118,leader
,Leader,S1120,12,6,14,20,6,16,19,10,s1120,AVG,POOR,AVG,BEST,POOR,BEST,BEST,POOR,student_1119,leader
,Leader,S1121,12,6,14,17,7,15,19,5,s1121,AVG,POOR,AVG,BEST,POOR,BEST,BEST,POOR,student_1120,leader
,Leader,S1122,11,6,13,17,7,19,19,8,s1122,AVG,POOR,AVG,BEST,POOR,BEST,BEST,POOR,student_1121,leader
,Leader,S1123,14,6,12,17,8,18,19,8,s1123,AVG,POOR,AVG,BEST,POOR,BEST,BEST,POOR,student_1122,leader
,Leader,S1124,13,6,11,17,8,17,19,8,s1124,AVG,POOR,AVG,BEST,POOR,BEST,BEST,POOR,student_1123,leader
,Leader,S1125,11,8,11,17,5,16,19,8,s1125,AVG,POOR,AVG,BEST,POOR,BEST,BEST,POOR,student_1124,leader
,Leader,S1126,12,9,12,17,6,15,19,8,s1126,AVG,POOR,AVG,BEST,POOR,BEST,BEST,POOR,student_1125,leader
,Leader,S1127,12,10,13,17,7,19,19,8,s1127,AVG,POOR,AVG,BEST,POOR,BEST,BEST,POOR,student_1126,leader
,Leader,S1128,11,5,14,17,7,18,19,6,s1128,AVG,POOR,AVG,BEST,POOR,BEST,BEST,POOR,student_1127,leader
,Leader,S1129,14,8,14,18,8,17,17,7,s1129,AVG,POOR,AVG,BEST,POOR,BEST,BEST,POOR,student_1128,leader
,Leader,S1130,13,9,13,18,8,16,17,8,s1130,AVG,POOR,AVG,BEST,POOR,BEST,BEST,POOR,student_1129,leader
,Leader,S1131,11,10,12,18,5,15,17,9,s1131,AVG,POOR,AVG,BEST,POOR,BEST,BEST,POOR,student_1130,leader
,Leader,S1132,12,5,11,18,6,19,17,10,s1132,AVG,POOR,AVG,BEST,POOR,BEST,BEST,POOR,student_1131,leader
,Leader,S1133,12,8,11,18,7,18,17,5,s1133,AVG,POOR,AVG,BEST,POOR,BEST,BEST,POOR,student_1132,leader
,Leader,S1134,11,9,12,18,7,17,17,9,s1134,AVG,POOR,AVG,BEST,POOR,BEST,BEST,POOR,student_1133,leader
,Leader,S1135,14,10,13,15,8,16,17,9,s1135,AVG,POOR,AVG,BEST,POOR,BEST,BEST,POOR,student_1134,leader
,Leader,S1136,13,5,14,15,5,15,17,9,s1136,AVG,POOR,AVG,BEST,POOR,BEST,BEST,POOR,student_1135,leader
,Leader,S1137,11,5,14,15,6,19,17,9,s1137,AVG,POOR,AVG,BEST,POOR,BEST,BEST,POOR,student_1136,leader
,Leader,S1138,12,8,13,15,7,18,17,9,s1138,AVG,POOR,AVG,BEST,POOR,BEST,BEST,POOR,student_1137,leader
,Leader,S1139,12,9,12,15,7,17,17,9,s1139,AVG,POOR,AVG,BEST,POOR,BEST,BEST,POOR,student_1138,leader
,Leader,S1140,11,10,11,15,8,16,17,9,s1140,AVG,POOR,AVG,BEST,POOR,BEST,BEST,POOR,student_1139,leader
,Leader,S1141,14,5,11,15,8,15,17,6,s1141,AVG,POOR,AVG,BEST,POOR,BEST,BEST,POOR,student_1140,leader
,Leader,S1142,13,5,12,19,5,19,17,7,s1142,AVG,POOR,AVG,BEST,POOR,BEST,BEST,POOR,student_1141,leader
,Leader,S1143,11,5,13,19,6,18,17,8,s1143,AVG,POOR,AVG,BEST,POOR,BEST,BEST,POOR,student_1142,leader
,Leader,S1144,12,6,14,19,7,17,17,9,s1144,AVG,POOR,AVG,BEST,POOR,BEST,BEST,POOR,student_1143,leader
,Leader,S1145,12,7,14,19,7,16,17,10,s1145,AVG,POOR,AVG,BEST,POOR,BEST,BEST,POOR,student_1144,leader
,Leader,S1146,11,8,13,19,8,15,16,5,s1146,AVG,POOR,AVG,BEST,POOR,BEST,BEST,POOR,student_1145,leader
,Leader,S1147,14,9,12,19,8,19,16,10,s1147,AVG,POOR,AVG,BEST,POOR,BEST,BEST,POOR,student_1146,leader
,Leader,S1148,13,10,11,19,9,18,16,10,s1148,AVG,POOR,AVG,BEST,POOR,BEST,BEST,POOR,student_1147,leader
,Leader,S1149,12,5,13,19,9,17,16,10,s1149,AVG,POOR,AVG,BEST,POOR,BEST,BEST,POOR,student_1148,leader
,Leader,S1150,13,8,12,19,9,16,16,10,s1150,AVG,POOR,AVG,BEST,POOR,BEST,BEST,POOR,student_1149,leader
,Manager,S1151,11,6,12,15,18,17,18,5,s1151,AVG,POOR,AVG,BEST,BEST,BEST,BEST,POOR,student_1150,manager
,Manager,S1152,12,7,12,16,18,18,17,6,s1152,AVG,POOR,AVG,BEST,BEST,BEST,BEST,POOR,student_1151,manager
,Manager,S1153,12,8,13,17,18,17,16,7,s1153,AVG,POOR,AVG,BEST,BEST,BEST,BEST,POOR,student_1152,manager
,Manager,S1154,11,9,13,18,18,16,15,8,s1154,AVG,POOR,AVG,BEST,BEST,BEST,BEST,POOR,student_1153,manager
,Manager,S1155,14,10,13,19,18,15,18,8,s1155,AVG,POOR,AVG,BEST,BEST,BEST,BEST,POOR,student_1154,manager
,Manager,S1156,13,5,14,20,18,15,17,9,s1156,AVG,POOR,AVG,BEST,BEST,BEST,BEST,POOR,student_1155,manager
,Manager,S1157,11,7,14,20,18,18,16,7,s1157,AVG,POOR,AVG,BEST,BEST,BEST,BEST,POOR,student_1156,manager
,Manager,S1158,12,7,14,19,18,17,15,5,s1158,AVG,POOR,AVG,BEST,BEST,BEST,BEST,POOR,student_1157,manager
,Manager,S1159,12,6,12,18,18,16,18,5,s1159,AVG,POOR,AVG,BEST,BEST,BEST,BEST,POOR,student_1158,manager
,Manager,S1160,11,7,12,17,18,15,17,6,s1160,AVG,POOR,AVG,BEST,BEST,BEST,BEST,POOR,student_1159,manager
,Manager,S1161,14,8,13,16,18,15,16,7,s1161,AVG,POOR,AVG,BEST,BEST,BEST,BEST,POOR,student_1160,manager
,Manager,S1162,13,9,13,15,18,18,15,8,s1162,AVG,POOR,AVG,BEST,BEST,BEST,BEST,POOR,student_1161,manager
,Manager,S1163,11,10,13,15,17,17,18,8,s1163,AVG,POOR,AVG,BEST,BEST,BEST,BEST,POOR,student_1162,manager
,Manager,S1164,12,5,14,16,16,16,17,9,s1164,AVG,POOR,AVG,BEST,BEST,BEST,BEST,POOR,student_1163,manager
,Manager,S1165,12,7,14,17,15,15,16,7,s1165,AVG,POOR,AVG,BEST,BEST,BEST,BEST,POOR,student_1164,manager
,Manager,S1166,11,7,14,18,15,15,15,5,s1166,AVG,POOR,AVG,BEST,BEST,BEST,BEST,POOR,student_1165,manager
,Manager,S1167,14,7,12,19,18,18,18,5,s1167,AVG,POOR,AVG,BEST,BEST,BEST,BEST,POOR,student_1166,manager
,Manager,S1168,13,6,12,20,17,17,17,6,s1168,AVG,POOR,AVG,BEST,BEST,BEST,BEST,POOR,student_1167,manager
,Manager,S1169,11,7,13,20,16,16,16,7,s1169,AVG,POOR,AVG,BEST,BEST,BEST,BEST,POOR,student_1168,manager
,Manager,S1170,12,6,13,19,15,15,15,8,s1170,AVG,POOR,AVG,BEST,BEST,BEST,BEST,POOR,student_1169,manager
,Manager,S1171,12,7,13,18,15,15,18,8,s1171,AVG,POOR,AVG,BEST,BEST,BEST,BEST,POOR,student_1170,manager
,Manager,S1172,11,8,14,17,18,18,17,9,s1172,AVG,POOR,AVG,BEST,BEST,BEST,BEST,POOR,student_1171,manager
,Manager,S1173,14,9,14,16,17,17,16,7,s1173,AVG,POOR,AVG,BEST,BEST,BEST,BEST,POOR,student_1172,manager
,Manager,S1174,13,10,14,15,16,16,15,5,s1174,AVG,POOR,AVG,BEST,BEST,BEST,BEST,POOR,student_1173,manager
,Manager,S1175,11,5,12,15,15,15,18,5,s1175,AVG,POOR,AVG,BEST,BEST,BEST,BEST,POOR,student_1174,manager
,Manager,S1176,12,7,12,16,15,15,17,6,s1176,AVG,POOR,AVG,BEST,BEST,BEST,BEST,POOR,student_1175,manager
,Manager,S1177,12,7,13,17,18,18,16,7,s1177,AVG,POOR,AVG,BEST,BEST,BEST,BEST,POOR,student_1176,manager
,Manager,S1178,11,7,13,18,17,17,15,8,s1178,AVG,POOR,AVG,BEST,BEST,BEST,BEST,POOR,student_1177,manager
,Manager,S1179,14,7,13,19,16,16,18,8,s1179,AVG,POOR,AVG,BEST,BEST,BEST,BEST,POOR,student_1178,manager
,Manager,S1180,13,6,14,20,15,15,17,9,s1180,AVG,POOR,AVG,BEST,BEST,BEST,BEST,POOR,student_1179,manager
,Manager,S1181,11,7,14,20,15,15,16,7,s1181,AVG,POOR,AVG,BEST,BEST,BEST,BEST,POOR,student_1180,manager
,Manager,S1182,12,8,14,19,18,18,15,5,s1182,AVG,POOR,AVG,BEST,BEST,BEST,BEST,POOR,student_1181,manager
,Manager,S1183,12,9,12,18,17,17,18,5,s1183,AVG,POOR,AVG,BEST,BEST,BEST,BEST,POOR,student_1182,manager
,Manager,S1184,11,10,12,17,16,16,17,6,s1184,AVG,POOR,AVG,BEST,BEST,BEST,BEST,POOR,student_1183,manager
,Manager,S1185,14,5,13,16,15,15,16,7,s1185,AVG,POOR,AVG,BEST,BEST,BEST,BEST,POOR,student_1184,manager
,Manager,S1186,13,7,13,15,15,15,15,8,s1186,AVG,POOR,AVG,BEST,BEST,BEST,BEST,POOR,student_1185,manager
,Manager,S1187,11,7,13,15,18,18,18,8,s1187,AVG,POOR,AVG,BEST,BEST,BEST,BEST,POOR,student_1186,manager
,Manager,S1188,12,7,14,16,17,17,17,9,s1188,AVG,POOR,AVG,BEST,BEST,BEST,BEST,POOR,student_1187,manager
,Manager,S1189,12,7,14,17,16,16,16,7,s1189,AVG,POOR,AVG,BEST,BEST,BEST,BEST,POOR,student_1188,manager
,Manager,S1190,11,7,14,18,15,15,15,5,s1190,AVG,POOR,AVG,BEST,BEST,BEST,BEST,POOR,student_1189,manager
,Manager,S1191,14,7,12,19,15,15,18,5,s1191,AVG,POOR,AVG,BEST,BEST,BEST,BEST,POOR,student_1190,manager
,Manager,S1192,13,6,12,20,15,18,17,6,s1192,AVG,POOR,AVG,BEST,BEST,BEST,BEST,POOR,student_1191,manager
,Manager,S1193,11,7,13,20,18,17,16,7,s1193,AVG,POOR,AVG,BEST,BEST,BEST,BEST,POOR,student_1192,manager
,Manager,S1194,12,8,13,19,17,16,15,8,s1194,AVG,POOR,AVG,BEST,BEST,BEST,BEST,POOR,student_1193,manager
,Manager,S1195,12,9,13,18,16,15,18,8,s1195,AVG,POOR,AVG,BEST,BEST,BEST,BEST,POOR,student_1194,manager
,Manager,S1196,11,10,14,17,15,18,17,9,s1196,AVG,POOR,AVG,BEST,BEST,BEST,BEST,POOR,student_1195,manager
,Manager,S1197,14,5,14,16,15,17,16,7,s1197,AVG,POOR,AVG,BEST,BEST,BEST,BEST,POOR,student_1196,manager
,Manager,S1198,13,7,14,15,16,16,15,5,s1198,AVG,POOR,AVG,BEST,BEST,BEST,BEST,POOR,student_1197,manager
,Manager,S1199,12,7,13,20,16,15,19,9,s1199,AVG,POOR,AVG,BEST,BEST,BEST,BEST,POOR,student_1198,manager
,Manager,S1200,13,7,14,19,16,15,18,9,s1200,AVG,POOR,AVG,BEST,BEST,BEST,BEST,POOR,student_1199,manager
,Politician,S1201,12,5,11,19,6,20,17,5,s1201,AVG,POOR,AVG,BEST,POOR,BEST,BEST,POOR,student_1200,politician
,Politician,S1202,12,5,12,19,6,19,17,5,s1202,AVG,POOR,AVG,BEST,POOR,BEST,BEST,POOR,student_1201,politician
,Politician,S1203,13,6,12,19,6,18,17,5,s1203,AVG,POOR,AVG,BEST,POOR,BEST,BEST,POOR,student_1202,politician
,Politician,S1204,13,6,11,19,6,17,17,6,s1204,AVG,POOR,AVG,BEST,POOR,BEST,BEST,POOR,student_1203,politician
,Politician,S1205,13,7,14,19,6,16,17,6,s1205,AVG,POOR,AVG,BEST,POOR,BEST,BEST,POOR,student_1204,politician
,Politician,S1206,14,7,13,19,6,15,17,6,s1206,AVG,POOR,AVG,BEST,POOR,BEST,BEST,POOR,student_1205,politician
,Politician,S1207,14,8,11,19,6,19,17,5,s1207,AVG,POOR,AVG,BEST,POOR,BEST,BEST,POOR,student_1206,politician
,Politician,S1208,14,8,12,19,6,18,17,5,s1208,AVG,POOR,AVG,BEST,POOR,BEST,BEST,POOR,student_1207,politician
,Politician,S1209,12,9,12,19,6,17,17,5,s1209,AVG,POOR,AVG,BEST,POOR,BEST,BEST,POOR,student_1208,politician
,Politician,S1210,12,9,11,19,7,16,17,6,s1210,AVG,POOR,AVG,BEST,POOR,BEST,BEST,POOR,student_1209,politician
,Politician,S1211,13,10,14,19,8,15,17,6,s1211,AVG,POOR,AVG,BEST,POOR,BEST,BEST,POOR,student_1210,politician
,Politician,S1212,13,10,13,19,9,19,17,6,s1212,AVG,POOR,AVG,BEST,POOR,BEST,BEST,POOR,student_1211,politician
,Politician,S1213,13,5,11,19,10,18,17,5,s1213,AVG,POOR,AVG,BEST,POOR,BEST,BEST,POOR,student_1212,politician
,Politician,S1214,14,5,12,19,5,17,17,5,s1214,AVG,POOR,AVG,BEST,POOR,BEST,BEST,POOR,student_1213,politician
,Politician,S1215,14,6,12,19,8,16,17,5,s1215,AVG,POOR,AVG,BEST,POOR,BEST,BEST,POOR,student_1214,politician
,Politician,S1216,14,6,11,19,9,15,17,6,s1216,AVG,POOR,AVG,BEST,POOR,BEST,BEST,POOR,student_1215,politician
,Politician,S1217,12,7,14,19,10,19,17,6,s1217,AVG,POOR,AVG,BEST,POOR,BEST,BEST,POOR,student_1216,politician
,Politician,S1218,12,7,13,19,5,18,17,6,s1218,AVG,POOR,AVG,BEST,POOR,BEST,BEST,POOR,student_1217,politician
,Politician,S1219,13,8,11,19,5,17,17,5,s1219,AVG,POOR,AVG,BEST,POOR,BEST,BEST,POOR,student_1218,politician
,Politician,S1220,13,8,12,19,5,16,17,5,s1220,AVG,POOR,AVG,BEST,POOR,BEST,BEST,POOR,student_1219,politician
,Politician,S1221,13,9,12,19,5,15,17,5,s1221,AVG,POOR,AVG,BEST,POOR,BEST,BEST,POOR,student_1220,politician
,Politician,S1222,14,9,11,19,6,19,17,6,s1222,AVG,POOR,AVG,BEST,POOR,BEST,BEST,POOR,student_1221,politician
,Politician,S1223,14,10,14,19,7,18,17,6,s1223,AVG,POOR,AVG,BEST,POOR,BEST,BEST,POOR,student_1222,politician
,Politician,S1224,14,10,13,19,8,17,17,6,s1224,AVG,POOR,AVG,BEST,POOR,BEST,BEST,POOR,student_1223,politician
,Politician,S1225,12,5,11,19,9,16,18,5,s1225,AVG,POOR,AVG,BEST,POOR,BEST,BEST,POOR,student_1224,politician
,Politician,S1226,12,5,12,19,10,15,18,5,s1226,AVG,POOR,AVG,BEST,POOR,BEST,BEST,POOR,student_1225,politician
,Politician,S1227,13,6,12,19,5,19,18,5,s1227,AVG,POOR,AVG,BEST,POOR,BEST,BEST,POOR,student_1226,politician
,Politician,S1228,13,6,11,19,7,18,18,6,s1228,AVG,POOR,AVG,BEST,POOR,BEST,BEST,POOR,student_1227,politician
,Politician,S1229,13,7,14,19,7,17,18,6,s1229,AVG,POOR,AVG,BEST,POOR,BEST,BEST,POOR,student_1228,politician
,Politician,S1230,14,7,13,19,7,16,18,6,s1230,AVG,POOR,AVG,BEST,POOR,BEST,BEST,POOR,student_1229,politician
,Politician,S1231,14,8,11,19,7,15,18,5,s1231,AVG,POOR,AVG,BEST,POOR,BEST,BEST,POOR,student_1230,politician
,Politician,S1232,14,8,12,19,6,19,18,5,s1232,AVG,POOR,AVG,BEST,POOR,BEST,BEST,POOR,student_1231,politician
,Politician,S1233,12,9,12,19,7,18,18,5,s1233,AVG,POOR,AVG,BEST,POOR,BEST,BEST,POOR,student_1232,politician
,Politician,S1234,12,9,11,19,8,17,18,6,s1234,AVG,POOR,AVG,BEST,POOR,BEST,BEST,POOR,student_1233,politician
,Politician,S1235,13,10,14,19,9,16,18,6,s1235,AVG,POOR,AVG,BEST,POOR,BEST,BEST,POOR,student_1234,politician
,Politician,S1236,13,10,13,19,10,15,18,6,s1236,AVG,POOR,AVG,BEST,POOR,BEST,BEST,POOR,student_1235,politician
,Politician,S1237,13,5,12,19,5,19,18,5,s1237,AVG,POOR,AVG,BEST,POOR,BEST,BEST,POOR,student_1236,politician
,Politician,S1238,14,5,13,19,8,18,18,5,s1238,AVG,POOR,AVG,BEST,POOR,BEST,BEST,POOR,student_1237,politician
,Politician,S1239,14,6,12,19,8,17,15,5,s1239,AVG,POOR,AVG,BEST,POOR,BEST,BEST,POOR,student_1238,politician
,Politician,S1240,14,6,12,19,8,16,16,6,s1240,AVG,POOR,AVG,BEST,POOR,BEST,BEST,POOR,student_1239,politician
,Politician,S1241,12,7,12,19,8,15,18,6,s1241,AVG,POOR,AVG,BEST,POOR,BEST,BEST,POOR,student_1240,politician
,Politician,S1242,12,7,12,19,8,19,19,6,s1242,AVG,POOR,AVG,BEST,POOR,BEST,BEST,POOR,student_1241,politician
,Politician,S1243,13,8,12,19,6,18,16,5,s1243,AVG,POOR,AVG,BEST,POOR,BEST,BEST,POOR,student_1242,politician
,Politician,S1244,13,8,12,19,7,17,20,5,s1244,AVG,POOR,AVG,BEST,POOR,BEST,BEST,POOR,student_1243,politician
,Politician,S1245,13,9,12,19,8,16,19,5,s1245,AVG,POOR,AVG,BEST,POOR,BEST,BEST,POOR,student_1244,politician
,Politician,S1246,14,9,12,19,9,15,17,6,s1246,AVG,POOR,AVG,BEST,POOR,BEST,BEST,POOR,student_1245,politician
,Politician,S1247,14,10,12,19,10,19,15,6,s1247,AVG,POOR,AVG,BEST,POOR,BEST,BEST,POOR,student_1246,politician
,Politician,S1248,14,10,12,19,5,18,16,6,s1248,AVG,POOR,AVG,BEST,POOR,BEST,BEST,POOR,student_1247,politician
,Politician,S1249,13,7,12,19,8,17,20,5,s1249,AVG,POOR,AVG,BEST,POOR,BEST,BEST,POOR,student_1248,politician
,Politician,S1250,14,7,12,19,8,16,17,5,s1250,AVG,POOR,AVG,BEST,POOR,BEST,BEST,POOR,student_1249,politician
,Social Worker,S1251,11,5,20,6,12,19,18,7,s1251,AVG,POOR,BEST,POOR,AVG,BEST,BEST,POOR,student_1250,social worker
,Social Worker,S1252,11,5,20,7,12,19,18,7,s1252,AVG,POOR,BEST,POOR,AVG,BEST,BEST,POOR,student_1251,social worker
,Social Worker,S1253,11,5,20,8,12,19,18,7,s1253,AVG,POOR,BEST,POOR,AVG,BEST,BEST,POOR,student_1252,social worker
,Social Worker,S1254,11,5,20,9,12,19,18,7,s1254,AVG,POOR,BEST,POOR,AVG,BEST,BEST,POOR,student_1253,social worker
,Social Worker,S1255,11,6,20,10,12,19,18,7,s1255,AVG,POOR,BEST,POOR,AVG,BEST,BEST,POOR,student_1254,social worker
,Social Worker,S1256,11,7,20,5,12,19,18,7,s1256,AVG,POOR,BEST,POOR,AVG,BEST,BEST,POOR,student_1255,social worker
,Social Worker,S1257,11,8,20,6,12,19,18,7,s1257,AVG,POOR,BEST,POOR,AVG,BEST,BEST,POOR,student_1256,social worker
,Social Worker,S1258,11,9,20,6,12,19,18,7,s1258,AVG,POOR,BEST,POOR,AVG,BEST,BEST,POOR,student_1257,social worker
,Social Worker,S1259,11,10,20,6,12,19,18,7,s1259,AVG,POOR,BEST,POOR,AVG,BEST,BEST,POOR,student_1258,social worker
,Social Worker,S1260,11,5,20,6,12,19,18,7,s1260,AVG,POOR,BEST,POOR,AVG,BEST,BEST,POOR,student_1259,social worker
,Social Worker,S1261,11,5,20,6,12,19,18,7,s1261,AVG,POOR,BEST,POOR,AVG,BEST,BEST,POOR,student_1260,social worker
,Social Worker,S1262,11,5,20,6,12,19,18,7,s1262,AVG,POOR,BEST,POOR,AVG,BEST,BEST,POOR,student_1261,social worker
,Social Worker,S1263,11,5,20,7,12,19,18,7,s1263,AVG,POOR,BEST,POOR,AVG,BEST,BEST,POOR,student_1262,social worker
,Social Worker,S1264,11,6,20,8,12,19,18,7,s1264,AVG,POOR,BEST,POOR,AVG,BEST,BEST,POOR,student_1263,social worker
,Social Worker,S1265,11,7,20,9,14,19,18,7,s1265,AVG,POOR,BEST,POOR,AVG,BEST,BEST,POOR,student_1264,social worker
,Social Worker,S1266,11,8,20,10,14,19,18,7,s1266,AVG,POOR,BEST,POOR,AVG,BEST,BEST,POOR,student_1265,social worker
,Social Worker,S1267,11,9,20,5,14,19,18,7,s1267,AVG,POOR,BEST,POOR,AVG,BEST,BEST,POOR,student_1266,social worker
,Social Worker,S1268,12,10,20,8,14,18,17,7,s1268,AVG,POOR,BEST,POOR,AVG,BEST,BEST,POOR,student_1267,social worker
,Social Worker,S1269,12,5,20,8,14,18,17,8,s1269,AVG,POOR,BEST,POOR,AVG,BEST,BEST,POOR,student_1268,social worker
,Social Worker,S1270,12,6,20,6,14,18,17,9,s1270,AVG,POOR,BEST,POOR,AVG,BEST,BEST,POOR,student_1269,social worker
,Social Worker,S1271,12,6,19,7,14,18,17,10,s1271,AVG,POOR,BEST,POOR,AVG,BEST,BEST,POOR,student_1270,social worker
,Social Worker,S1272,12,6,19,8,14,18,17,5,s1272,AVG,POOR,BEST,POOR,AVG,BEST,BEST,POOR,student_1271,social worker
,Social Worker,S1273,12,7,19,9,14,18,17,8,s1273,AVG,POOR,BEST,POOR,AVG,BEST,BEST,POOR,student_1272,social worker
,Social Worker,S1274,12,8,19,10,14,18,17,8,s1274,AVG,POOR,BEST,POOR,AVG,BEST,BEST,POOR,student_1273,social worker
,Social Worker,S1275,12,9,19,5,13,16,19,7,s1275,AVG,POOR,BEST,POOR,AVG,BEST,BEST,POOR,student_1274,social worker
,Social Worker,S1276,12,10,19,7,13,16,19,8,s1276,AVG,POOR,BEST,POOR,AVG,BEST,BEST,POOR,student_1275,social worker
,Social Worker,S1277,12,5,19,7,13,16,19,9,s1277,AVG,POOR,BEST,POOR,AVG,BEST,BEST,POOR,student_1276,social worker
,Social Worker,S1278,12,6,19,7,13,16,19,10,s1278,AVG,POOR,BEST,POOR,AVG,BEST,BEST,POOR,student_1277,social worker
,Social Worker,S1279,11,5,20,6,12,19,18,5,s1279,AVG,POOR,BEST,POOR,AVG,BEST,BEST,POOR,student_1278,social worker
,Social Worker,S1280,11,5,20,6,12,19,18,8,s1280,AVG,POOR,BEST,POOR,AVG,BEST,BEST,POOR,student_1279,social worker
,Social Worker,S1281,11,6,20,8,12,19,18,7,s1281,AVG,POOR,BEST,POOR,AVG,BEST,BEST,POOR,student_1280,social worker
,Social Worker,S1282,11,7,20,8,12,18,18,7,s1282,AVG,POOR,BEST,POOR,AVG,BEST,BEST,POOR,student_1281,social worker
,Social Worker,S1283,11,8,20,8,12,16,18,7,s1283,AVG,POOR,BEST,POOR,AVG,BEST,BEST,POOR,student_1282,social worker
,Social Worker,S1284,11,9,20,8,14,16,18,8,s1284,AVG,POOR,BEST,POOR,AVG,BEST,BEST,POOR,student_1283,social worker
,Social Worker,S1285,11,10,20,8,14,16,18,9,s1285,AVG,POOR,BEST,POOR,AVG,BEST,BEST,POOR,student_1284,social worker
,Social Worker,S1286,11,5,20,8,14,16,18,10,s1286,AVG,POOR,BEST,POOR,AVG,BEST,BEST,POOR,student_1285,social worker
,Social Worker,S1287,12,6,20,8,14,19,17,5,s1287,AVG,POOR,BEST,POOR,AVG,BEST,BEST,POOR,student_1286,social worker
,Social Worker,S1288,12,6,20,8,14,18,17,8,s1288,AVG,POOR,BEST,POOR,AVG,BEST,BEST,POOR,student_1287,social worker
,Social Worker,S1289,12,6,20,8,14,18,17,8,s1289,AVG,POOR,BEST,POOR,AVG,BEST,BEST,POOR,student_1288,social worker
,Social Worker,S1290,12,6,19,8,14,18,17,8,s1290,AVG,POOR,BEST,POOR,AVG,BEST,BEST,POOR,student_1289,social worker
,Social Worker,S1291,12,7,19,8,14,18,17,8,s1291,AVG,POOR,BEST,POOR,AVG,BEST,BEST,POOR,student_1290,social worker
,Social Worker,S1292,12,8,19,8,14,18,17,8,s1292,AVG,POOR,BEST,POOR,AVG,BEST,BEST,POOR,student_1291,social worker
,Social Worker,S1293,12,9,19,8,14,16,17,7,s1293,AVG,POOR,BEST,POOR,AVG,BEST,BEST,POOR,student_1292,social worker
,Social Worker,S1294,14,10,15,9,12,16,18,8,s1294,AVG,POOR,BEST,POOR,AVG,BEST,BEST,POOR,student_1293,social worker
,Social Worker,S1295,14,7,15,9,12,16,18,9,s1295,AVG,POOR,BEST,POOR,AVG,BEST,BEST,POOR,student_1294,social worker
,Social Worker,S1296,14,8,15,9,12,16,18,10,s1296,AVG,POOR,BEST,POOR,AVG,BEST,BEST,POOR,student_1295,social worker
,Social Worker,S1297,14,9,15,9,12,19,18,5,s1297,AVG,POOR,BEST,POOR,AVG,BEST,BEST,POOR,student_1296,social worker
,Social Worker,S1298,12,10,15,9,12,19,18,8,s1298,AVG,POOR,BEST,POOR,AVG,BEST,BEST,POOR,student_1297,social worker
,Social Worker,S1299,14,5,15,9,12,19,18,9,s1299,AVG,POOR,BEST,POOR,AVG,BEST,BEST,POOR,student_1298,social worker
,Social Worker,S1300,14,8,15,9,12,19,18,9,s1300,AVG,POOR,BEST,POOR,AVG,BEST,BEST,POOR,student_1299,social worker
,Receptionist,S1301,19,18,12,13,5,20,11,6,s1301,BEST,BEST,AVG,AVG,POOR,BEST,AVG,POOR,student_1300,receptionist
,Receptionist,S1302,16,17,12,14,5,20,11,6,s1302,BEST,BEST,AVG,AVG,POOR,BEST,AVG,POOR,student_1301,receptionist
,Receptionist,S1303,15,16,12,12,5,20,11,6,s1303,BEST,BEST,AVG,AVG,POOR,BEST,AVG,POOR,student_1302,receptionist
,Receptionist,S1304,19,15,12,11,5,20,11,6,s1304,BEST,BEST,AVG,AVG,POOR,BEST,AVG,POOR,student_1303,receptionist
,Receptionist,S1305,20,16,12,14,5,20,11,6,s1305,BEST,BEST,AVG,AVG,POOR,BEST,AVG,POOR,student_1304,receptionist
,Receptionist,S1306,16,17,12,12,5,20,11,6,s1306,BEST,BEST,AVG,AVG,POOR,BEST,AVG,POOR,student_1305,receptionist
,Receptionist,S1307,15,18,12,13,5,20,11,6,s1307,BEST,BEST,AVG,AVG,POOR,BEST,AVG,POOR,student_1306,receptionist
,Receptionist,S1308,19,19,12,13,5,20,11,6,s1308,BEST,BEST,AVG,AVG,POOR,BEST,AVG,POOR,student_1307,receptionist
,Receptionist,S1309,19,18,12,14,5,20,11,6,s1309,BEST,BEST,AVG,AVG,POOR,BEST,AVG,POOR,student_1308,receptionist
,Receptionist,S1310,16,18,12,12,5,20,11,6,s1310,BEST,BEST,AVG,AVG,POOR,BEST,AVG,POOR,student_1309,receptionist
,Receptionist,S1311,15,17,12,11,5,20,11,6,s1311,BEST,BEST,AVG,AVG,POOR,BEST,AVG,POOR,student_1310,receptionist
,Receptionist,S1312,19,16,12,14,5,20,11,6,s1312,BEST,BEST,AVG,AVG,POOR,BEST,AVG,POOR,student_1311,receptionist
,Receptionist,S1313,20,15,12,12,5,20,11,6,s1313,BEST,BEST,AVG,AVG,POOR,BEST,AVG,POOR,student_1312,receptionist
,Receptionist,S1314,16,16,12,13,5,20,11,6,s1314,BEST,BEST,AVG,AVG,POOR,BEST,AVG,POOR,student_1313,receptionist
,Receptionist,S1315,15,17,12,13,5,20,11,6,s1315,BEST,BEST,AVG,AVG,POOR,BEST,AVG,POOR,student_1314,receptionist
,Receptionist,S1316,19,18,12,14,5,20,11,6,s1316,BEST,BEST,AVG,AVG,POOR,BEST,AVG,POOR,student_1315,receptionist
,Receptionist,S1317,19,19,12,12,5,20,11,6,s1317,BEST,BEST,AVG,AVG,POOR,BEST,AVG,POOR,student_1316,receptionist
,Receptionist,S1318,16,18,12,11,5,20,11,6,s1318,BEST,BEST,AVG,AVG,POOR,BEST,AVG,POOR,student_1317,receptionist
,Receptionist,S1319,15,18,11,14,6,19,12,7,s1319,BEST,BEST,AVG,AVG,POOR,BEST,AVG,POOR,student_1318,receptionist
,Receptionist,S1320,19,17,11,12,6,19,12,7,s1320,BEST,BEST,AVG,AVG,POOR,BEST,AVG,POOR,student_1319,receptionist
,Receptionist,S1321,20,16,11,13,6,19,12,7,s1321,BEST,BEST,AVG,AVG,POOR,BEST,AVG,POOR,student_1320,receptionist
,Receptionist,S1322,16,15,11,13,6,19,12,7,s1322,BEST,BEST,AVG,AVG,POOR,BEST,AVG,POOR,student_1321,receptionist
,Receptionist,S1323,15,16,11,14,6,19,12,7,s1323,BEST,BEST,AVG,AVG,POOR,BEST,AVG,POOR,student_1322,receptionist
,Receptionist,S1324,19,17,11,12,6,19,12,7,s1324,BEST,BEST,AVG,AVG,POOR,BEST,AVG,POOR,student_1323,receptionist
,Receptionist,S1325,19,18,11,11,6,19,12,7,s1325,BEST,BEST,AVG,AVG,POOR,BEST,AVG,POOR,student_1324,receptionist
,Receptionist,S1326,16,19,11,14,6,19,12,7,s1326,BEST,BEST,AVG,AVG,POOR,BEST,AVG,POOR,student_1325,receptionist
,Receptionist,S1327,15,16,11,12,6,19,12,7,s1327,BEST,BEST,AVG,AVG,POOR,BEST,AVG,POOR,student_1326,receptionist
,Receptionist,S1328,19,18,11,13,6,19,12,7,s1328,BEST,BEST,AVG,AVG,POOR,BEST,AVG,POOR,student_1327,receptionist
,Receptionist,S1329,20,17,12,13,8,20,13,6,s1329,BEST,BEST,AVG,AVG,POOR,BEST,AVG,POOR,student_1328,receptionist
,Receptionist,S1330,16,16,12,14,8,20,13,6,s1330,BEST,BEST,AVG,AVG,POOR,BEST,AVG,POOR,student_1329,receptionist
,Receptionist,S1331,15,15,12,12,8,20,13,6,s1331,BEST,BEST,AVG,AVG,POOR,BEST,AVG,POOR,student_1330,receptionist
,Receptionist,S1332,19,16,12,11,8,20,13,6,s1332,BEST,BEST,AVG,AVG,POOR,BEST,AVG,POOR,student_1331,receptionist
,Receptionist,S1333,19,17,12,14,8,20,13,6,s1333,BEST,BEST,AVG,AVG,POOR,BEST,AVG,POOR,student_1332,receptionist
,Receptionist,S1334,16,18,12,12,8,20,13,6,s1334,BEST,BEST,AVG,AVG,POOR,BEST,AVG,POOR,student_1333,receptionist
,Receptionist,S1335,15,19,12,13,8,20,13,6,s1335,BEST,BEST,AVG,AVG,POOR,BEST,AVG,POOR,student_1334,receptionist
,Receptionist,S1336,19,17,12,13,8,20,13,6,s1336,BEST,BEST,AVG,AVG,POOR,BEST,AVG,POOR,student_1335,receptionist
,Receptionist,S1337,20,18,12,14,8,20,13,6,s1337,BEST,BEST,AVG,AVG,POOR,BEST,AVG,POOR,student_1336,receptionist
,Receptionist,S1338,16,17,12,12,8,20,13,6,s1338,BEST,BEST,AVG,AVG,POOR,BEST,AVG,POOR,student_1337,receptionist
,Receptionist,S1339,15,16,12,11,8,20,13,6,s1339,BEST,BEST,AVG,AVG,POOR,BEST,AVG,POOR,student_1338,receptionist
,Receptionist,S1340,19,15,12,14,8,20,13,6,s1340,BEST,BEST,AVG,AVG,POOR,BEST,AVG,POOR,student_1339,receptionist
,Receptionist,S1341,19,16,12,12,8,20,13,6,s1341,BEST,BEST,AVG,AVG,POOR,BEST,AVG,POOR,student_1340,receptionist
,Receptionist,S1342,16,17,12,13,8,20,13,6,s1342,BEST,BEST,AVG,AVG,POOR,BEST,AVG,POOR,student_1341,receptionist
,Receptionist,S1343,15,18,12,13,8,20,13,6,s1343,BEST,BEST,AVG,AVG,POOR,BEST,AVG,POOR,student_1342,receptionist
,Receptionist,S1344,19,17,12,14,8,20,13,6,s1344,BEST,BEST,AVG,AVG,POOR,BEST,AVG,POOR,student_1343,receptionist
,Receptionist,S1345,20,16,12,12,8,20,13,6,s1345,BEST,BEST,AVG,AVG,POOR,BEST,AVG,POOR,student_1344,receptionist
,Receptionist,S1346,16,15,12,11,8,20,13,6,s1346,BEST,BEST,AVG,AVG,POOR,BEST,AVG,POOR,student_1345,receptionist
,Receptionist,S1347,15,16,12,14,8,20,13,6,s1347,BEST,BEST,AVG,AVG,POOR,BEST,AVG,POOR,student_1346,receptionist
,Receptionist,S1348,19,17,12,12,8,20,13,6,s1348,BEST,BEST,AVG,AVG,POOR,BEST,AVG,POOR,student_1347,receptionist
,Receptionist,S1349,18,18,12,13,8,20,13,6,s1349,BEST,BEST,AVG,AVG,POOR,BEST,AVG,POOR,student_1348,receptionist
,Receptionist,S1350,16,19,12,14,8,20,13,6,s1350,BEST,BEST,AVG,AVG,POOR,BEST,AVG,POOR,student_1349,receptionist
,Sales Representative,S1351,19,5,11,15,6,18,11,6,s1351,BEST,POOR,AVG,BEST,POOR,BEST,AVG,POOR,student_1350,sales representative
,Sales Representative,S1352,18,5,14,20,6,18,11,6,s1352,BEST,POOR,AVG,BEST,POOR,BEST,AVG,POOR,student_1351,sales representative
,Sales Representative,S1353,17,5,13,18,6,18,11,5,s1353,BEST,POOR,AVG,BEST,POOR,BEST,AVG,POOR,student_1352,sales representative
,Sales Representative,S1354,16,5,12,17,5,18,11,5,s1354,BEST,POOR,AVG,BEST,POOR,BEST,AVG,POOR,student_1353,sales representative
,Sales Representative,S1355,15,5,11,20,5,18,11,7,s1355,BEST,POOR,AVG,BEST,POOR,BEST,AVG,POOR,student_1354,sales representative
,Sales Representative,S1356,20,5,14,20,5,18,11,7,s1356,BEST,POOR,AVG,BEST,POOR,BEST,AVG,POOR,student_1355,sales representative
,Sales Representative,S1357,19,5,13,15,5,18,11,6,s1357,BEST,POOR,AVG,BEST,POOR,BEST,AVG,POOR,student_1356,sales representative
,Sales Representative,S1358,18,5,12,20,6,18,11,6,s1358,BEST,POOR,AVG,BEST,POOR,BEST,AVG,POOR,student_1357,sales representative
,Sales Representative,S1359,17,5,11,18,6,18,11,5,s1359,BEST,POOR,AVG,BEST,POOR,BEST,AVG,POOR,student_1358,sales representative
,Sales Representative,S1360,16,5,14,17,6,18,11,5,s1360,BEST,POOR,AVG,BEST,POOR,BEST,AVG,POOR,student_1359,sales representative
,Sales Representative,S1361,15,5,13,20,6,18,11,7,s1361,BEST,POOR,AVG,BEST,POOR,BEST,AVG,POOR,student_1360,sales representative
,Sales Representative,S1362,19,6,12,15,6,18,11,7,s1362,BEST,POOR,AVG,BEST,POOR,BEST,AVG,POOR,student_1361,sales representative
,Sales Representative,S1363,18,6,11,20,6,18,11,6,s1363,BEST,POOR,AVG,BEST,POOR,BEST,AVG,POOR,student_1362,sales representative
,Sales Representative,S1364,17,6,14,18,6,18,11,6,s1364,BEST,POOR,AVG,BEST,POOR,BEST,AVG,POOR,student_1363,sales representative
,Sales Representative,S1365,16,6,13,17,6,18,11,5,s1365,BEST,POOR,AVG,BEST,POOR,BEST,AVG,POOR,student_1364,sales representative
,Sales Representative,S1366,15,6,12,20,6,18,11,5,s1366,BEST,POOR,AVG,BEST,POOR,BEST,AVG,POOR,student_1365,sales representative
,Sales Representative,S1367,20,5,11,20,6,18,11,7,s1367,BEST,POOR,AVG,BEST,POOR,BEST,AVG,POOR,student_1366,sales representative
,Sales Representative,S1368,19,5,14,20,6,18,11,8,s1368,BEST,POOR,AVG,BEST,POOR,BEST,AVG,POOR,student_1367,sales representative
,Sales Representative,S1369,18,5,13,15,6,18,11,9,s1369,BEST,POOR,AVG,BEST,POOR,BEST,AVG,POOR,student_1368,sales representative
,Sales Representative,S1370,17,5,12,20,6,18,11,7,s1370,BEST,POOR,AVG,BEST,POOR,BEST,AVG,POOR,student_1369,sales representative
,Sales Representative,S1371,16,5,11,18,6,18,11,10,s1371,BEST,POOR,AVG,BEST,POOR,BEST,AVG,POOR,student_1370,sales representative
,Sales Representative,S1372,15,5,14,17,5,18,11,7,s1372,BEST,POOR,AVG,BEST,POOR,BEST,AVG,POOR,student_1371,sales representative
,Sales Representative,S1373,19,5,13,20,5,18,11,7,s1373,BEST,POOR,AVG,BEST,POOR,BEST,AVG,POOR,student_1372,sales representative
,Sales Representative,S1374,18,5,12,20,5,18,11,8,s1374,BEST,POOR,AVG,BEST,POOR,BEST,AVG,POOR,student_1373,sales representative
,Sales Representative,S1375,17,5,11,20,5,18,11,9,s1375,BEST,POOR,AVG,BEST,POOR,BEST,AVG,POOR,student_1374,sales representative
,Sales Representative,S1376,16,5,14,15,5,18,11,7,s1376,BEST,POOR,AVG,BEST,POOR,BEST,AVG,POOR,student_1375,sales representative
,Sales Representative,S1377,15,5,13,20,6,18,11,10,s1377,BEST,POOR,AVG,BEST,POOR,BEST,AVG,POOR,student_1376,sales representative
,Sales Representative,S1378,20,5,12,18,6,18,11,7,s1378,BEST,POOR,AVG,BEST,POOR,BEST,AVG,POOR,student_1377,sales representative
,Sales Representative,S1379,19,5,11,17,6,18,11,7,s1379,BEST,POOR,AVG,BEST,POOR,BEST,AVG,POOR,student_1378,sales representative
,Sales Representative,S1380,18,5,14,20,6,18,11,8,s1380,BEST,POOR,AVG,BEST,POOR,BEST,AVG,POOR,student_1379,sales representative
,Sales Representative,S1381,17,5,13,20,7,18,11,9,s1381,BEST,POOR,AVG,BEST,POOR,BEST,AVG,POOR,student_1380,sales representative
,Sales Representative,S1382,16,5,12,20,7,18,11,7,s1382,BEST,POOR,AVG,BEST,POOR,BEST,AVG,POOR,student_1381,sales representative
,Sales Representative,S1383,15,5,11,15,7,18,11,10,s1383,BEST,POOR,AVG,BEST,POOR,BEST,AVG,POOR,student_1382,sales representative
,Sales Representative,S1384,19,5,14,20,7,18,11,7,s1384,BEST,POOR,AVG,BEST,POOR,BEST,AVG,POOR,student_1383,sales representative
,Sales Representative,S1385,18,5,13,18,7,18,11,7,s1385,BEST,POOR,AVG,BEST,POOR,BEST,AVG,POOR,student_1384,sales representative
,Sales Representative,S1386,17,5,12,17,7,18,11,7,s1386,BEST,POOR,AVG,BEST,POOR,BEST,AVG,POOR,student_1385,sales representative
,Sales Representative,S1387,16,7,11,16,7,17,11,8,s1387,BEST,POOR,AVG,BEST,POOR,BEST,AVG,POOR,student_1386,sales representative
,Sales Representative,S1388,15,7,14,16,7,17,11,9,s1388,BEST,POOR,AVG,BEST,POOR,BEST,AVG,POOR,student_1387,sales representative
,Sales Representative,S1389,20,7,13,16,7,17,11,7,s1389,BEST,POOR,AVG,BEST,POOR,BEST,AVG,POOR,student_1388,sales representative
,Sales Representative,S1390,19,7,12,16,7,17,12,10,s1390,BEST,POOR,AVG,BEST,POOR,BEST,AVG,POOR,student_1389,sales representative
,Sales Representative,S1391,18,7,11,15,7,17,12,7,s1391,BEST,POOR,AVG,BEST,POOR,BEST,AVG,POOR,student_1390,sales representative
,Sales Representative,S1392,17,7,14,20,7,17,12,8,s1392,BEST,POOR,AVG,BEST,POOR,BEST,AVG,POOR,student_1391,sales representative
,Sales Representative,S1393,16,7,13,18,7,17,12,9,s1393,BEST,POOR,AVG,BEST,POOR,BEST,AVG,POOR,student_1392,sales representative
,Sales Representative,S1394,15,6,12,17,7,17,12,7,s1394,BEST,POOR,AVG,BEST,POOR,BEST,AVG,POOR,student_1393,sales representative
,Sales Representative,S1395,15,6,11,16,7,17,12,10,s1395,BEST,POOR,AVG,BEST,POOR,BEST,AVG,POOR,student_1394,sales representative
,Sales Representative,S1396,17,5,14,15,7,17,12,7,s1396,BEST,POOR,AVG,BEST,POOR,BEST,AVG,POOR,student_1395,sales representative
,Sales Representative,S1397,18,5,13,20,7,17,12,8,s1397,BEST,POOR,AVG,BEST,POOR,BEST,AVG,POOR,student_1396,sales representative
,Sales Representative,S1398,19,7,12,18,7,17,12,8,s1398,BEST,POOR,AVG,BEST,POOR,BEST,AVG,POOR,student_1397,sales representative
,Sales Representative,S1399,20,7,13,17,7,17,12,8,s1399,BEST,POOR,AVG,BEST,POOR,BEST,AVG,POOR,student_1398,sales representative
,Sales Representative,S1400,15,7,12,16,7,17,12,8,s1400,BEST,POOR,AVG,BEST,POOR,BEST,AVG,POOR,student_1399,sales representative
,Counselor,S1401,11,6,14,17,6,19,17,12,s1401,AVG,POOR,AVG,BEST,POOR,BEST,BEST,AVG,student_1400,counselor
,Counselor,S1402,12,6,14,17,6,16,16,12,s1402,AVG,POOR,AVG,BEST,POOR,BEST,BEST,AVG,student_1401,counselor
,Counselor,S1403,13,6,14,17,6,15,17,12,s1403,AVG,POOR,AVG,BEST,POOR,BEST,BEST,AVG,student_1402,counselor
,Counselor,S1404,14,6,14,17,6,17,19,12,s1404,AVG,POOR,AVG,BEST,POOR,BEST,BEST,AVG,student_1403,counselor
,Counselor,S1405,13,5,14,17,5,18,17,12,s1405,AVG,POOR,AVG,BEST,POOR,BEST,BEST,AVG,student_1404,counselor
,Counselor,S1406,12,5,14,15,5,19,16,12,s1406,AVG,POOR,AVG,BEST,POOR,BEST,BEST,AVG,student_1405,counselor
,Counselor,S1407,11,6,14,16,6,19,17,12,s1407,AVG,POOR,AVG,BEST,POOR,BEST,BEST,AVG,student_1406,counselor
,Counselor,S1408,11,6,14,18,6,16,19,12,s1408,AVG,POOR,AVG,BEST,POOR,BEST,BEST,AVG,student_1407,counselor
,Counselor,S1409,12,6,14,19,6,15,17,12,s1409,AVG,POOR,AVG,BEST,POOR,BEST,BEST,AVG,student_1408,counselor
,Counselor,S1410,13,6,14,20,5,17,17,13,s1410,AVG,POOR,AVG,BEST,POOR,BEST,BEST,AVG,student_1409,counselor
,Counselor,S1411,14,6,14,17,5,18,16,13,s1411,AVG,POOR,AVG,BEST,POOR,BEST,BEST,AVG,student_1410,counselor
,Counselor,S1412,13,5,14,15,6,19,17,13,s1412,AVG,POOR,AVG,BEST,POOR,BEST,BEST,AVG,student_1411,counselor
,Counselor,S1413,12,5,14,16,6,19,19,13,s1413,AVG,POOR,AVG,BEST,POOR,BEST,BEST,AVG,student_1412,counselor
,Counselor,S1414,11,5,14,18,5,16,16,13,s1414,AVG,POOR,AVG,BEST,POOR,BEST,BEST,AVG,student_1413,counselor
,Counselor,S1415,13,5,14,19,5,15,17,13,s1415,AVG,POOR,AVG,BEST,POOR,BEST,BEST,AVG,student_1414,counselor
,Counselor,S1416,13,5,14,20,5,17,19,13,s1416,AVG,POOR,AVG,BEST,POOR,BEST,BEST,AVG,student_1415,counselor
,Counselor,S1417,11,5,14,17,5,18,17,13,s1417,AVG,POOR,AVG,BEST,POOR,BEST,BEST,AVG,student_1416,counselor
,Counselor,S1418,12,5,14,15,5,18,16,13,s1418,AVG,POOR,AVG,BEST,POOR,BEST,BEST,AVG,student_1417,counselor
,Counselor,S1419,13,5,14,16,5,18,17,13,s1419,AVG,POOR,AVG,BEST,POOR,BEST,BEST,AVG,student_1418,counselor
,Counselor,S1420,14,6,14,18,5,19,19,14,s1420,AVG,POOR,AVG,BEST,POOR,BEST,BEST,AVG,student_1419,counselor
,Counselor,S1421,13,6,14,19,5,16,16,14,s1421,AVG,POOR,AVG,BEST,POOR,BEST,BEST,AVG,student_1420,counselor
,Counselor,S1422,12,5,14,20,5,15,17,14,s1422,AVG,POOR,AVG,BEST,POOR,BEST,BEST,AVG,student_1421,counselor
,Counselor,S1423,11,5,14,17,5,17,19,14,s1423,AVG,POOR,AVG,BEST,POOR,BEST,BEST,AVG,student_1422,counselor
,Counselor,S1424,14,5,14,17,5,18,17,14,s1424,AVG,POOR,AVG,BEST,POOR,BEST,BEST,AVG,student_1423,counselor
,Counselor,S1425,11,8,14,17,5,16,17,14,s1425,AVG,POOR,AVG,BEST,POOR,BEST,BEST,AVG,student_1424,counselor
,Counselor,S1426,12,7,14,15,8,16,16,14,s1426,AVG,POOR,AVG,BEST,POOR,BEST,BEST,AVG,student_1425,counselor
,Counselor,S1427,13,9,14,16,5,19,17,14,s1427,AVG,POOR,AVG,BEST,POOR,BEST,BEST,AVG,student_1426,counselor
,Counselor,S1428,14,8,14,18,8,16,19,14,s1428,AVG,POOR,AVG,BEST,POOR,BEST,BEST,AVG,student_1427,counselor
,Counselor,S1429,13,8,14,19,7,15,17,14,s1429,AVG,POOR,AVG,BEST,POOR,BEST,BEST,AVG,student_1428,counselor
,Counselor,S1430,12,8,14,20,9,17,20,14,s1430,AVG,POOR,AVG,BEST,POOR,BEST,BEST,AVG,student_1429,counselor
,Counselor,S1431,11,8,14,20,8,18,16,14,s1431,AVG,POOR,AVG,BEST,POOR,BEST,BEST,AVG,student_1430,counselor
,Counselor,S1432,14,8,14,20,8,19,17,14,s1432,AVG,POOR,AVG,BEST,POOR,BEST,BEST,AVG,student_1431,counselor
,Counselor,S1433,11,8,12,20,8,19,19,14,s1433,AVG,POOR,AVG,BEST,POOR,BEST,BEST,AVG,student_1432,counselor
,Counselor,S1434,12,8,12,15,8,19,20,14,s1434,AVG,POOR,AVG,BEST,POOR,BEST,BEST,AVG,student_1433,counselor
,Counselor,S1435,13,8,12,16,8,16,20,11,s1435,AVG,POOR,AVG,BEST,POOR,BEST,BEST,AVG,student_1434,counselor
,Counselor,S1436,14,8,12,18,5,15,16,11,s1436,AVG,POOR,AVG,BEST,POOR,BEST,BEST,AVG,student_1435,counselor
,Counselor,S1437,13,8,12,19,8,17,17,11,s1437,AVG,POOR,AVG,BEST,POOR,BEST,BEST,AVG,student_1436,counselor
,Counselor,S1438,12,5,12,20,7,18,19,11,s1438,AVG,POOR,AVG,BEST,POOR,BEST,BEST,AVG,student_1437,counselor
,Counselor,S1439,11,8,12,20,9,18,20,11,s1439,AVG,POOR,AVG,BEST,POOR,BEST,BEST,AVG,student_1438,counselor
,Counselor,S1440,11,7,12,15,8,19,16,11,s1440,AVG,POOR,AVG,BEST,POOR,BEST,BEST,AVG,student_1439,counselor
,Counselor,S1441,11,9,12,16,8,16,17,11,s1441,AVG,POOR,AVG,BEST,POOR,BEST,BEST,AVG,student_1440,counselor
,Counselor,S1442,12,7,12,18,7,15,19,11,s1442,AVG,POOR,AVG,BEST,POOR,BEST,BEST,AVG,student_1441,counselor
,Counselor,S1443,13,7,12,19,7,17,20,11,s1443,AVG,POOR,AVG,BEST,POOR,BEST,BEST,AVG,student_1442,counselor
,Counselor,S1444,14,7,12,20,7,18,16,11,s1444,AVG,POOR,AVG,BEST,POOR,BEST,BEST,AVG,student_1443,counselor
,Counselor,S1445,13,7,12,20,7,19,17,12,s1445,AVG,POOR,AVG,BEST,POOR,BEST,BEST,AVG,student_1444,counselor
,Counselor,S1446,12,7,12,15,7,19,19,12,s1446,AVG,POOR,AVG,BEST,POOR,BEST,BEST,AVG,student_1445,counselor
,Counselor,S1447,11,7,12,16,7,16,16,12,s1447,AVG,POOR,AVG,BEST,POOR,BEST,BEST,AVG,student_1446,counselor
,Counselor,S1448,12,7,12,18,7,15,17,12,s1448,AVG,POOR,AVG,BEST,POOR,BEST,BEST,AVG,student_1447,counselor
,Counselor,S1449,13,7,12,19,7,17,19,12,s1449,AVG,POOR,AVG,BEST,POOR,BEST,BEST,AVG,student_1448,counselor
,Counselor,S1450,14,7,12,20,7,18,20,12,s1450,AVG,POOR,AVG,BEST,POOR,BEST,BEST,AVG,student_1449,counselor
,Athlete,S1451,12,11,19,5,7,19,18,13,s1451,AVG,AVG,BEST,POOR,POOR,BEST,BEST,AVG,student_1450,athlete
,Athlete,S1452,11,11,17,6,7,19,16,12,s1452,AVG,AVG,BEST,POOR,POOR,BEST,BEST,AVG,student_1451,athlete
,Athlete,S1453,13,11,18,8,7,19,17,14,s1453,AVG,AVG,BEST,POOR,POOR,BEST,BEST,AVG,student_1452,athlete
,Athlete,S1454,14,11,16,7,7,19,19,12,s1454,AVG,AVG,BEST,POOR,POOR,BEST,BEST,AVG,student_1453,athlete
,Athlete,S1455,11,11,15,10,7,19,20,11,s1455,AVG,AVG,BEST,POOR,POOR,BEST,BEST,AVG,student_1454,athlete
,Athlete,S1456,12,11,20,8,7,19,19,13,s1456,AVG,AVG,BEST,POOR,POOR,BEST,BEST,AVG,student_1455,athlete
,Athlete,S1457,13,11,19,6,5,19,18,12,s1457,AVG,AVG,BEST,POOR,POOR,BEST,BEST,AVG,student_1456,athlete
,Athlete,S1458,12,11,18,5,6,19,17,14,s1458,AVG,AVG,BEST,POOR,POOR,BEST,BEST,AVG,student_1457,athlete
,Athlete,S1459,11,11,19,6,8,19,18,12,s1459,AVG,AVG,BEST,POOR,POOR,BEST,BEST,AVG,student_1458,athlete
,Athlete,S1460,13,11,19,8,7,19,15,11,s1460,AVG,AVG,BEST,POOR,POOR,BEST,BEST,AVG,student_1459,athlete
,Athlete,S1461,14,11,17,7,10,19,18,13,s1461,AVG,AVG,BEST,POOR,POOR,BEST,BEST,AVG,student_1460,athlete
,Athlete,S1462,11,11,18,10,8,19,16,12,s1462,AVG,AVG,BEST,POOR,POOR,BEST,BEST,AVG,student_1461,athlete
,Athlete,S1463,12,11,16,8,6,19,17,14,s1463,AVG,AVG,BEST,POOR,POOR,BEST,BEST,AVG,student_1462,athlete
,Athlete,S1464,13,11,15,6,7,19,19,12,s1464,AVG,AVG,BEST,POOR,POOR,BEST,BEST,AVG,student_1463,athlete
,Athlete,S1465,12,11,20,5,7,19,20,11,s1465,AVG,AVG,BEST,POOR,POOR,BEST,BEST,AVG,student_1464,athlete
,Athlete,S1466,12,11,19,6,5,19,19,13,s1466,AVG,AVG,BEST,POOR,POOR,BEST,BEST,AVG,student_1465,athlete
,Athlete,S1467,11,11,18,8,6,19,18,13,s1467,AVG,AVG,BEST,POOR,POOR,BEST,BEST,AVG,student_1466,athlete
,Athlete,S1468,13,11,19,7,8,15,17,12,s1468,AVG,AVG,BEST,POOR,POOR,BEST,BEST,AVG,student_1467,athlete
,Athlete,S1469,14,11,17,10,7,15,18,14,s1469,AVG,AVG,BEST,POOR,POOR,BEST,BEST,AVG,student_1468,athlete
,Athlete,S1470,11,11,18,8,10,15,15,12,s1470,AVG,AVG,BEST,POOR,POOR,BEST,BEST,AVG,student_1469,athlete
,Athlete,S1471,12,11,16,6,8,15,18,11,s1471,AVG,AVG,BEST,POOR,POOR,BEST,BEST,AVG,student_1470,athlete
,Athlete,S1472,13,11,15,5,6,15,18,13,s1472,AVG,AVG,BEST,POOR,POOR,BEST,BEST,AVG,student_1471,athlete
,Athlete,S1473,12,11,20,6,7,15,16,12,s1473,AVG,AVG,BEST,POOR,POOR,BEST,BEST,AVG,student_1472,athlete
,Athlete,S1474,11,11,19,8,7,15,17,14,s1474,AVG,AVG,BEST,POOR,POOR,BEST,BEST,AVG,student_1473,athlete
,Athlete,S1475,13,11,18,7,7,15,19,12,s1475,AVG,AVG,BEST,POOR,POOR,BEST,BEST,AVG,student_1474,athlete
,Athlete,S1476,14,11,20,10,7,15,20,11,s1476,AVG,AVG,BEST,POOR,POOR,BEST,BEST,AVG,student_1475,athlete
,Athlete,S1477,11,11,19,8,5,15,19,13,s1477,AVG,AVG,BEST,POOR,POOR,BEST,BEST,AVG,student_1476,athlete
,Athlete,S1478,12,11,18,6,6,15,18,12,s1478,AVG,AVG,BEST,POOR,POOR,BEST,BEST,AVG,student_1477,athlete
,Athlete,S1479,13,11,17,5,8,15,17,14,s1479,AVG,AVG,BEST,POOR,POOR,BEST,BEST,AVG,student_1478,athlete
,Athlete,S1480,12,11,16,6,7,15,18,12,s1480,AVG,AVG,BEST,POOR,POOR,BEST,BEST,AVG,student_1479,athlete
,Athlete,S1481,11,14,16,8,10,15,15,11,s1481,AVG,AVG,BEST,POOR,POOR,BEST,BEST,AVG,student_1480,athlete
,Athlete,S1482,13,14,19,7,8,15,18,13,s1482,AVG,AVG,BEST,POOR,POOR,BEST,BEST,AVG,student_1481,athlete
,Athlete,S1483,14,14,17,10,6,17,16,13,s1483,AVG,AVG,BEST,POOR,POOR,BEST,BEST,AVG,student_1482,athlete
,Athlete,S1484,11,14,16,8,7,17,17,13,s1484,AVG,AVG,BEST,POOR,POOR,BEST,BEST,AVG,student_1483,athlete
,Athlete,S1485,12,14,15,6,7,17,19,12,s1485,AVG,AVG,BEST,POOR,POOR,BEST,BEST,AVG,student_1484,athlete
,Athlete,S1486,13,14,20,5,7,17,20,14,s1486,AVG,AVG,BEST,POOR,POOR,BEST,BEST,AVG,student_1485,athlete
,Athlete,S1487,13,14,19,6,7,17,19,12,s1487,AVG,AVG,BEST,POOR,POOR,BEST,BEST,AVG,student_1486,athlete
,Athlete,S1488,13,14,18,8,5,17,18,11,s1488,AVG,AVG,BEST,POOR,POOR,BEST,BEST,AVG,student_1487,athlete
,Athlete,S1489,13,14,17,7,6,17,17,13,s1489,AVG,AVG,BEST,POOR,POOR,BEST,BEST,AVG,student_1488,athlete
,Athlete,S1490,13,14,16,10,8,17,18,13,s1490,AVG,AVG,BEST,POOR,POOR,BEST,BEST,AVG,student_1489,athlete
,Athlete,S1491,11,14,17,8,7,17,16,12,s1491,AVG,AVG,BEST,POOR,POOR,BEST,BEST,AVG,student_1490,athlete
,Athlete,S1492,11,14,19,6,10,17,17,14,s1492,AVG,AVG,BEST,POOR,POOR,BEST,BEST,AVG,student_1491,athlete
,Athlete,S1493,11,14,17,5,8,17,19,12,s1493,AVG,AVG,BEST,POOR,POOR,BEST,BEST,AVG,student_1492,athlete
,Athlete,S1494,11,14,16,6,6,17,20,11,s1494,AVG,AVG,BEST,POOR,POOR,BEST,BEST,AVG,student_1493,athlete
,Athlete,S1495,11,14,15,8,9,17,19,13,s1495,AVG,AVG,BEST,POOR,POOR,BEST,BEST,AVG,student_1494,athlete
,Athlete,S1496,11,14,20,7,9,17,18,13,s1496,AVG,AVG,BEST,POOR,POOR,BEST,BEST,AVG,student_1495,athlete
,Athlete,S1497,11,14,19,10,9,17,17,12,s1497,AVG,AVG,BEST,POOR,POOR,BEST,BEST,AVG,student_1496,athlete
,Athlete,S1498,11,14,18,8,9,17,18,14,s1498,AVG,AVG,BEST,POOR,POOR,BEST,BEST,AVG,student_1497,athlete
,Athlete,S1499,11,14,17,6,9,17,15,12,s1499,AVG,AVG,BEST,POOR,POOR,BEST,BEST,AVG,student_1498,athlete
,Athlete,S1500,11,14,16,8,9,17,16,11,s1500,AVG,AVG,BEST,POOR,POOR,BEST,BEST,AVG,student_1499,athlete
,Dancer,S1501,5,20,18,5,11,2,11,14,s1501,POOR,BEST,BEST,POOR,AVG,,AVG,AVG,student_1500,dancer
,Dancer,S1502,6,19,18,6,11,2,11,12,s1502,POOR,BEST,BEST,POOR,AVG,,AVG,AVG,student_1501,dancer
,Dancer,S1503,7,18,18,7,12,2,12,11,s1503,POOR,BEST,BEST,POOR,AVG,,AVG,AVG,student_1502,dancer
,Dancer,S1504,8,17,18,8,12,2,12,12,s1504,POOR,BEST,BEST,POOR,AVG,,AVG,AVG,student_1503,dancer
,Dancer,S1505,9,16,18,9,13,2,13,12,s1505,POOR,BEST,BEST,POOR,AVG,,AVG,AVG,student_1504,dancer
,Dancer,S1506,10,15,18,10,12,2,12,13,s1506,POOR,BEST,BEST,POOR,AVG,,AVG,AVG,student_1505,dancer
,Dancer,S1507,10,20,18,10,12,17,12,14,s1507,POOR,BEST,BEST,POOR,AVG,BEST,AVG,AVG,student_1506,dancer
,Dancer,S1508,9,19,18,9,13,17,13,12,s1508,POOR,BEST,BEST,POOR,AVG,BEST,AVG,AVG,student_1507,dancer
,Dancer,S1509,8,18,18,8,13,17,13,12,s1509,POOR,BEST,BEST,POOR,AVG,BEST,AVG,AVG,student_1508,dancer
,Dancer,S1510,7,17,18,7,14,17,14,13,s1510,POOR,BEST,BEST,POOR,AVG,BEST,AVG,AVG,student_1509,dancer
,Dancer,S1511,6,16,18,6,14,17,14,13,s1511,POOR,BEST,BEST,POOR,AVG,BEST,AVG,AVG,student_1510,dancer
,Dancer,S1512,5,15,18,5,11,17,11,11,s1512,POOR,BEST,BEST,POOR,AVG,BEST,AVG,AVG,student_1511,dancer
,Dancer,S1513,5,20,18,10,12,17,12,11,s1513,POOR,BEST,BEST,POOR,AVG,BEST,AVG,AVG,student_1512,dancer
,Dancer,S1514,6,19,18,10,13,17,13,12,s1514,POOR,BEST,BEST,POOR,AVG,BEST,AVG,AVG,student_1513,dancer
,Dancer,S1515,7,18,17,10,14,17,14,12,s1515,POOR,BEST,BEST,POOR,AVG,BEST,AVG,AVG,student_1514,dancer
,Dancer,S1516,8,17,17,10,12,17,12,13,s1516,POOR,BEST,BEST,POOR,AVG,BEST,AVG,AVG,student_1515,dancer
,Dancer,S1517,9,16,17,10,11,17,11,12,s1517,POOR,BEST,BEST,POOR,AVG,BEST,AVG,AVG,student_1516,dancer
,Dancer,S1518,10,15,17,10,12,17,12,12,s1518,POOR,BEST,BEST,POOR,AVG,BEST,AVG,AVG,student_1517,dancer
,Dancer,S1519,10,20,17,10,12,17,12,13,s1519,POOR,BEST,BEST,POOR,AVG,BEST,AVG,AVG,student_1518,dancer
,Dancer,S1520,9,19,17,9,13,17,13,13,s1520,POOR,BEST,BEST,POOR,AVG,BEST,AVG,AVG,student_1519,dancer
,Dancer,S1521,8,18,17,9,14,17,14,14,s1521,POOR,BEST,BEST,POOR,AVG,BEST,AVG,AVG,student_1520,dancer
,Dancer,S1522,7,17,17,9,12,17,12,14,s1522,POOR,BEST,BEST,POOR,AVG,BEST,AVG,AVG,student_1521,dancer
,Dancer,S1523,6,16,17,9,11,17,11,14,s1523,POOR,BEST,BEST,POOR,AVG,BEST,AVG,AVG,student_1522,dancer
,Dancer,S1524,5,15,17,9,11,17,11,12,s1524,POOR,BEST,BEST,POOR,AVG,BEST,AVG,AVG,student_1523,dancer
,Dancer,S1525,5,20,17,9,12,17,12,11,s1525,POOR,BEST,BEST,POOR,AVG,BEST,AVG,AVG,student_1524,dancer
,Dancer,S1526,6,19,17,9,12,17,12,12,s1526,POOR,BEST,BEST,POOR,AVG,BEST,AVG,AVG,student_1525,dancer
,Dancer,S1527,7,18,17,9,13,17,13,12,s1527,POOR,BEST,BEST,POOR,AVG,BEST,AVG,AVG,student_1526,dancer
,Dancer,S1528,8,17,17,9,12,17,12,13,s1528,POOR,BEST,BEST,POOR,AVG,BEST,AVG,AVG,student_1527,dancer
,Dancer,S1529,9,16,16,9,12,17,12,14,s1529,POOR,BEST,BEST,POOR,AVG,BEST,AVG,AVG,student_1528,dancer
,Dancer,S1530,10,15,16,6,13,17,13,12,s1530,POOR,BEST,BEST,POOR,AVG,BEST,AVG,AVG,student_1529,dancer
,Dancer,S1531,10,20,16,6,13,17,13,11,s1531,POOR,BEST,BEST,POOR,AVG,BEST,AVG,AVG,student_1530,dancer
,Dancer,S1532,9,19,16,6,14,17,14,13,s1532,POOR,BEST,BEST,POOR,AVG,BEST,AVG,AVG,student_1531,dancer
,Dancer,S1533,8,18,16,6,14,17,14,12,s1533,POOR,BEST,BEST,POOR,AVG,BEST,AVG,AVG,student_1532,dancer
,Dancer,S1534,7,17,16,6,14,17,14,12,s1534,POOR,BEST,BEST,POOR,AVG,BEST,AVG,AVG,student_1533,dancer
,Dancer,S1535,6,16,16,6,12,16,12,11,s1535,POOR,BEST,BEST,POOR,AVG,BEST,AVG,AVG,student_1534,dancer
,Dancer,S1536,5,15,16,6,11,16,11,12,s1536,POOR,BEST,BEST,POOR,AVG,BEST,AVG,AVG,student_1535,dancer
,Dancer,S1537,5,20,16,6,12,16,12,12,s1537,POOR,BEST,BEST,POOR,AVG,BEST,AVG,AVG,student_1536,dancer
,Dancer,S1538,6,19,16,6,13,16,13,13,s1538,POOR,BEST,BEST,POOR,AVG,BEST,AVG,AVG,student_1537,dancer
,Dancer,S1539,7,18,16,6,14,16,14,12,s1539,POOR,BEST,BEST,POOR,AVG,BEST,AVG,AVG,student_1538,dancer
,Dancer,S1540,8,17,16,5,12,16,12,12,s1540,POOR,BEST,BEST,POOR,AVG,BEST,AVG,AVG,student_1539,dancer
,Dancer,S1541,9,16,16,5,11,16,11,13,s1541,POOR,BEST,BEST,POOR,AVG,BEST,AVG,AVG,student_1540,dancer
,Dancer,S1542,10,15,16,5,12,16,12,13,s1542,POOR,BEST,BEST,POOR,AVG,BEST,AVG,AVG,student_1541,dancer
,Dancer,S1543,10,20,16,5,12,16,12,14,s1543,POOR,BEST,BEST,POOR,AVG,BEST,AVG,AVG,student_1542,dancer
,Dancer,S1544,9,19,16,5,13,16,13,14,s1544,POOR,BEST,BEST,POOR,AVG,BEST,AVG,AVG,student_1543,dancer
,Dancer,S1545,8,18,15,5,11,16,11,11,s1545,POOR,BEST,BEST,POOR,AVG,BEST,AVG,AVG,student_1544,dancer
,Dancer,S1546,7,17,15,8,12,16,12,13,s1546,POOR,BEST,BEST,POOR,AVG,BEST,AVG,AVG,student_1545,dancer
,Dancer,S1547,6,16,15,8,12,16,12,12,s1547,POOR,BEST,BEST,POOR,AVG,BEST,AVG,AVG,student_1546,dancer
,Dancer,S1548,5,15,15,8,12,16,12,11,s1548,POOR,BEST,BEST,POOR,AVG,BEST,AVG,AVG,student_1547,dancer
,Dancer,S1549,7,16,15,8,13,16,13,14,s1549,POOR,BEST,BEST,POOR,AVG,BEST,AVG,AVG,student_1548,dancer
,Dancer,S1550,6,17,15,8,13,16,13,12,s1550,POOR,BEST,BEST,POOR,AVG,BEST,AVG,AVG,student_1549,dancer
,Mechanic,S1551,5,7,20,18,11,14,5,12,s1551,POOR,POOR,BEST,BEST,AVG,AVG,POOR,AVG,student_1550,mechanic
,Mechanic,S1552,6,7,18,18,11,14,6,12,s1552,POOR,POOR,BEST,BEST,AVG,AVG,POOR,AVG,student_1551,mechanic
,Mechanic,S1553,7,7,17,18,12,14,7,12,s1553,POOR,POOR,BEST,BEST,AVG,AVG,POOR,AVG,student_1552,mechanic
,Mechanic,S1554,8,7,18,18,12,14,5,12,s1554,POOR,POOR,BEST,BEST,AVG,AVG,POOR,AVG,student_1553,mechanic
,Mechanic,S1555,9,7,19,18,13,14,6,12,s1555,POOR,POOR,BEST,BEST,AVG,AVG,POOR,AVG,student_1554,mechanic
,Mechanic,S1556,10,7,16,18,12,14,7,12,s1556,POOR,POOR,BEST,BEST,AVG,AVG,POOR,AVG,student_1555,mechanic
,Mechanic,S1557,10,7,17,18,12,14,5,12,s1557,POOR,POOR,BEST,BEST,AVG,AVG,POOR,AVG,student_1556,mechanic
,Mechanic,S1558,9,7,18,18,13,14,6,12,s1558,POOR,POOR,BEST,BEST,AVG,AVG,POOR,AVG,student_1557,mechanic
,Mechanic,S1559,8,7,19,18,13,14,7,12,s1559,POOR,POOR,BEST,BEST,AVG,AVG,POOR,AVG,student_1558,mechanic
,Mechanic,S1560,7,7,20,18,14,14,5,12,s1560,POOR,POOR,BEST,BEST,AVG,AVG,POOR,AVG,student_1559,mechanic
,Mechanic,S1561,6,7,18,18,14,14,6,12,s1561,POOR,POOR,BEST,BEST,AVG,AVG,POOR,AVG,student_1560,mechanic
,Mechanic,S1562,5,7,17,18,11,14,7,12,s1562,POOR,POOR,BEST,BEST,AVG,AVG,POOR,AVG,student_1561,mechanic
,Mechanic,S1563,7,5,18,18,12,14,5,13,s1563,POOR,POOR,BEST,BEST,AVG,AVG,POOR,AVG,student_1562,mechanic
,Mechanic,S1564,7,6,19,18,13,14,6,13,s1564,POOR,POOR,BEST,BEST,AVG,AVG,POOR,AVG,student_1563,mechanic
,Mechanic,S1565,6,7,16,17,14,14,7,13,s1565,POOR,POOR,BEST,BEST,AVG,AVG,POOR,AVG,student_1564,mechanic
,Mechanic,S1566,7,8,17,17,12,14,8,13,s1566,POOR,POOR,BEST,BEST,AVG,AVG,POOR,AVG,student_1565,mechanic
,Mechanic,S1567,8,9,18,17,11,13,9,13,s1567,POOR,POOR,BEST,BEST,AVG,AVG,POOR,AVG,student_1566,mechanic
,Mechanic,S1568,7,10,19,17,12,13,10,13,s1568,POOR,POOR,BEST,BEST,AVG,AVG,POOR,AVG,student_1567,mechanic
,Mechanic,S1569,9,10,20,17,12,13,8,13,s1569,POOR,POOR,BEST,BEST,AVG,AVG,POOR,AVG,student_1568,mechanic
,Mechanic,S1570,7,9,18,17,13,13,9,13,s1570,POOR,POOR,BEST,BEST,AVG,AVG,POOR,AVG,student_1569,mechanic
,Mechanic,S1571,5,8,17,17,14,13,10,13,s1571,POOR,POOR,BEST,BEST,AVG,AVG,POOR,AVG,student_1570,mechanic
,Mechanic,S1572,7,7,18,17,12,13,8,14,s1572,POOR,POOR,BEST,BEST,AVG,AVG,POOR,AVG,student_1571,mechanic
,Mechanic,S1573,8,6,19,17,11,13,9,14,s1573,POOR,POOR,BEST,BEST,AVG,AVG,POOR,AVG,student_1572,mechanic
,Mechanic,S1574,7,5,16,17,11,13,10,14,s1574,POOR,POOR,BEST,BEST,AVG,AVG,POOR,AVG,student_1573,mechanic
,Mechanic,S1575,5,8,17,17,12,13,8,14,s1575,POOR,POOR,BEST,BEST,AVG,AVG,POOR,AVG,student_1574,mechanic
,Mechanic,S1576,6,8,18,17,12,13,9,14,s1576,POOR,POOR,BEST,BEST,AVG,AVG,POOR,AVG,student_1575,mechanic
,Mechanic,S1577,7,8,19,17,13,13,10,14,s1577,POOR,POOR,BEST,BEST,AVG,AVG,POOR,AVG,student_1576,mechanic
,Mechanic,S1578,8,8,20,17,12,13,8,14,s1578,POOR,POOR,BEST,BEST,AVG,AVG,POOR,AVG,student_1577,mechanic
,Mechanic,S1579,9,8,18,17,12,13,9,14,s1579,POOR,POOR,BEST,BEST,AVG,AVG,POOR,AVG,student_1578,mechanic
,Mechanic,S1580,10,8,17,17,13,13,10,14,s1580,POOR,POOR,BEST,BEST,AVG,AVG,POOR,AVG,student_1579,mechanic
,Mechanic,S1581,10,8,18,16,13,13,5,14,s1581,POOR,POOR,BEST,BEST,AVG,AVG,POOR,AVG,student_1580,mechanic
,Mechanic,S1582,9,8,19,16,14,13,7,14,s1582,POOR,POOR,BEST,BEST,AVG,AVG,POOR,AVG,student_1581,mechanic
,Mechanic,S1583,8,8,16,16,14,12,6,14,s1583,POOR,POOR,BEST,BEST,AVG,AVG,POOR,AVG,student_1582,mechanic
,Mechanic,S1584,7,8,17,16,14,12,8,14,s1584,POOR,POOR,BEST,BEST,AVG,AVG,POOR,AVG,student_1583,mechanic
,Mechanic,S1585,6,8,18,16,12,12,5,11,s1585,POOR,POOR,BEST,BEST,AVG,AVG,POOR,AVG,student_1584,mechanic
,Mechanic,S1586,5,8,19,16,11,12,7,11,s1586,POOR,POOR,BEST,BEST,AVG,AVG,POOR,AVG,student_1585,mechanic
,Mechanic,S1587,8,5,20,16,12,12,6,11,s1587,POOR,POOR,BEST,BEST,AVG,AVG,POOR,AVG,student_1586,mechanic
,Mechanic,S1588,10,6,18,16,13,12,8,11,s1588,POOR,POOR,BEST,BEST,AVG,AVG,POOR,AVG,student_1587,mechanic
,Mechanic,S1589,8,7,17,16,14,12,5,11,s1589,POOR,POOR,BEST,BEST,AVG,AVG,POOR,AVG,student_1588,mechanic
,Mechanic,S1590,10,8,18,16,12,12,7,11,s1590,POOR,POOR,BEST,BEST,AVG,AVG,POOR,AVG,student_1589,mechanic
,Mechanic,S1591,9,9,19,16,11,12,6,11,s1591,POOR,POOR,BEST,BEST,AVG,AVG,POOR,AVG,student_1590,mechanic
,Mechanic,S1592,10,10,16,16,12,12,8,11,s1592,POOR,POOR,BEST,BEST,AVG,AVG,POOR,AVG,student_1591,mechanic
,Mechanic,S1593,7,10,17,15,12,12,5,11,s1593,POOR,POOR,BEST,BEST,AVG,AVG,POOR,AVG,student_1592,mechanic
,Mechanic,S1594,6,9,18,15,13,11,7,11,s1594,POOR,POOR,BEST,BEST,AVG,AVG,POOR,AVG,student_1593,mechanic
,Mechanic,S1595,5,8,19,15,11,11,6,13,s1595,POOR,POOR,BEST,BEST,AVG,AVG,POOR,AVG,student_1594,mechanic
,Mechanic,S1596,10,7,19,15,12,11,8,13,s1596,POOR,POOR,BEST,BEST,AVG,AVG,POOR,AVG,student_1595,mechanic
,Mechanic,S1597,8,6,19,15,12,11,5,13,s1597,POOR,POOR,BEST,BEST,AVG,AVG,POOR,AVG,student_1596,mechanic
,Mechanic,S1598,10,5,17,15,12,11,7,13,s1598,POOR,POOR,BEST,BEST,AVG,AVG,POOR,AVG,student_1597,mechanic
,Mechanic,S1599,5,9,17,15,13,11,6,13,s1599,POOR,POOR,BEST,BEST,AVG,AVG,POOR,AVG,student_1598,mechanic
,Mechanic,S1600,6,7,17,15,13,11,8,13,s1600,POOR,POOR,BEST,BEST,AVG,AVG,POOR,AVG,student_1599,mechanic
,Actor / Actress,S1601,20,14,16,5,5,17,15,12,s1601,BEST,AVG,BEST,POOR,POOR,BEST,BEST,AVG,student_1600,actor / actress
,Actor / Actress,S1602,19,13,17,6,5,17,15,13,s1602,BEST,AVG,BEST,POOR,POOR,BEST,BEST,AVG,student_1601,actor / actress
,Actor / Actress,S1603,18,12,15,7,6,18,15,11,s1603,BEST,AVG,BEST,POOR,POOR,BEST,BEST,AVG,student_1602,actor / actress
,Actor / Actress,S1604,17,11,18,8,6,18,15,14,s1604,BEST,AVG,BEST,POOR,POOR,BEST,BEST,AVG,student_1603,actor / actress
,Actor / Actress,S1605,16,14,20,9,7,19,15,12,s1605,BEST,AVG,BEST,POOR,POOR,BEST,BEST,AVG,student_1604,actor / actress
,Actor / Actress,S1606,15,13,17,5,7,19,15,13,s1606,BEST,AVG,BEST,POOR,POOR,BEST,BEST,AVG,student_1605,actor / actress
,Actor / Actress,S1607,20,12,16,6,8,20,15,11,s1607,BEST,AVG,BEST,POOR,POOR,BEST,BEST,AVG,student_1606,actor / actress
,Actor / Actress,S1608,19,11,17,7,8,20,15,14,s1608,BEST,AVG,BEST,POOR,POOR,BEST,BEST,AVG,student_1607,actor / actress
,Actor / Actress,S1609,18,14,15,8,5,16,15,12,s1609,BEST,AVG,BEST,POOR,POOR,BEST,BEST,AVG,student_1608,actor / actress
,Actor / Actress,S1610,17,13,18,9,5,15,15,13,s1610,BEST,AVG,BEST,POOR,POOR,BEST,BEST,AVG,student_1609,actor / actress
,Actor / Actress,S1611,20,12,20,5,6,16,15,11,s1611,BEST,AVG,BEST,POOR,POOR,BEST,BEST,AVG,student_1610,actor / actress
,Actor / Actress,S1612,19,11,19,6,6,17,15,14,s1612,BEST,AVG,BEST,POOR,POOR,BEST,BEST,AVG,student_1611,actor / actress
,Actor / Actress,S1613,18,14,17,7,7,17,16,12,s1613,BEST,AVG,BEST,POOR,POOR,BEST,BEST,AVG,student_1612,actor / actress
,Actor / Actress,S1614,17,13,17,8,7,17,16,13,s1614,BEST,AVG,BEST,POOR,POOR,BEST,BEST,AVG,student_1613,actor / actress
,Actor / Actress,S1615,16,12,16,9,8,18,16,11,s1615,BEST,AVG,BEST,POOR,POOR,BEST,BEST,AVG,student_1614,actor / actress
,Actor / Actress,S1616,15,11,17,5,5,18,16,14,s1616,BEST,AVG,BEST,POOR,POOR,BEST,BEST,AVG,student_1615,actor / actress
,Actor / Actress,S1617,20,13,15,6,5,19,16,12,s1617,BEST,AVG,BEST,POOR,POOR,BEST,BEST,AVG,student_1616,actor / actress
,Actor / Actress,S1618,19,14,18,7,6,19,16,13,s1618,BEST,AVG,BEST,POOR,POOR,BEST,BEST,AVG,student_1617,actor / actress
,Actor / Actress,S1619,18,13,20,8,6,20,16,11,s1619,BEST,AVG,BEST,POOR,POOR,BEST,BEST,AVG,student_1618,actor / actress
,Actor / Actress,S1620,17,12,19,9,7,20,16,14,s1620,BEST,AVG,BEST,POOR,POOR,BEST,BEST,AVG,student_1619,actor / actress
,Actor / Actress,S1621,20,11,17,5,7,16,16,12,s1621,BEST,AVG,BEST,POOR,POOR,BEST,BEST,AVG,student_1620,actor / actress
,Actor / Actress,S1622,19,14,18,6,8,15,16,13,s1622,BEST,AVG,BEST,POOR,POOR,BEST,BEST,AVG,student_1621,actor / actress
,Actor / Actress,S1623,18,13,16,7,5,16,16,11,s1623,BEST,AVG,BEST,POOR,POOR,BEST,BEST,AVG,student_1622,actor / actress
,Actor / Actress,S1624,17,12,17,8,5,17,17,14,s1624,BEST,AVG,BEST,POOR,POOR,BEST,BEST,AVG,student_1623,actor / actress
,Actor / Actress,S1625,16,11,15,9,6,17,17,12,s1625,BEST,AVG,BEST,POOR,POOR,BEST,BEST,AVG,student_1624,actor / actress
,Actor / Actress,S1626,15,14,18,5,6,17,17,13,s1626,BEST,AVG,BEST,POOR,POOR,BEST,BEST,AVG,student_1625,actor / actress
,Actor / Actress,S1627,20,13,20,6,7,18,17,11,s1627,BEST,AVG,BEST,POOR,POOR,BEST,BEST,AVG,student_1626,actor / actress
,Actor / Actress,S1628,19,12,19,7,7,18,17,14,s1628,BEST,AVG,BEST,POOR,POOR,BEST,BEST,AVG,student_1627,actor / actress
,Actor / Actress,S1629,18,11,17,8,8,19,17,12,s1629,BEST,AVG,BEST,POOR,POOR,BEST,BEST,AVG,student_1628,actor / actress
,Actor / Actress,S1630,17,14,18,9,5,19,17,13,s1630,BEST,AVG,BEST,POOR,POOR,BEST,BEST,AVG,student_1629,actor / actress
,Actor / Actress,S1631,20,13,18,5,5,20,17,11,s1631,BEST,AVG,BEST,POOR,POOR,BEST,BEST,AVG,student_1630,actor / actress
,Actor / Actress,S1632,19,12,16,6,6,20,17,14,s1632,BEST,AVG,BEST,POOR,POOR,BEST,BEST,AVG,student_1631,actor / actress
,Actor / Actress,S1633,18,11,17,7,6,16,17,12,s1633,BEST,AVG,BEST,POOR,POOR,BEST,BEST,AVG,student_1632,actor / actress
,Actor / Actress,S1634,17,14,15,8,7,15,19,13,s1634,BEST,AVG,BEST,POOR,POOR,BEST,BEST,AVG,student_1633,actor / actress
,Actor / Actress,S1635,16,13,18,9,7,16,19,11,s1635,BEST,AVG,BEST,POOR,POOR,BEST,BEST,AVG,student_1634,actor / actress
,Actor / Actress,S1636,15,12,20,5,8,17,19,14,s1636,BEST,AVG,BEST,POOR,POOR,BEST,BEST,AVG,student_1635,actor / actress
,Actor / Actress,S1637,20,11,19,6,5,17,19,12,s1637,BEST,AVG,BEST,POOR,POOR,BEST,BEST,AVG,student_1636,actor / actress
,Actor / Actress,S1638,19,14,17,7,5,17,19,13,s1638,BEST,AVG,BEST,POOR,POOR,BEST,BEST,AVG,student_1637,actor / actress
,Actor / Actress,S1639,18,13,16,8,6,18,19,11,s1639,BEST,AVG,BEST,POOR,POOR,BEST,BEST,AVG,student_1638,actor / actress
,Actor / Actress,S1640,17,12,17,9,6,18,19,14,s1640,BEST,AVG,BEST,POOR,POOR,BEST,BEST,AVG,student_1639,actor / actress
,Actor / Actress,S1641,20,11,15,5,7,19,19,12,s1641,BEST,AVG,BEST,POOR,POOR,BEST,BEST,AVG,student_1640,actor / actress
,Actor / Actress,S1642,19,14,18,6,7,19,19,13,s1642,BEST,AVG,BEST,POOR,POOR,BEST,BEST,AVG,student_1641,actor / actress
,Actor / Actress,S1643,18,13,20,7,8,20,19,11,s1643,BEST,AVG,BEST,POOR,POOR,BEST,BEST,AVG,student_1642,actor / actress
,Actor / Actress,S1644,17,12,19,8,5,20,19,14,s1644,BEST,AVG,BEST,POOR,POOR,BEST,BEST,AVG,student_1643,actor / actress
,Actor / Actress,S1645,16,11,17,9,5,16,19,12,s1645,BEST,AVG,BEST,POOR,POOR,BEST,BEST,AVG,student_1644,actor / actress
,Actor / Actress,S1646,15,14,16,5,6,15,20,13,s1646,BEST,AVG,BEST,POOR,POOR,BEST,BEST,AVG,student_1645,actor / actress
,Actor / Actress,S1647,20,13,17,6,6,16,20,11,s1647,BEST,AVG,BEST,POOR,POOR,BEST,BEST,AVG,student_1646,actor / actress
,Actor / Actress,S1648,19,12,15,7,7,17,20,14,s1648,BEST,AVG,BEST,POOR,POOR,BEST,BEST,AVG,student_1647,actor / actress
,Actor / Actress,S1649,18,11,18,8,7,15,20,12,s1649,BEST,AVG,BEST,POOR,POOR,BEST,BEST,AVG,student_1648,actor / actress
,Actor / Actress,S1650,19,12,20,6,5,17,20,11,s1650,BEST,AVG,BEST,POOR,POOR,BEST,BEST,AVG,student_1649,actor / actress
,Physical Therapist,S1651,5,6,18,12,6,8,13,19,s1651,POOR,POOR,BEST,AVG,POOR,POOR,AVG,BEST,student_1650,physical therapist
,Physical Therapist,S1652,6,7,17,13,5,8,12,18,s1652,POOR,POOR,BEST,AVG,POOR,POOR,AVG,BEST,student_1651,physical therapist
,Physical Therapist,S1653,7,8,16,11,6,8,12,19,s1653,POOR,POOR,BEST,AVG,POOR,POOR,AVG,BEST,student_1652,physical therapist
,Physical Therapist,S1654,5,9,15,14,5,8,12,18,s1654,POOR,POOR,BEST,AVG,POOR,POOR,AVG,BEST,student_1653,physical therapist
,Physical Therapist,S1655,6,6,20,12,6,8,12,18,s1655,POOR,POOR,BEST,AVG,POOR,POOR,AVG,BEST,student_1654,physical therapist
,Physical Therapist,S1656,7,7,17,13,5,8,12,19,s1656,POOR,POOR,BEST,AVG,POOR,POOR,AVG,BEST,student_1655,physical therapist
,Physical Therapist,S1657,5,8,18,11,6,8,12,18,s1657,POOR,POOR,BEST,AVG,POOR,POOR,AVG,BEST,student_1656,physical therapist
,Physical Therapist,S1658,6,9,19,14,5,8,12,19,s1658,POOR,POOR,BEST,AVG,POOR,POOR,AVG,BEST,student_1657,physical therapist
,Physical Therapist,S1659,7,6,17,12,7,8,12,18,s1659,POOR,POOR,BEST,AVG,POOR,POOR,AVG,BEST,student_1658,physical therapist
,Physical Therapist,S1660,8,7,18,13,6,8,12,18,s1660,POOR,POOR,BEST,AVG,POOR,POOR,AVG,BEST,student_1659,physical therapist
,Physical Therapist,S1661,9,8,17,11,7,8,12,19,s1661,POOR,POOR,BEST,AVG,POOR,POOR,AVG,BEST,student_1660,physical therapist
,Physical Therapist,S1662,10,9,16,14,6,8,12,18,s1662,POOR,POOR,BEST,AVG,POOR,POOR,AVG,BEST,student_1661,physical therapist
,Physical Therapist,S1663,8,6,15,12,6,8,12,19,s1663,POOR,POOR,BEST,AVG,POOR,POOR,AVG,BEST,student_1662,physical therapist
,Physical Therapist,S1664,9,7,20,13,7,7,12,18,s1664,POOR,POOR,BEST,AVG,POOR,POOR,AVG,BEST,student_1663,physical therapist
,Physical Therapist,S1665,10,8,17,11,6,7,12,18,s1665,POOR,POOR,BEST,AVG,POOR,POOR,AVG,BEST,student_1664,physical therapist
,Physical Therapist,S1666,8,9,18,14,7,7,13,19,s1666,POOR,POOR,BEST,AVG,POOR,POOR,AVG,BEST,student_1665,physical therapist
,Physical Therapist,S1667,9,6,19,12,6,7,13,18,s1667,POOR,POOR,BEST,AVG,POOR,POOR,AVG,BEST,student_1666,physical therapist
,Physical Therapist,S1668,10,7,17,13,5,7,13,19,s1668,POOR,POOR,BEST,AVG,POOR,POOR,AVG,BEST,student_1667,physical therapist
,Physical Therapist,S1669,8,8,18,11,7,7,13,18,s1669,POOR,POOR,BEST,AVG,POOR,POOR,AVG,BEST,student_1668,physical therapist
,Physical Therapist,S1670,9,9,17,14,6,7,13,18,s1670,POOR,POOR,BEST,AVG,POOR,POOR,AVG,BEST,student_1669,physical therapist
,Physical Therapist,S1671,10,6,16,12,7,7,13,19,s1671,POOR,POOR,BEST,AVG,POOR,POOR,AVG,BEST,student_1670,physical therapist
,Physical Therapist,S1672,6,7,15,13,6,7,13,18,s1672,POOR,POOR,BEST,AVG,POOR,POOR,AVG,BEST,student_1671,physical therapist
,Physical Therapist,S1673,6,8,20,11,5,7,13,19,s1673,POOR,POOR,BEST,AVG,POOR,POOR,AVG,BEST,student_1672,physical therapist
,Physical Therapist,S1674,6,9,17,14,7,7,13,18,s1674,POOR,POOR,BEST,AVG,POOR,POOR,AVG,BEST,student_1673,physical therapist
,Physical Therapist,S1675,6,6,18,12,6,9,13,18,s1675,POOR,POOR,BEST,AVG,POOR,POOR,AVG,BEST,student_1674,physical therapist
,Physical Therapist,S1676,6,7,19,13,7,9,13,19,s1676,POOR,POOR,BEST,AVG,POOR,POOR,AVG,BEST,student_1675,physical therapist
,Physical Therapist,S1677,6,8,17,11,6,9,13,18,s1677,POOR,POOR,BEST,AVG,POOR,POOR,AVG,BEST,student_1676,physical therapist
,Physical Therapist,S1678,6,9,16,14,7,9,13,19,s1678,POOR,POOR,BEST,AVG,POOR,POOR,AVG,BEST,student_1677,physical therapist
,Physical Therapist,S1679,6,6,18,12,7,9,13,18,s1679,POOR,POOR,BEST,AVG,POOR,POOR,AVG,BEST,student_1678,physical therapist
,Physical Therapist,S1680,7,7,17,13,6,9,14,18,s1680,POOR,POOR,BEST,AVG,POOR,POOR,AVG,BEST,student_1679,physical therapist
,Physical Therapist,S1681,7,8,16,11,7,9,14,19,s1681,POOR,POOR,BEST,AVG,POOR,POOR,AVG,BEST,student_1680,physical therapist
,Physical Therapist,S1682,7,9,15,14,6,9,14,18,s1682,POOR,POOR,BEST,AVG,POOR,POOR,AVG,BEST,student_1681,physical therapist
,Physical Therapist,S1683,7,6,20,12,7,9,14,19,s1683,POOR,POOR,BEST,AVG,POOR,POOR,AVG,BEST,student_1682,physical therapist
,Physical Therapist,S1684,7,7,17,13,7,6,14,18,s1684,POOR,POOR,BEST,AVG,POOR,POOR,AVG,BEST,student_1683,physical therapist
,Physical Therapist,S1685,7,8,18,11,6,6,14,18,s1685,POOR,POOR,BEST,AVG,POOR,POOR,AVG,BEST,student_1684,physical therapist
,Physical Therapist,S1686,8,9,19,14,7,6,14,19,s1686,POOR,POOR,BEST,AVG,POOR,POOR,AVG,BEST,student_1685,physical therapist
,Physical Therapist,S1687,8,6,17,12,6,6,14,18,s1687,POOR,POOR,BEST,AVG,POOR,POOR,AVG,BEST,student_1686,physical therapist
,Physical Therapist,S1688,8,7,16,13,8,6,14,19,s1688,POOR,POOR,BEST,AVG,POOR,POOR,AVG,BEST,student_1687,physical therapist
,Physical Therapist,S1689,8,8,18,11,7,6,14,18,s1689,POOR,POOR,BEST,AVG,POOR,POOR,AVG,BEST,student_1688,physical therapist
,Physical Therapist,S1690,8,9,17,14,6,6,14,18,s1690,POOR,POOR,BEST,AVG,POOR,POOR,AVG,BEST,student_1689,physical therapist
,Physical Therapist,S1691,8,6,16,12,7,6,14,19,s1691,POOR,POOR,BEST,AVG,POOR,POOR,AVG,BEST,student_1690,physical therapist
,Physical Therapist,S1692,8,7,15,13,6,6,12,18,s1692,POOR,POOR,BEST,AVG,POOR,POOR,AVG,BEST,student_1691,physical therapist
,Physical Therapist,S1693,8,8,20,11,9,6,12,19,s1693,POOR,POOR,BEST,AVG,POOR,POOR,AVG,BEST,student_1692,physical therapist
,Physical Therapist,S1694,9,9,17,14,7,10,12,18,s1694,POOR,POOR,BEST,AVG,POOR,POOR,AVG,BEST,student_1693,physical therapist
,Physical Therapist,S1695,9,6,18,12,6,10,12,18,s1695,POOR,POOR,BEST,AVG,POOR,POOR,AVG,BEST,student_1694,physical therapist
,Physical Therapist,S1696,9,7,19,13,7,10,12,19,s1696,POOR,POOR,BEST,AVG,POOR,POOR,AVG,BEST,student_1695,physical therapist
,Physical Therapist,S1697,9,8,17,11,6,10,12,18,s1697,POOR,POOR,BEST,AVG,POOR,POOR,AVG,BEST,student_1696,physical therapist
,Physical Therapist,S1698,9,9,15,14,9,10,12,19,s1698,POOR,POOR,BEST,AVG,POOR,POOR,AVG,BEST,student_1697,physical therapist
,Physical Therapist,S1699,9,10,18,12,10,10,12,18,s1699,POOR,POOR,BEST,AVG,POOR,POOR,AVG,BEST,student_1698,physical therapist
,Physical Therapist,S1700,9,6,15,11,7,10,12,18,s1700,POOR,POOR,BEST,AVG,POOR,POOR,AVG,BEST,student_1699,physical therapist
,Editor,S1701,5,19,5,18,10,12,19,11,s1701,POOR,BEST,POOR,BEST,POOR,AVG,BEST,AVG,student_1700,editor
,Editor,S1702,8,18,7,18,10,13,18,11,s1702,POOR,BEST,POOR,BEST,POOR,AVG,BEST,AVG,student_1701,editor
,Editor,S1703,9,16,9,18,10,11,17,11,s1703,POOR,BEST,POOR,BEST,POOR,AVG,BEST,AVG,student_1702,editor
,Editor,S1704,6,15,6,18,10,14,15,11,s1704,POOR,BEST,POOR,BEST,POOR,AVG,BEST,AVG,student_1703,editor
,Editor,S1705,7,19,10,18,10,12,16,11,s1705,POOR,BEST,POOR,BEST,POOR,AVG,BEST,AVG,student_1704,editor
,Editor,S1706,8,20,7,18,10,13,20,11,s1706,POOR,BEST,POOR,BEST,POOR,AVG,BEST,AVG,student_1705,editor
,Editor,S1707,9,19,5,17,10,11,19,11,s1707,POOR,BEST,POOR,BEST,POOR,AVG,BEST,AVG,student_1706,editor
,Editor,S1708,6,19,5,17,10,14,18,11,s1708,POOR,BEST,POOR,BEST,POOR,AVG,BEST,AVG,student_1707,editor
,Editor,S1709,7,18,7,18,10,12,17,11,s1709,POOR,BEST,POOR,BEST,POOR,AVG,BEST,AVG,student_1708,editor
,Editor,S1710,8,16,9,18,9,13,16,11,s1710,POOR,BEST,POOR,BEST,POOR,AVG,BEST,AVG,student_1709,editor
,Editor,S1711,9,15,6,19,9,11,19,11,s1711,POOR,BEST,POOR,BEST,POOR,AVG,BEST,AVG,student_1710,editor
,Editor,S1712,10,19,10,19,9,14,18,11,s1712,POOR,BEST,POOR,BEST,POOR,AVG,BEST,AVG,student_1711,editor
,Editor,S1713,6,20,7,18,9,12,17,11,s1713,POOR,BEST,POOR,BEST,POOR,AVG,BEST,AVG,student_1712,editor
,Editor,S1714,9,19,9,18,9,13,15,11,s1714,POOR,BEST,POOR,BEST,POOR,AVG,BEST,AVG,student_1713,editor
,Editor,S1715,9,19,9,17,9,11,16,11,s1715,POOR,BEST,POOR,BEST,POOR,AVG,BEST,AVG,student_1714,editor
,Editor,S1716,9,18,9,17,9,14,20,12,s1716,POOR,BEST,POOR,BEST,POOR,AVG,BEST,AVG,student_1715,editor
,Editor,S1717,9,16,9,18,9,12,19,12,s1717,POOR,BEST,POOR,BEST,POOR,AVG,BEST,AVG,student_1716,editor
,Editor,S1718,8,15,9,18,9,13,18,12,s1718,POOR,BEST,POOR,BEST,POOR,AVG,BEST,AVG,student_1717,editor
,Editor,S1719,9,19,5,19,9,11,17,12,s1719,POOR,BEST,POOR,BEST,POOR,AVG,BEST,AVG,student_1718,editor
,Editor,S1720,6,20,7,19,8,14,16,12,s1720,POOR,BEST,POOR,BEST,POOR,AVG,BEST,AVG,student_1719,editor
,Editor,S1721,7,19,9,17,8,12,19,12,s1721,POOR,BEST,POOR,BEST,POOR,AVG,BEST,AVG,student_1720,editor
,Editor,S1722,8,18,6,18,8,13,18,12,s1722,POOR,BEST,POOR,BEST,POOR,AVG,BEST,AVG,student_1721,editor
,Editor,S1723,9,16,10,18,8,11,17,12,s1723,POOR,BEST,POOR,BEST,POOR,AVG,BEST,AVG,student_1722,editor
,Editor,S1724,6,15,7,17,8,14,15,12,s1724,POOR,BEST,POOR,BEST,POOR,AVG,BEST,AVG,student_1723,editor
,Editor,S1725,7,19,10,17,8,12,16,12,s1725,POOR,BEST,POOR,BEST,POOR,AVG,BEST,AVG,student_1724,editor
,Editor,S1726,8,20,7,18,8,13,20,12,s1726,POOR,BEST,POOR,BEST,POOR,AVG,BEST,AVG,student_1725,editor
,Editor,S1727,9,19,7,18,8,11,19,12,s1727,POOR,BEST,POOR,BEST,POOR,AVG,BEST,AVG,student_1726,editor
,Editor,S1728,10,18,7,19,8,14,18,12,s1728,POOR,BEST,POOR,BEST,POOR,AVG,BEST,AVG,student_1727,editor
,Editor,S1729,6,16,5,19,8,12,17,14,s1729,POOR,BEST,POOR,BEST,POOR,AVG,BEST,AVG,student_1728,editor
,Editor,S1730,7,15,7,17,8,13,16,14,s1730,POOR,BEST,POOR,BEST,POOR,AVG,BEST,AVG,student_1729,editor
,Editor,S1731,8,19,9,18,7,11,19,14,s1731,POOR,BEST,POOR,BEST,POOR,AVG,BEST,AVG,student_1730,editor
,Editor,S1732,9,20,6,18,7,14,18,14,s1732,POOR,BEST,POOR,BEST,POOR,AVG,BEST,AVG,student_1731,editor
,Editor,S1733,6,19,10,17,7,12,17,14,s1733,POOR,BEST,POOR,BEST,POOR,AVG,BEST,AVG,student_1732,editor
,Editor,S1734,7,18,7,20,7,13,15,14,s1734,POOR,BEST,POOR,BEST,POOR,AVG,BEST,AVG,student_1733,editor
,Editor,S1735,8,16,9,18,7,11,16,14,s1735,POOR,BEST,POOR,BEST,POOR,AVG,BEST,AVG,student_1734,editor
,Editor,S1736,9,15,5,18,7,14,20,14,s1736,POOR,BEST,POOR,BEST,POOR,AVG,BEST,AVG,student_1735,editor
,Editor,S1737,6,19,7,19,7,12,19,14,s1737,POOR,BEST,POOR,BEST,POOR,AVG,BEST,AVG,student_1736,editor
,Editor,S1738,7,20,9,19,7,13,18,14,s1738,POOR,BEST,POOR,BEST,POOR,AVG,BEST,AVG,student_1737,editor
,Editor,S1739,8,19,6,15,7,11,17,14,s1739,POOR,BEST,POOR,BEST,POOR,AVG,BEST,AVG,student_1738,editor
,Editor,S1740,9,18,10,15,6,14,16,14,s1740,POOR,BEST,POOR,BEST,POOR,AVG,BEST,AVG,student_1739,editor
,Editor,S1741,10,16,7,18,6,12,19,14,s1741,POOR,BEST,POOR,BEST,POOR,AVG,BEST,AVG,student_1740,editor
,Editor,S1742,6,15,6,18,6,13,18,13,s1742,POOR,BEST,POOR,BEST,POOR,AVG,BEST,AVG,student_1741,editor
,Editor,S1743,9,19,5,17,6,11,17,13,s1743,POOR,BEST,POOR,BEST,POOR,AVG,BEST,AVG,student_1742,editor
,Editor,S1744,6,20,7,17,6,14,15,13,s1744,POOR,BEST,POOR,BEST,POOR,AVG,BEST,AVG,student_1743,editor
,Editor,S1745,7,19,9,18,6,12,16,13,s1745,POOR,BEST,POOR,BEST,POOR,AVG,BEST,AVG,student_1744,editor
,Editor,S1746,8,18,6,18,6,13,20,13,s1746,POOR,BEST,POOR,BEST,POOR,AVG,BEST,AVG,student_1745,editor
,Editor,S1747,9,16,10,20,6,11,19,13,s1747,POOR,BEST,POOR,BEST,POOR,AVG,BEST,AVG,student_1746,editor
,Editor,S1748,10,15,7,19,6,14,18,13,s1748,POOR,BEST,POOR,BEST,POOR,AVG,BEST,AVG,student_1747,editor
,Editor,S1749,6,19,5,20,6,12,17,13,s1749,POOR,BEST,POOR,BEST,POOR,AVG,BEST,AVG,student_1748,editor
,Editor,S1750,5,20,8,19,6,11,16,13,s1750,POOR,BEST,POOR,BEST,POOR,AVG,BEST,AVG,student_1749,editor
,Historian,S1751,12,5,6,17,14,14,18,17,s1751,AVG,POOR,POOR,BEST,AVG,AVG,BEST,BEST,student_1750,historian
,Historian,S1752,13,5,6,17,12,12,18,17,s1752,AVG,POOR,POOR,BEST,AVG,AVG,BEST,BEST,student_1751,historian
,Historian,S1753,11,10,6,18,13,13,18,17,s1753,AVG,POOR,POOR,BEST,AVG,AVG,BEST,BEST,student_1752,historian
,Historian,S1754,14,7,6,18,11,11,18,17,s1754,AVG,POOR,POOR,BEST,AVG,AVG,BEST,BEST,student_1753,historian
,Historian,S1755,12,6,6,19,14,14,19,17,s1755,AVG,POOR,POOR,BEST,AVG,AVG,BEST,BEST,student_1754,historian
,Historian,S1756,13,5,6,19,14,11,18,17,s1756,AVG,POOR,POOR,BEST,AVG,AVG,BEST,BEST,student_1755,historian
,Historian,S1757,11,7,6,20,12,11,16,17,s1757,AVG,POOR,POOR,BEST,AVG,AVG,BEST,BEST,student_1756,historian
,Historian,S1758,14,9,6,20,13,11,15,17,s1758,AVG,POOR,POOR,BEST,AVG,AVG,BEST,BEST,student_1757,historian
,Historian,S1759,12,6,6,16,11,11,19,17,s1759,AVG,POOR,POOR,BEST,AVG,AVG,BEST,BEST,student_1758,historian
,Historian,S1760,13,10,6,15,14,11,20,17,s1760,AVG,POOR,POOR,BEST,AVG,AVG,BEST,BEST,student_1759,historian
,Historian,S1761,11,5,6,16,14,11,19,17,s1761,AVG,POOR,POOR,BEST,AVG,AVG,BEST,BEST,student_1760,historian
,Historian,S1762,14,7,6,17,14,11,19,17,s1762,AVG,POOR,POOR,BEST,AVG,AVG,BEST,BEST,student_1761,historian
,Historian,S1763,12,7,6,17,14,11,18,17,s1763,AVG,POOR,POOR,BEST,AVG,AVG,BEST,BEST,student_1762,historian
,Historian,S1764,13,10,10,17,12,11,16,17,s1764,AVG,POOR,POOR,BEST,AVG,AVG,BEST,BEST,student_1763,historian
,Historian,S1765,11,7,7,18,13,11,15,17,s1765,AVG,POOR,POOR,BEST,AVG,AVG,BEST,BEST,student_1764,historian
,Historian,S1766,14,6,6,18,11,11,19,17,s1766,AVG,POOR,POOR,BEST,AVG,AVG,BEST,BEST,student_1765,historian
,Historian,S1767,12,5,5,19,14,11,20,17,s1767,AVG,POOR,POOR,BEST,AVG,AVG,BEST,BEST,student_1766,historian
,Historian,S1768,13,7,7,19,14,11,19,17,s1768,AVG,POOR,POOR,BEST,AVG,AVG,BEST,BEST,student_1767,historian
,Historian,S1769,11,9,9,20,12,11,19,17,s1769,AVG,POOR,POOR,BEST,AVG,AVG,BEST,BEST,student_1768,historian
,Historian,S1770,14,6,6,20,13,11,18,17,s1770,AVG,POOR,POOR,BEST,AVG,AVG,BEST,BEST,student_1769,historian
,Historian,S1771,12,10,10,16,11,11,16,17,s1771,AVG,POOR,POOR,BEST,AVG,AVG,BEST,BEST,student_1770,historian
,Historian,S1772,13,7,8,15,14,11,15,17,s1772,AVG,POOR,POOR,BEST,AVG,AVG,BEST,BEST,student_1771,historian
,Historian,S1773,11,6,8,16,14,11,19,17,s1773,AVG,POOR,POOR,BEST,AVG,AVG,BEST,BEST,student_1772,historian
,Historian,S1774,14,5,10,17,14,11,20,17,s1774,AVG,POOR,POOR,BEST,AVG,AVG,BEST,BEST,student_1773,historian
,Historian,S1775,12,7,7,17,12,11,19,17,s1775,AVG,POOR,POOR,BEST,AVG,AVG,BEST,BEST,student_1774,historian
,Historian,S1776,13,9,6,17,13,11,18,17,s1776,AVG,POOR,POOR,BEST,AVG,AVG,BEST,BEST,student_1775,historian
,Historian,S1777,11,6,5,18,11,11,16,17,s1777,AVG,POOR,POOR,BEST,AVG,AVG,BEST,BEST,student_1776,historian
,Historian,S1778,14,10,7,18,14,11,15,17,s1778,AVG,POOR,POOR,BEST,AVG,AVG,BEST,BEST,student_1777,historian
,Historian,S1779,12,9,9,19,14,11,19,17,s1779,AVG,POOR,POOR,BEST,AVG,AVG,BEST,BEST,student_1778,historian
,Historian,S1780,13,9,6,19,14,11,20,17,s1780,AVG,POOR,POOR,BEST,AVG,AVG,BEST,BEST,student_1779,historian
,Historian,S1781,11,10,10,20,14,11,19,17,s1781,AVG,POOR,POOR,BEST,AVG,AVG,BEST,BEST,student_1780,historian
,Historian,S1782,14,7,8,20,14,11,18,17,s1782,AVG,POOR,POOR,BEST,AVG,AVG,BEST,BEST,student_1781,historian
,Historian,S1783,12,6,5,16,12,11,16,17,s1783,AVG,POOR,POOR,BEST,AVG,AVG,BEST,BEST,student_1782,historian
,Historian,S1784,13,5,10,15,13,11,15,17,s1784,AVG,POOR,POOR,BEST,AVG,AVG,BEST,BEST,student_1783,historian
,Historian,S1785,11,7,7,16,11,11,19,17,s1785,AVG,POOR,POOR,BEST,AVG,AVG,BEST,BEST,student_1784,historian
,Historian,S1786,14,9,6,17,14,11,20,16,s1786,AVG,POOR,POOR,BEST,AVG,AVG,BEST,BEST,student_1785,historian
,Historian,S1787,12,6,5,17,13,11,19,16,s1787,AVG,POOR,POOR,BEST,AVG,AVG,BEST,BEST,student_1786,historian
,Historian,S1788,13,10,7,17,14,11,18,16,s1788,AVG,POOR,POOR,BEST,AVG,AVG,BEST,BEST,student_1787,historian
,Historian,S1789,11,9,9,18,12,11,16,16,s1789,AVG,POOR,POOR,BEST,AVG,AVG,BEST,BEST,student_1788,historian
,Historian,S1790,14,9,6,18,13,11,15,16,s1790,AVG,POOR,POOR,BEST,AVG,AVG,BEST,BEST,student_1789,historian
,Historian,S1791,12,10,10,19,11,13,19,16,s1791,AVG,POOR,POOR,BEST,AVG,AVG,BEST,BEST,student_1790,historian
,Historian,S1792,13,7,10,19,14,13,20,16,s1792,AVG,POOR,POOR,BEST,AVG,AVG,BEST,BEST,student_1791,historian
,Historian,S1793,11,6,7,20,13,13,19,16,s1793,AVG,POOR,POOR,BEST,AVG,AVG,BEST,BEST,student_1792,historian
,Historian,S1794,14,5,6,20,14,13,18,16,s1794,AVG,POOR,POOR,BEST,AVG,AVG,BEST,BEST,student_1793,historian
,Historian,S1795,12,7,5,16,12,13,16,16,s1795,AVG,POOR,POOR,BEST,AVG,AVG,BEST,BEST,student_1794,historian
,Historian,S1796,13,9,7,15,13,13,15,16,s1796,AVG,POOR,POOR,BEST,AVG,AVG,BEST,BEST,student_1795,historian
,Historian,S1797,11,6,9,16,11,13,19,16,s1797,AVG,POOR,POOR,BEST,AVG,AVG,BEST,BEST,student_1796,historian
,Historian,S1798,14,10,6,17,14,13,20,16,s1798,AVG,POOR,POOR,BEST,AVG,AVG,BEST,BEST,student_1797,historian
,Historian,S1799,12,6,10,15,11,13,19,16,s1799,AVG,POOR,POOR,BEST,AVG,AVG,BEST,BEST,student_1798,historian
,Historian,S1800,11,6,5,17,13,13,18,16,s1800,AVG,POOR,POOR,BEST,AVG,AVG,BEST,BEST,student_1799,historian
,Journalist,S1801,19,11,6,18,7,16,11,11,s1801,BEST,AVG,POOR,BEST,POOR,BEST,AVG,AVG,student_1800,journalist
,Journalist,S1802,18,12,10,18,7,16,13,11,s1802,BEST,AVG,POOR,BEST,POOR,BEST,AVG,AVG,student_1801,journalist
,Journalist,S1803,16,13,8,18,7,16,14,11,s1803,BEST,AVG,POOR,BEST,POOR,BEST,AVG,AVG,student_1802,journalist
,Journalist,S1804,15,14,5,18,7,16,12,11,s1804,BEST,AVG,POOR,BEST,POOR,BEST,AVG,AVG,student_1803,journalist
,Journalist,S1805,19,13,10,18,7,16,12,11,s1805,BEST,AVG,POOR,BEST,POOR,BEST,AVG,AVG,student_1804,journalist
,Journalist,S1806,20,12,7,18,7,16,12,11,s1806,BEST,AVG,POOR,BEST,POOR,BEST,AVG,AVG,student_1805,journalist
,Journalist,S1807,19,11,6,18,7,16,11,11,s1807,BEST,AVG,POOR,BEST,POOR,BEST,AVG,AVG,student_1806,journalist
,Journalist,S1808,19,11,5,18,7,16,13,11,s1808,BEST,AVG,POOR,BEST,POOR,BEST,AVG,AVG,student_1807,journalist
,Journalist,S1809,18,11,7,18,7,16,14,11,s1809,BEST,AVG,POOR,BEST,POOR,BEST,AVG,AVG,student_1808,journalist
,Journalist,S1810,16,11,9,18,7,16,12,11,s1810,BEST,AVG,POOR,BEST,POOR,BEST,AVG,AVG,student_1809,journalist
,Journalist,S1811,15,12,6,18,7,16,12,11,s1811,BEST,AVG,POOR,BEST,POOR,BEST,AVG,AVG,student_1810,journalist
,Journalist,S1812,19,13,10,18,7,16,12,11,s1812,BEST,AVG,POOR,BEST,POOR,BEST,AVG,AVG,student_1811,journalist
,Journalist,S1813,20,14,10,18,7,16,12,11,s1813,BEST,AVG,POOR,BEST,POOR,BEST,AVG,AVG,student_1812,journalist
,Journalist,S1814,19,13,7,18,7,16,11,11,s1814,BEST,AVG,POOR,BEST,POOR,BEST,AVG,AVG,student_1813,journalist
,Journalist,S1815,19,12,6,18,7,16,13,11,s1815,BEST,AVG,POOR,BEST,POOR,BEST,AVG,AVG,student_1814,journalist
,Journalist,S1816,18,13,5,18,7,16,14,11,s1816,BEST,AVG,POOR,BEST,POOR,BEST,AVG,AVG,student_1815,journalist
,Journalist,S1817,16,13,7,18,7,16,12,11,s1817,BEST,AVG,POOR,BEST,POOR,BEST,AVG,AVG,student_1816,journalist
,Journalist,S1818,15,13,9,18,7,17,11,11,s1818,BEST,AVG,POOR,BEST,POOR,BEST,AVG,AVG,student_1817,journalist
,Journalist,S1819,19,11,6,18,7,17,11,11,s1819,BEST,AVG,POOR,BEST,POOR,BEST,AVG,AVG,student_1818,journalist
,Journalist,S1820,20,12,10,18,7,17,11,11,s1820,BEST,AVG,POOR,BEST,POOR,BEST,AVG,AVG,student_1819,journalist
,Journalist,S1821,19,13,5,18,7,17,11,11,s1821,BEST,AVG,POOR,BEST,POOR,BEST,AVG,AVG,student_1820,journalist
,Journalist,S1822,18,14,6,18,7,17,13,11,s1822,BEST,AVG,POOR,BEST,POOR,BEST,AVG,AVG,student_1821,journalist
,Journalist,S1823,16,13,10,18,7,17,14,11,s1823,BEST,AVG,POOR,BEST,POOR,BEST,AVG,AVG,student_1822,journalist
,Journalist,S1824,15,12,8,19,7,17,12,11,s1824,BEST,AVG,POOR,BEST,POOR,BEST,AVG,AVG,student_1823,journalist
,Journalist,S1825,19,13,5,19,7,17,11,11,s1825,BEST,AVG,POOR,BEST,POOR,BEST,AVG,AVG,student_1824,journalist
,Journalist,S1826,20,13,10,19,7,17,13,11,s1826,BEST,AVG,POOR,BEST,POOR,BEST,AVG,AVG,student_1825,journalist
,Journalist,S1827,19,11,7,19,7,17,11,11,s1827,BEST,AVG,POOR,BEST,POOR,BEST,AVG,AVG,student_1826,journalist
,Journalist,S1828,18,12,6,19,7,17,13,11,s1828,BEST,AVG,POOR,BEST,POOR,BEST,AVG,AVG,student_1827,journalist
,Journalist,S1829,16,13,5,19,7,17,14,11,s1829,BEST,AVG,POOR,BEST,POOR,BEST,AVG,AVG,student_1828,journalist
,Journalist,S1830,15,14,7,19,7,17,12,11,s1830,BEST,AVG,POOR,BEST,POOR,BEST,AVG,AVG,student_1829,journalist
,Journalist,S1831,19,13,9,19,7,17,13,11,s1831,BEST,AVG,POOR,BEST,POOR,BEST,AVG,AVG,student_1830,journalist
,Journalist,S1832,20,12,6,19,7,17,13,11,s1832,BEST,AVG,POOR,BEST,POOR,BEST,AVG,AVG,student_1831,journalist
,Journalist,S1833,19,13,10,19,7,17,11,11,s1833,BEST,AVG,POOR,BEST,POOR,BEST,AVG,AVG,student_1832,journalist
,Journalist,S1834,18,13,10,19,7,18,13,14,s1834,BEST,AVG,POOR,BEST,POOR,BEST,AVG,AVG,student_1833,journalist
,Journalist,S1835,16,12,7,19,7,18,14,14,s1835,BEST,AVG,POOR,BEST,POOR,BEST,AVG,AVG,student_1834,journalist
,Journalist,S1836,15,11,6,19,7,18,12,14,s1836,BEST,AVG,POOR,BEST,POOR,BEST,AVG,AVG,student_1835,journalist
,Journalist,S1837,19,12,5,19,7,18,14,14,s1837,BEST,AVG,POOR,BEST,POOR,BEST,AVG,AVG,student_1836,journalist
,Journalist,S1838,20,13,7,19,9,18,14,14,s1838,BEST,AVG,POOR,BEST,POOR,BEST,AVG,AVG,student_1837,journalist
,Journalist,S1839,19,14,9,19,9,18,14,14,s1839,BEST,AVG,POOR,BEST,POOR,BEST,AVG,AVG,student_1838,journalist
,Journalist,S1840,18,13,6,15,9,18,14,14,s1840,BEST,AVG,POOR,BEST,POOR,BEST,AVG,AVG,student_1839,journalist
,Journalist,S1841,16,12,10,15,9,18,14,14,s1841,BEST,AVG,POOR,BEST,POOR,BEST,AVG,AVG,student_1840,journalist
,Journalist,S1842,15,12,10,15,9,18,11,14,s1842,BEST,AVG,POOR,BEST,POOR,BEST,AVG,AVG,student_1841,journalist
,Journalist,S1843,19,12,8,15,9,18,13,14,s1843,BEST,AVG,POOR,BEST,POOR,BEST,AVG,AVG,student_1842,journalist
,Journalist,S1844,20,12,5,15,9,18,14,13,s1844,BEST,AVG,POOR,BEST,POOR,BEST,AVG,AVG,student_1843,journalist
,Journalist,S1845,19,11,10,15,9,18,12,13,s1845,BEST,AVG,POOR,BEST,POOR,BEST,AVG,AVG,student_1844,journalist
,Journalist,S1846,18,12,7,15,9,18,14,13,s1846,BEST,AVG,POOR,BEST,POOR,BEST,AVG,AVG,student_1845,journalist
,Journalist,S1847,16,13,6,15,9,18,11,13,s1847,BEST,AVG,POOR,BEST,POOR,BEST,AVG,AVG,student_1846,journalist
,Journalist,S1848,15,14,5,15,9,18,13,13,s1848,BEST,AVG,POOR,BEST,POOR,BEST,AVG,AVG,student_1847,journalist
,Journalist,S1849,19,13,7,15,9,18,14,13,s1849,BEST,AVG,POOR,BEST,POOR,BEST,AVG,AVG,student_1848,journalist
,Journalist,S1850,20,12,9,15,9,18,12,13,s1850,BEST,AVG,POOR,BEST,POOR,BEST,AVG,AVG,student_1849,journalist
,Language Teacher,S1851,16,11,5,11,6,19,19,12,s1851,BEST,AVG,POOR,AVG,POOR,BEST,BEST,AVG,student_1850,language teacher
,Language Teacher,S1852,17,13,5,11,5,20,19,12,s1852,BEST,AVG,POOR,AVG,POOR,BEST,BEST,AVG,student_1851,language teacher
,Language Teacher,S1853,19,14,5,11,7,19,18,12,s1853,BEST,AVG,POOR,AVG,POOR,BEST,BEST,AVG,student_1852,language teacher
,Language Teacher,S1854,15,12,5,11,9,18,19,12,s1854,BEST,AVG,POOR,AVG,POOR,BEST,BEST,AVG,student_1853,language teacher
,Language Teacher,S1855,17,14,5,11,6,16,18,12,s1855,BEST,AVG,POOR,AVG,POOR,BEST,BEST,AVG,student_1854,language teacher
,Language Teacher,S1856,19,11,5,11,10,15,19,12,s1856,BEST,AVG,POOR,AVG,POOR,BEST,BEST,AVG,student_1855,language teacher
,Language Teacher,S1857,16,13,5,11,10,19,17,12,s1857,BEST,AVG,POOR,AVG,POOR,BEST,BEST,AVG,student_1856,language teacher
,Language Teacher,S1858,17,14,5,11,8,20,15,12,s1858,BEST,AVG,POOR,AVG,POOR,BEST,BEST,AVG,student_1857,language teacher
,Language Teacher,S1859,19,12,5,11,5,19,19,12,s1859,BEST,AVG,POOR,AVG,POOR,BEST,BEST,AVG,student_1858,language teacher
,Language Teacher,S1860,15,11,5,11,10,18,16,12,s1860,BEST,AVG,POOR,AVG,POOR,BEST,BEST,AVG,student_1859,language teacher
,Language Teacher,S1861,17,11,5,11,7,16,18,12,s1861,BEST,AVG,POOR,AVG,POOR,BEST,BEST,AVG,student_1860,language teacher
,Language Teacher,S1862,19,12,5,11,6,15,19,12,s1862,BEST,AVG,POOR,AVG,POOR,BEST,BEST,AVG,student_1861,language teacher
,Language Teacher,S1863,20,12,5,11,5,19,17,12,s1863,BEST,AVG,POOR,AVG,POOR,BEST,BEST,AVG,student_1862,language teacher
,Language Teacher,S1864,16,12,5,11,7,20,15,12,s1864,BEST,AVG,POOR,AVG,POOR,BEST,BEST,AVG,student_1863,language teacher
,Language Teacher,S1865,17,11,5,11,9,19,19,12,s1865,BEST,AVG,POOR,AVG,POOR,BEST,BEST,AVG,student_1864,language teacher
,Language Teacher,S1866,19,13,5,11,6,18,16,12,s1866,BEST,AVG,POOR,AVG,POOR,BEST,BEST,AVG,student_1865,language teacher
,Language Teacher,S1867,15,14,5,12,5,16,19,12,s1867,BEST,AVG,POOR,AVG,POOR,BEST,BEST,AVG,student_1866,language teacher
,Language Teacher,S1868,17,12,5,12,7,15,19,12,s1868,BEST,AVG,POOR,AVG,POOR,BEST,BEST,AVG,student_1867,language teacher
,Language Teacher,S1869,19,14,5,12,9,19,18,12,s1869,BEST,AVG,POOR,AVG,POOR,BEST,BEST,AVG,student_1868,language teacher
,Language Teacher,S1870,20,11,5,12,6,20,19,13,s1870,BEST,AVG,POOR,AVG,POOR,BEST,BEST,AVG,student_1869,language teacher
,Language Teacher,S1871,16,13,6,12,10,19,17,13,s1871,BEST,AVG,POOR,AVG,POOR,BEST,BEST,AVG,student_1870,language teacher
,Language Teacher,S1872,17,14,6,12,10,18,15,13,s1872,BEST,AVG,POOR,AVG,POOR,BEST,BEST,AVG,student_1871,language teacher
,Language Teacher,S1873,19,12,6,12,8,16,19,13,s1873,BEST,AVG,POOR,AVG,POOR,BEST,BEST,AVG,student_1872,language teacher
,Language Teacher,S1874,15,12,6,12,5,19,16,13,s1874,BEST,AVG,POOR,AVG,POOR,BEST,BEST,AVG,student_1873,language teacher
,Language Teacher,S1875,17,12,6,12,10,20,19,13,s1875,BEST,AVG,POOR,AVG,POOR,BEST,BEST,AVG,student_1874,language teacher
,Language Teacher,S1876,19,13,6,12,7,19,17,13,s1876,BEST,AVG,POOR,AVG,POOR,BEST,BEST,AVG,student_1875,language teacher
,Language Teacher,S1877,20,11,6,12,6,18,17,13,s1877,BEST,AVG,POOR,AVG,POOR,BEST,BEST,AVG,student_1876,language teacher
,Language Teacher,S1878,16,13,6,12,5,16,17,13,s1878,BEST,AVG,POOR,AVG,POOR,BEST,BEST,AVG,student_1877,language teacher
,Language Teacher,S1879,17,14,6,12,7,15,18,13,s1879,BEST,AVG,POOR,AVG,POOR,BEST,BEST,AVG,student_1878,language teacher
,Language Teacher,S1880,19,12,6,12,9,19,19,13,s1880,BEST,AVG,POOR,AVG,POOR,BEST,BEST,AVG,student_1879,language teacher
,Language Teacher,S1881,15,14,6,12,6,20,17,13,s1881,BEST,AVG,POOR,AVG,POOR,BEST,BEST,AVG,student_1880,language teacher
,Language Teacher,S1882,17,11,6,12,5,19,15,13,s1882,BEST,AVG,POOR,AVG,POOR,BEST,BEST,AVG,student_1881,language teacher
,Language Teacher,S1883,19,13,6,12,7,18,19,13,s1883,BEST,AVG,POOR,AVG,POOR,BEST,BEST,AVG,student_1882,language teacher
,Language Teacher,S1884,20,14,6,13,9,16,16,14,s1884,BEST,AVG,POOR,AVG,POOR,BEST,BEST,AVG,student_1883,language teacher
,Language Teacher,S1885,16,12,6,13,6,15,17,14,s1885,BEST,AVG,POOR,AVG,POOR,BEST,BEST,AVG,student_1884,language teacher
,Language Teacher,S1886,17,13,6,13,10,19,17,14,s1886,BEST,AVG,POOR,AVG,POOR,BEST,BEST,AVG,student_1885,language teacher
,Language Teacher,S1887,19,13,6,13,10,20,18,14,s1887,BEST,AVG,POOR,AVG,POOR,BEST,BEST,AVG,student_1886,language teacher
,Language Teacher,S1888,15,11,6,13,8,19,19,14,s1888,BEST,AVG,POOR,AVG,POOR,BEST,BEST,AVG,student_1887,language teacher
,Language Teacher,S1889,17,13,6,13,5,18,17,14,s1889,BEST,AVG,POOR,AVG,POOR,BEST,BEST,AVG,student_1888,language teacher
,Language Teacher,S1890,19,14,6,13,10,16,15,14,s1890,BEST,AVG,POOR,AVG,POOR,BEST,BEST,AVG,student_1889,language teacher
,Language Teacher,S1891,17,12,6,13,8,15,19,14,s1891,BEST,AVG,POOR,AVG,POOR,BEST,BEST,AVG,student_1890,language teacher
,Language Teacher,S1892,17,14,6,13,5,19,16,14,s1892,BEST,AVG,POOR,AVG,POOR,BEST,BEST,AVG,student_1891,language teacher
,Language Teacher,S1893,16,11,6,13,10,20,17,14,s1893,BEST,AVG,POOR,AVG,POOR,BEST,BEST,AVG,student_1892,language teacher
,Language Teacher,S1894,17,13,7,13,7,19,18,14,s1894,BEST,AVG,POOR,AVG,POOR,BEST,BEST,AVG,student_1893,language teacher
,Language Teacher,S1895,19,14,7,13,6,19,19,14,s1895,BEST,AVG,POOR,AVG,POOR,BEST,BEST,AVG,student_1894,language teacher
,Language Teacher,S1896,15,12,7,14,5,20,17,14,s1896,BEST,AVG,POOR,AVG,POOR,BEST,BEST,AVG,student_1895,language teacher
,Language Teacher,S1897,17,14,7,14,7,19,15,14,s1897,BEST,AVG,POOR,AVG,POOR,BEST,BEST,AVG,student_1896,language teacher
,Language Teacher,S1898,19,11,7,14,9,18,19,14,s1898,BEST,AVG,POOR,AVG,POOR,BEST,BEST,AVG,student_1897,language teacher
,Language Teacher,S1899,18,12,7,14,6,16,16,14,s1899,BEST,AVG,POOR,AVG,POOR,BEST,BEST,AVG,student_1898,language teacher
,Language Teacher,S1900,16,14,7,14,5,15,17,14,s1900,BEST,AVG,POOR,AVG,POOR,BEST,BEST,AVG,student_1899,language teacher
,Poet,S1901,19,20,11,5,9,12,17,12,s1901,BEST,BEST,AVG,POOR,POOR,AVG,BEST,AVG,student_1900,poet
,Poet,S1902,18,20,11,10,9,12,15,11,s1902,BEST,BEST,AVG,POOR,POOR,AVG,BEST,AVG,student_1901,poet
,Poet,S1903,17,20,13,8,9,12,16,13,s1903,BEST,BEST,AVG,POOR,POOR,AVG,BEST,AVG,student_1902,poet
,Poet,S1904,15,20,11,5,9,12,19,11,s1904,BEST,BEST,AVG,POOR,POOR,AVG,BEST,AVG,student_1903,poet
,Poet,S1905,16,20,14,10,9,12,17,14,s1905,BEST,BEST,AVG,POOR,POOR,AVG,BEST,AVG,student_1904,poet
,Poet,S1906,19,20,12,7,9,12,15,12,s1906,BEST,BEST,AVG,POOR,POOR,AVG,BEST,AVG,student_1905,poet
,Poet,S1907,18,20,11,6,9,12,17,11,s1907,BEST,BEST,AVG,POOR,POOR,AVG,BEST,AVG,student_1906,poet
,Poet,S1908,19,20,11,5,9,12,15,13,s1908,BEST,BEST,AVG,POOR,POOR,AVG,BEST,AVG,student_1907,poet
,Poet,S1909,19,20,11,7,9,12,16,11,s1909,BEST,BEST,AVG,POOR,POOR,AVG,BEST,AVG,student_1908,poet
,Poet,S1910,17,20,13,9,9,12,19,14,s1910,BEST,BEST,AVG,POOR,POOR,AVG,BEST,AVG,student_1909,poet
,Poet,S1911,15,20,11,6,9,12,17,12,s1911,BEST,BEST,AVG,POOR,POOR,AVG,BEST,AVG,student_1910,poet
,Poet,S1912,16,20,14,5,9,12,15,11,s1912,BEST,BEST,AVG,POOR,POOR,AVG,BEST,AVG,student_1911,poet
,Poet,S1913,19,20,12,10,9,12,17,13,s1913,BEST,BEST,AVG,POOR,POOR,AVG,BEST,AVG,student_1912,poet
,Poet,S1914,18,20,11,8,9,12,15,11,s1914,BEST,BEST,AVG,POOR,POOR,AVG,BEST,AVG,student_1913,poet
,Poet,S1915,19,20,11,5,9,12,16,14,s1915,BEST,BEST,AVG,POOR,POOR,AVG,BEST,AVG,student_1914,poet
,Poet,S1916,19,19,11,10,9,12,19,12,s1916,BEST,BEST,AVG,POOR,POOR,AVG,BEST,AVG,student_1915,poet
,Poet,S1917,19,19,13,7,9,12,17,11,s1917,BEST,BEST,AVG,POOR,POOR,AVG,BEST,AVG,student_1916,poet
,Poet,S1918,19,19,11,6,9,12,15,13,s1918,BEST,BEST,AVG,POOR,POOR,AVG,BEST,AVG,student_1917,poet
,Poet,S1919,19,19,14,5,9,13,17,11,s1919,BEST,BEST,AVG,POOR,POOR,AVG,BEST,AVG,student_1918,poet
,Poet,S1920,17,19,12,7,9,13,15,14,s1920,BEST,BEST,AVG,POOR,POOR,AVG,BEST,AVG,student_1919,poet
,Poet,S1921,15,19,11,9,9,13,16,12,s1921,BEST,BEST,AVG,POOR,POOR,AVG,BEST,AVG,student_1920,poet
,Poet,S1922,16,19,11,6,9,13,19,11,s1922,BEST,BEST,AVG,POOR,POOR,AVG,BEST,AVG,student_1921,poet
,Poet,S1923,19,19,13,5,9,13,17,13,s1923,BEST,BEST,AVG,POOR,POOR,AVG,BEST,AVG,student_1922,poet
,Poet,S1924,18,19,11,10,9,13,15,11,s1924,BEST,BEST,AVG,POOR,POOR,AVG,BEST,AVG,student_1923,poet
,Poet,S1925,19,19,14,8,8,13,17,14,s1925,BEST,BEST,AVG,POOR,POOR,AVG,BEST,AVG,student_1924,poet
,Poet,S1926,19,19,12,5,8,13,15,12,s1926,BEST,BEST,AVG,POOR,POOR,AVG,BEST,AVG,student_1925,poet
,Poet,S1927,19,19,11,10,8,13,16,11,s1927,BEST,BEST,AVG,POOR,POOR,AVG,BEST,AVG,student_1926,poet
,Poet,S1928,19,18,12,7,8,13,19,13,s1928,BEST,BEST,AVG,POOR,POOR,AVG,BEST,AVG,student_1927,poet
,Poet,S1929,18,18,11,6,8,13,17,11,s1929,BEST,BEST,AVG,POOR,POOR,AVG,BEST,AVG,student_1928,poet
,Poet,S1930,18,18,13,5,8,13,15,14,s1930,BEST,BEST,AVG,POOR,POOR,AVG,BEST,AVG,student_1929,poet
,Poet,S1931,17,18,11,7,8,14,17,12,s1931,BEST,BEST,AVG,POOR,POOR,AVG,BEST,AVG,student_1930,poet
,Poet,S1932,15,18,14,9,8,14,15,11,s1932,BEST,BEST,AVG,POOR,POOR,AVG,BEST,AVG,student_1931,poet
,Poet,S1933,16,18,12,6,8,14,16,13,s1933,BEST,BEST,AVG,POOR,POOR,AVG,BEST,AVG,student_1932,poet
,Poet,S1934,19,18,11,5,8,14,19,11,s1934,BEST,BEST,AVG,POOR,POOR,AVG,BEST,AVG,student_1933,poet
,Poet,S1935,17,18,12,10,8,14,17,14,s1935,BEST,BEST,AVG,POOR,POOR,AVG,BEST,AVG,student_1934,poet
,Poet,S1936,15,18,11,8,8,14,15,12,s1936,BEST,BEST,AVG,POOR,POOR,AVG,BEST,AVG,student_1935,poet
,Poet,S1937,16,18,13,5,8,14,17,11,s1937,BEST,BEST,AVG,POOR,POOR,AVG,BEST,AVG,student_1936,poet
,Poet,S1938,19,18,11,10,8,14,15,13,s1938,BEST,BEST,AVG,POOR,POOR,AVG,BEST,AVG,student_1937,poet
,Poet,S1939,18,18,14,7,8,14,16,11,s1939,BEST,BEST,AVG,POOR,POOR,AVG,BEST,AVG,student_1938,poet
,Poet,S1940,18,18,12,5,7,14,19,11,s1940,BEST,BEST,AVG,POOR,POOR,AVG,BEST,AVG,student_1939,poet
,Poet,S1941,18,18,11,10,7,14,17,13,s1941,BEST,BEST,AVG,POOR,POOR,AVG,BEST,AVG,student_1940,poet
,Poet,S1942,18,18,13,8,6,14,15,11,s1942,BEST,BEST,AVG,POOR,POOR,AVG,BEST,AVG,student_1941,poet
,Poet,S1943,17,18,11,5,6,14,17,14,s1943,BEST,BEST,AVG,POOR,POOR,AVG,BEST,AVG,student_1942,poet
,Poet,S1944,15,18,13,10,7,11,15,12,s1944,BEST,BEST,AVG,POOR,POOR,AVG,BEST,AVG,student_1943,poet
,Poet,S1945,16,18,11,7,5,11,17,11,s1945,BEST,BEST,AVG,POOR,POOR,AVG,BEST,AVG,student_1944,poet
,Poet,S1946,19,18,14,6,9,11,15,13,s1946,BEST,BEST,AVG,POOR,POOR,AVG,BEST,AVG,student_1945,poet
,Poet,S1947,18,18,12,5,8,11,16,11,s1947,BEST,BEST,AVG,POOR,POOR,AVG,BEST,AVG,student_1946,poet
,Poet,S1948,17,18,11,7,7,11,19,14,s1948,BEST,BEST,AVG,POOR,POOR,AVG,BEST,AVG,student_1947,poet
,Poet,S1949,17,18,13,9,7,11,17,12,s1949,BEST,BEST,AVG,POOR,POOR,AVG,BEST,AVG,student_1948,poet
,Poet,S1950,17,18,14,6,7,11,15,11,s1950,BEST,BEST,AVG,POOR,POOR,AVG,BEST,AVG,student_1949,poet
,Broadcaster,S1951,17,11,19,11,8,18,7,12,s1951,BEST,AVG,BEST,AVG,POOR,BEST,POOR,AVG,student_1950,broadcaster
,Broadcaster,S1952,18,14,19,11,5,15,8,12,s1952,BEST,AVG,BEST,AVG,POOR,BEST,POOR,AVG,student_1951,broadcaster
,Broadcaster,S1953,19,13,19,14,10,17,5,12,s1953,BEST,AVG,BEST,AVG,POOR,BEST,POOR,AVG,student_1952,broadcaster
,Broadcaster,S1954,20,11,19,13,7,19,10,12,s1954,BEST,AVG,BEST,AVG,POOR,BEST,POOR,AVG,student_1953,broadcaster
,Broadcaster,S1955,19,11,19,12,6,20,7,12,s1955,BEST,AVG,BEST,AVG,POOR,BEST,POOR,AVG,student_1954,broadcaster
,Broadcaster,S1956,18,11,19,12,8,18,6,12,s1956,BEST,AVG,BEST,AVG,POOR,BEST,POOR,AVG,student_1955,broadcaster
,Broadcaster,S1957,17,11,19,12,5,18,8,12,s1957,BEST,AVG,BEST,AVG,POOR,BEST,POOR,AVG,student_1956,broadcaster
,Broadcaster,S1958,16,14,19,12,10,15,5,12,s1958,BEST,AVG,BEST,AVG,POOR,BEST,POOR,AVG,student_1957,broadcaster
,Broadcaster,S1959,17,13,19,11,7,17,10,12,s1959,BEST,AVG,BEST,AVG,POOR,BEST,POOR,AVG,student_1958,broadcaster
,Broadcaster,S1960,18,11,19,11,6,19,7,12,s1960,BEST,AVG,BEST,AVG,POOR,BEST,POOR,AVG,student_1959,broadcaster
,Broadcaster,S1961,19,11,19,14,8,20,6,12,s1961,BEST,AVG,BEST,AVG,POOR,BEST,POOR,AVG,student_1960,broadcaster
,Broadcaster,S1962,20,11,19,13,5,18,8,11,s1962,BEST,AVG,BEST,AVG,POOR,BEST,POOR,AVG,student_1961,broadcaster
,Broadcaster,S1963,19,11,19,12,10,18,5,11,s1963,BEST,AVG,BEST,AVG,POOR,BEST,POOR,AVG,student_1962,broadcaster
,Broadcaster,S1964,18,14,19,12,7,15,10,11,s1964,BEST,AVG,BEST,AVG,POOR,BEST,POOR,AVG,student_1963,broadcaster
,Broadcaster,S1965,17,13,19,12,6,17,7,11,s1965,BEST,AVG,BEST,AVG,POOR,BEST,POOR,AVG,student_1964,broadcaster
,Broadcaster,S1966,16,11,19,12,8,19,6,11,s1966,BEST,AVG,BEST,AVG,POOR,BEST,POOR,AVG,student_1965,broadcaster
,Broadcaster,S1967,17,11,19,12,5,20,8,11,s1967,BEST,AVG,BEST,AVG,POOR,BEST,POOR,AVG,student_1966,broadcaster
,Broadcaster,S1968,18,11,19,13,10,18,5,11,s1968,BEST,AVG,BEST,AVG,POOR,BEST,POOR,AVG,student_1967,broadcaster
,Broadcaster,S1969,19,14,19,11,7,18,10,11,s1969,BEST,AVG,BEST,AVG,POOR,BEST,POOR,AVG,student_1968,broadcaster
,Broadcaster,S1970,20,13,16,11,6,15,7,11,s1970,BEST,AVG,BEST,AVG,POOR,BEST,POOR,AVG,student_1969,broadcaster
,Broadcaster,S1971,19,11,16,14,8,17,6,11,s1971,BEST,AVG,BEST,AVG,POOR,BEST,POOR,AVG,student_1970,broadcaster
,Broadcaster,S1972,18,12,16,13,5,19,8,11,s1972,BEST,AVG,BEST,AVG,POOR,BEST,POOR,AVG,student_1971,broadcaster
,Broadcaster,S1973,17,11,16,13,10,20,5,11,s1973,BEST,AVG,BEST,AVG,POOR,BEST,POOR,AVG,student_1972,broadcaster
,Broadcaster,S1974,16,14,16,13,7,18,10,13,s1974,BEST,AVG,BEST,AVG,POOR,BEST,POOR,AVG,student_1973,broadcaster
,Broadcaster,S1975,17,13,16,13,6,15,7,13,s1975,BEST,AVG,BEST,AVG,POOR,BEST,POOR,AVG,student_1974,broadcaster
,Broadcaster,S1976,18,11,16,13,8,17,6,13,s1976,BEST,AVG,BEST,AVG,POOR,BEST,POOR,AVG,student_1975,broadcaster
,Broadcaster,S1977,19,12,16,11,5,19,5,13,s1977,BEST,AVG,BEST,AVG,POOR,BEST,POOR,AVG,student_1976,broadcaster
,Broadcaster,S1978,20,11,16,11,10,20,8,13,s1978,BEST,AVG,BEST,AVG,POOR,BEST,POOR,AVG,student_1977,broadcaster
,Broadcaster,S1979,19,14,16,14,7,18,5,13,s1979,BEST,AVG,BEST,AVG,POOR,BEST,POOR,AVG,student_1978,broadcaster
,Broadcaster,S1980,18,13,16,13,6,15,10,13,s1980,BEST,AVG,BEST,AVG,POOR,BEST,POOR,AVG,student_1979,broadcaster
,Broadcaster,S1981,17,11,16,14,8,17,7,13,s1981,BEST,AVG,BEST,AVG,POOR,BEST,POOR,AVG,student_1980,broadcaster
,Broadcaster,S1982,16,12,16,14,5,19,6,13,s1982,BEST,AVG,BEST,AVG,POOR,BEST,POOR,AVG,student_1981,broadcaster
,Broadcaster,S1983,17,11,16,14,10,20,8,13,s1983,BEST,AVG,BEST,AVG,POOR,BEST,POOR,AVG,student_1982,broadcaster
,Broadcaster,S1984,18,14,16,14,7,18,5,13,s1984,BEST,AVG,BEST,AVG,POOR,BEST,POOR,AVG,student_1983,broadcaster
,Broadcaster,S1985,19,13,16,14,6,15,10,13,s1985,BEST,AVG,BEST,AVG,POOR,BEST,POOR,AVG,student_1984,broadcaster
,Broadcaster,S1986,20,11,16,11,8,17,7,13,s1986,BEST,AVG,BEST,AVG,POOR,BEST,POOR,AVG,student_1985,broadcaster
,Broadcaster,S1987,19,13,16,11,5,19,6,13,s1987,BEST,AVG,BEST,AVG,POOR,BEST,POOR,AVG,student_1986,broadcaster
,Broadcaster,S1988,18,11,17,14,10,20,8,13,s1988,BEST,AVG,BEST,AVG,POOR,BEST,POOR,AVG,student_1987,broadcaster
,Broadcaster,S1989,17,14,17,13,7,17,5,13,s1989,BEST,AVG,BEST,AVG,POOR,BEST,POOR,AVG,student_1988,broadcaster
,Broadcaster,S1990,16,13,17,11,6,18,10,14,s1990,BEST,AVG,BEST,AVG,POOR,BEST,POOR,AVG,student_1989,broadcaster
,Broadcaster,S1991,16,11,17,11,8,15,7,14,s1991,BEST,AVG,BEST,AVG,POOR,BEST,POOR,AVG,student_1990,broadcaster
,Broadcaster,S1992,17,14,17,11,5,17,6,14,s1992,BEST,AVG,BEST,AVG,POOR,BEST,POOR,AVG,student_1991,broadcaster
,Broadcaster,S1993,18,11,17,14,10,19,8,14,s1993,BEST,AVG,BEST,AVG,POOR,BEST,POOR,AVG,student_1992,broadcaster
,Broadcaster,S1994,19,14,17,13,7,20,5,14,s1994,BEST,AVG,BEST,AVG,POOR,BEST,POOR,AVG,student_1993,broadcaster
,Broadcaster,S1995,20,13,17,11,6,17,10,14,s1995,BEST,AVG,BEST,AVG,POOR,BEST,POOR,AVG,student_1994,broadcaster
,Broadcaster,S1996,19,11,17,11,8,18,7,14,s1996,BEST,AVG,BEST,AVG,POOR,BEST,POOR,AVG,student_1995,broadcaster
,Broadcaster,S1997,18,14,17,11,5,15,6,14,s1997,BEST,AVG,BEST,AVG,POOR,BEST,POOR,AVG,student_1996,broadcaster
,Broadcaster,S1998,17,13,17,14,10,17,9,14,s1998,BEST,AVG,BEST,AVG,POOR,BEST,POOR,AVG,student_1997,broadcaster
,Broadcaster,S1999,16,11,17,13,7,19,8,14,s1999,BEST,AVG,BEST,AVG,POOR,BEST,POOR,AVG,student_1998,broadcaster
,Broadcaster,S2000,17,11,17,11,6,20,7,14,s2000,BEST,AVG,BEST,AVG,POOR,BEST,POOR,AVG,student_1999,broadcaster
,Artist,S2001,12,18,12,5,10,12,15,18,s2001,AVG,BEST,AVG,POOR,POOR,AVG,BEST,BEST,student_2000,artist
,Artist,S2002,13,19,13,5,9,12,15,15,s2002,AVG,BEST,AVG,POOR,POOR,AVG,BEST,BEST,student_2001,artist
,Artist,S2003,14,18,14,6,7,12,15,17,s2003,AVG,BEST,AVG,POOR,POOR,AVG,BEST,BEST,student_2002,artist
,Artist,S2004,11,15,11,6,6,12,15,19,s2004,AVG,BEST,AVG,POOR,POOR,AVG,BEST,BEST,student_2003,artist
,Artist,S2005,14,17,12,7,5,12,15,20,s2005,AVG,BEST,AVG,POOR,POOR,AVG,BEST,BEST,student_2004,artist
,Artist,S2006,13,18,12,7,9,12,15,18,s2006,AVG,BEST,AVG,POOR,POOR,AVG,BEST,BEST,student_2005,artist
,Artist,S2007,12,20,13,8,8,12,15,15,s2007,AVG,BEST,AVG,POOR,POOR,AVG,BEST,BEST,student_2006,artist
,Artist,S2008,11,18,14,8,7,12,15,17,s2008,AVG,BEST,AVG,POOR,POOR,AVG,BEST,BEST,student_2007,artist
,Artist,S2009,12,19,11,9,6,12,15,19,s2009,AVG,BEST,AVG,POOR,POOR,AVG,BEST,BEST,student_2008,artist
,Artist,S2010,13,18,12,9,5,12,15,20,s2010,AVG,BEST,AVG,POOR,POOR,AVG,BEST,BEST,student_2009,artist
,Artist,S2011,14,15,12,5,9,12,15,18,s2011,AVG,BEST,AVG,POOR,POOR,AVG,BEST,BEST,student_2010,artist
,Artist,S2012,11,17,13,5,10,12,15,15,s2012,AVG,BEST,AVG,POOR,POOR,AVG,BEST,BEST,student_2011,artist
,Artist,S2013,14,18,14,5,10,12,15,17,s2013,AVG,BEST,AVG,POOR,POOR,AVG,BEST,BEST,student_2012,artist
,Artist,S2014,13,20,11,6,9,12,15,19,s2014,AVG,BEST,AVG,POOR,POOR,AVG,BEST,BEST,student_2013,artist
,Artist,S2015,12,18,12,6,7,12,15,20,s2015,AVG,BEST,AVG,POOR,POOR,AVG,BEST,BEST,student_2014,artist
,Artist,S2016,11,18,13,7,6,12,15,18,s2016,AVG,BEST,AVG,POOR,POOR,AVG,BEST,BEST,student_2015,artist
,Artist,S2017,12,19,14,7,5,12,17,15,s2017,AVG,BEST,AVG,POOR,POOR,AVG,BEST,BEST,student_2016,artist
,Artist,S2018,13,18,11,8,9,12,17,17,s2018,AVG,BEST,AVG,POOR,POOR,AVG,BEST,BEST,student_2017,artist
,Artist,S2019,14,15,12,8,8,12,17,19,s2019,AVG,BEST,AVG,POOR,POOR,AVG,BEST,BEST,student_2018,artist
,Artist,S2020,11,17,12,9,7,12,17,20,s2020,AVG,BEST,AVG,POOR,POOR,AVG,BEST,BEST,student_2019,artist
,Artist,S2021,14,18,13,9,6,12,17,18,s2021,AVG,BEST,AVG,POOR,POOR,AVG,BEST,BEST,student_2020,artist
,Artist,S2022,13,20,14,5,5,12,17,15,s2022,AVG,BEST,AVG,POOR,POOR,AVG,BEST,BEST,student_2021,artist
,Artist,S2023,12,19,11,5,9,12,17,17,s2023,AVG,BEST,AVG,POOR,POOR,AVG,BEST,BEST,student_2022,artist
,Artist,S2024,11,18,14,6,10,13,17,19,s2024,AVG,BEST,AVG,POOR,POOR,AVG,BEST,BEST,student_2023,artist
,Artist,S2025,12,19,12,6,10,13,17,20,s2025,AVG,BEST,AVG,POOR,POOR,AVG,BEST,BEST,student_2024,artist
,Artist,S2026,13,18,13,7,9,13,17,18,s2026,AVG,BEST,AVG,POOR,POOR,AVG,BEST,BEST,student_2025,artist
,Artist,S2027,14,15,14,7,7,13,17,15,s2027,AVG,BEST,AVG,POOR,POOR,AVG,BEST,BEST,student_2026,artist
,Artist,S2028,11,17,11,8,6,13,17,17,s2028,AVG,BEST,AVG,POOR,POOR,AVG,BEST,BEST,student_2027,artist
,Artist,S2029,14,18,14,8,5,13,17,19,s2029,AVG,BEST,AVG,POOR,POOR,AVG,BEST,BEST,student_2028,artist
,Artist,S2030,13,20,12,9,9,13,17,20,s2030,AVG,BEST,AVG,POOR,POOR,AVG,BEST,BEST,student_2029,artist
,Artist,S2031,12,16,13,9,8,13,17,18,s2031,AVG,BEST,AVG,POOR,POOR,AVG,BEST,BEST,student_2030,artist
,Artist,S2032,11,18,14,7,7,13,18,18,s2032,AVG,BEST,AVG,POOR,POOR,AVG,BEST,BEST,student_2031,artist
,Artist,S2033,13,19,11,7,6,13,18,15,s2033,AVG,BEST,AVG,POOR,POOR,AVG,BEST,BEST,student_2032,artist
,Artist,S2034,12,18,12,5,5,13,18,17,s2034,AVG,BEST,AVG,POOR,POOR,AVG,BEST,BEST,student_2033,artist
,Artist,S2035,13,15,13,5,9,13,18,19,s2035,AVG,BEST,AVG,POOR,POOR,AVG,BEST,BEST,student_2034,artist
,Artist,S2036,14,17,14,6,10,13,18,20,s2036,AVG,BEST,AVG,POOR,POOR,AVG,BEST,BEST,student_2035,artist
,Artist,S2037,11,18,11,6,10,14,18,18,s2037,AVG,BEST,AVG,POOR,POOR,AVG,BEST,BEST,student_2036,artist
,Artist,S2038,14,20,14,7,9,14,18,15,s2038,AVG,BEST,AVG,POOR,POOR,AVG,BEST,BEST,student_2037,artist
,Artist,S2039,13,16,12,7,7,14,18,17,s2039,AVG,BEST,AVG,POOR,POOR,AVG,BEST,BEST,student_2038,artist
,Artist,S2040,12,18,13,5,6,14,18,19,s2040,AVG,BEST,AVG,POOR,POOR,AVG,BEST,BEST,student_2039,artist
,Artist,S2041,11,19,14,5,5,14,18,20,s2041,AVG,BEST,AVG,POOR,POOR,AVG,BEST,BEST,student_2040,artist
,Artist,S2042,13,18,11,6,9,14,18,18,s2042,AVG,BEST,AVG,POOR,POOR,AVG,BEST,BEST,student_2041,artist
,Artist,S2043,12,15,11,6,8,14,18,15,s2043,AVG,BEST,AVG,POOR,POOR,AVG,BEST,BEST,student_2042,artist
,Artist,S2044,13,17,12,7,7,14,18,17,s2044,AVG,BEST,AVG,POOR,POOR,AVG,BEST,BEST,student_2043,artist
,Artist,S2045,14,18,13,7,6,14,18,19,s2045,AVG,BEST,AVG,POOR,POOR,AVG,BEST,BEST,student_2044,artist
,Artist,S2046,11,20,14,8,5,14,20,18,s2046,AVG,BEST,AVG,POOR,POOR,AVG,BEST,BEST,student_2045,artist
,Artist,S2047,14,17,12,8,9,14,20,15,s2047,AVG,BEST,AVG,POOR,POOR,AVG,BEST,BEST,student_2046,artist
,Artist,S2048,13,16,13,9,10,14,20,17,s2048,AVG,BEST,AVG,POOR,POOR,AVG,BEST,BEST,student_2047,artist
,Artist,S2049,12,19,14,6,8,14,20,19,s2049,AVG,BEST,AVG,POOR,POOR,AVG,BEST,BEST,student_2048,artist
,Artist,S2050,11,17,11,9,7,14,20,20,s2050,AVG,BEST,AVG,POOR,POOR,AVG,BEST,BEST,student_2049,artist
,Graphic Designer,S2051,11,5,5,20,19,11,13,10,s2051,AVG,POOR,POOR,BEST,BEST,AVG,AVG,POOR,student_2050,graphic designer
,Graphic Designer,S2052,12,6,6,18,19,11,13,10,s2052,AVG,POOR,POOR,BEST,BEST,AVG,AVG,POOR,student_2051,graphic designer
,Graphic Designer,S2053,14,7,5,17,19,11,13,10,s2053,AVG,POOR,POOR,BEST,BEST,AVG,AVG,POOR,student_2052,graphic designer
,Graphic Designer,S2054,11,5,7,16,19,11,13,10,s2054,AVG,POOR,POOR,BEST,BEST,AVG,AVG,POOR,student_2053,graphic designer
,Graphic Designer,S2055,12,6,8,16,19,11,13,10,s2055,AVG,POOR,POOR,BEST,BEST,AVG,AVG,POOR,student_2054,graphic designer
,Graphic Designer,S2056,14,7,7,15,19,11,13,10,s2056,AVG,POOR,POOR,BEST,BEST,AVG,AVG,POOR,student_2055,graphic designer
,Graphic Designer,S2057,11,5,8,20,19,11,13,10,s2057,AVG,POOR,POOR,BEST,BEST,AVG,AVG,POOR,student_2056,graphic designer
,Graphic Designer,S2058,12,6,9,18,19,11,13,10,s2058,AVG,POOR,POOR,BEST,BEST,AVG,AVG,POOR,student_2057,graphic designer
,Graphic Designer,S2059,14,7,10,17,19,11,13,10,s2059,AVG,POOR,POOR,BEST,BEST,AVG,AVG,POOR,student_2058,graphic designer
,Graphic Designer,S2060,11,5,5,16,19,11,13,10,s2060,AVG,POOR,POOR,BEST,BEST,AVG,AVG,POOR,student_2059,graphic designer
,Graphic Designer,S2061,12,6,6,16,18,11,13,10,s2061,AVG,POOR,POOR,BEST,BEST,AVG,AVG,POOR,student_2060,graphic designer
,Graphic Designer,S2062,14,7,5,15,18,11,13,10,s2062,AVG,POOR,POOR,BEST,BEST,AVG,AVG,POOR,student_2061,graphic designer
,Graphic Designer,S2063,11,6,7,20,18,11,13,6,s2063,AVG,POOR,POOR,BEST,BEST,AVG,AVG,POOR,student_2062,graphic designer
,Graphic Designer,S2064,12,8,8,18,18,11,13,6,s2064,AVG,POOR,POOR,BEST,BEST,AVG,AVG,POOR,student_2063,graphic designer
,Graphic Designer,S2065,14,9,7,17,18,11,13,6,s2065,AVG,POOR,POOR,BEST,BEST,AVG,AVG,POOR,student_2064,graphic designer
,Graphic Designer,S2066,11,10,8,16,18,11,13,6,s2066,AVG,POOR,POOR,BEST,BEST,AVG,AVG,POOR,student_2065,graphic designer
,Graphic Designer,S2067,12,7,9,16,18,11,13,6,s2067,AVG,POOR,POOR,BEST,BEST,AVG,AVG,POOR,student_2066,graphic designer
,Graphic Designer,S2068,14,6,10,15,18,11,14,6,s2068,AVG,POOR,POOR,BEST,BEST,AVG,AVG,POOR,student_2067,graphic designer
,Graphic Designer,S2069,11,8,5,20,18,11,14,6,s2069,AVG,POOR,POOR,BEST,BEST,AVG,AVG,POOR,student_2068,graphic designer
,Graphic Designer,S2070,12,9,6,18,18,14,14,6,s2070,AVG,POOR,POOR,BEST,BEST,AVG,AVG,POOR,student_2069,graphic designer
,Graphic Designer,S2071,14,10,5,17,18,14,14,6,s2071,AVG,POOR,POOR,BEST,BEST,AVG,AVG,POOR,student_2070,graphic designer
,Graphic Designer,S2072,11,7,7,16,18,14,14,6,s2072,AVG,POOR,POOR,BEST,BEST,AVG,AVG,POOR,student_2071,graphic designer
,Graphic Designer,S2073,12,6,8,16,17,14,14,6,s2073,AVG,POOR,POOR,BEST,BEST,AVG,AVG,POOR,student_2072,graphic designer
,Graphic Designer,S2074,14,8,7,15,17,14,14,6,s2074,AVG,POOR,POOR,BEST,BEST,AVG,AVG,POOR,student_2073,graphic designer
,Graphic Designer,S2075,14,9,8,20,17,14,12,6,s2075,AVG,POOR,POOR,BEST,BEST,AVG,AVG,POOR,student_2074,graphic designer
,Graphic Designer,S2076,13,10,9,18,17,14,12,6,s2076,AVG,POOR,POOR,BEST,BEST,AVG,AVG,POOR,student_2075,graphic designer
,Graphic Designer,S2077,12,7,10,17,17,14,12,6,s2077,AVG,POOR,POOR,BEST,BEST,AVG,AVG,POOR,student_2076,graphic designer
,Graphic Designer,S2078,11,6,5,16,17,11,12,6,s2078,AVG,POOR,POOR,BEST,BEST,AVG,AVG,POOR,student_2077,graphic designer
,Graphic Designer,S2079,12,8,6,16,17,11,12,6,s2079,AVG,POOR,POOR,BEST,BEST,AVG,AVG,POOR,student_2078,graphic designer
,Graphic Designer,S2080,14,9,5,15,17,11,12,8,s2080,AVG,POOR,POOR,BEST,BEST,AVG,AVG,POOR,student_2079,graphic designer
,Graphic Designer,S2081,14,10,7,20,17,11,12,8,s2081,AVG,POOR,POOR,BEST,BEST,AVG,AVG,POOR,student_2080,graphic designer
,Graphic Designer,S2082,13,7,8,18,17,11,12,8,s2082,AVG,POOR,POOR,BEST,BEST,AVG,AVG,POOR,student_2081,graphic designer
,Graphic Designer,S2083,12,6,7,17,15,11,12,8,s2083,AVG,POOR,POOR,BEST,BEST,AVG,AVG,POOR,student_2082,graphic designer
,Graphic Designer,S2084,11,8,8,16,15,11,12,8,s2084,AVG,POOR,POOR,BEST,BEST,AVG,AVG,POOR,student_2083,graphic designer
,Graphic Designer,S2085,12,9,9,16,15,12,12,8,s2085,AVG,POOR,POOR,BEST,BEST,AVG,AVG,POOR,student_2084,graphic designer
,Graphic Designer,S2086,14,10,10,15,15,12,13,8,s2086,AVG,POOR,POOR,BEST,BEST,AVG,AVG,POOR,student_2085,graphic designer
,Graphic Designer,S2087,14,7,5,20,15,12,13,8,s2087,AVG,POOR,POOR,BEST,BEST,AVG,AVG,POOR,student_2086,graphic designer
,Graphic Designer,S2088,13,6,6,18,15,12,13,8,s2088,AVG,POOR,POOR,BEST,BEST,AVG,AVG,POOR,student_2087,graphic designer
,Graphic Designer,S2089,12,8,5,17,15,12,13,8,s2089,AVG,POOR,POOR,BEST,BEST,AVG,AVG,POOR,student_2088,graphic designer
,Graphic Designer,S2090,11,9,7,16,15,12,13,8,s2090,AVG,POOR,POOR,BEST,BEST,AVG,AVG,POOR,student_2089,graphic designer
,Graphic Designer,S2091,12,10,8,16,15,13,13,8,s2091,AVG,POOR,POOR,BEST,BEST,AVG,AVG,POOR,student_2090,graphic designer
,Graphic Designer,S2092,14,7,7,15,15,13,13,8,s2092,AVG,POOR,POOR,BEST,BEST,AVG,AVG,POOR,student_2091,graphic designer
,Graphic Designer,S2093,14,6,8,20,15,13,13,8,s2093,AVG,POOR,POOR,BEST,BEST,AVG,AVG,POOR,student_2092,graphic designer
,Graphic Designer,S2094,13,8,9,18,15,13,13,8,s2094,AVG,POOR,POOR,BEST,BEST,AVG,AVG,POOR,student_2093,graphic designer
,Graphic Designer,S2095,12,9,10,17,19,13,12,8,s2095,AVG,POOR,POOR,BEST,BEST,AVG,AVG,POOR,student_2094,graphic designer
,Graphic Designer,S2096,11,10,5,16,19,13,12,8,s2096,AVG,POOR,POOR,BEST,BEST,AVG,AVG,POOR,student_2095,graphic designer
,Graphic Designer,S2097,14,7,6,16,19,13,12,8,s2097,AVG,POOR,POOR,BEST,BEST,AVG,AVG,POOR,student_2096,graphic designer
,Graphic Designer,S2098,13,6,7,15,19,13,12,8,s2098,AVG,POOR,POOR,BEST,BEST,AVG,AVG,POOR,student_2097,graphic designer
,Graphic Designer,S2099,12,8,8,17,19,13,12,8,s2099,AVG,POOR,POOR,BEST,BEST,AVG,AVG,POOR,student_2098,graphic designer
,Graphic Designer,S2100,11,9,9,18,19,13,12,8,s2100,AVG,POOR,POOR,BEST,BEST,AVG,AVG,POOR,student_2099,graphic designer
,Fashion Designer,S2101,5,7,11,11,10,18,16,15,s2101,POOR,POOR,AVG,AVG,POOR,BEST,BEST,BEST,student_2100,fashion designer
,Fashion Designer,S2102,6,7,12,11,9,18,16,15,s2102,POOR,POOR,AVG,AVG,POOR,BEST,BEST,BEST,student_2101,fashion designer
,Fashion Designer,S2103,7,8,14,11,8,18,16,15,s2103,POOR,POOR,AVG,AVG,POOR,BEST,BEST,BEST,student_2102,fashion designer
,Fashion Designer,S2104,8,8,11,11,7,18,16,15,s2104,POOR,POOR,AVG,AVG,POOR,BEST,BEST,BEST,student_2103,fashion designer
,Fashion Designer,S2105,8,9,12,11,10,18,16,15,s2105,POOR,POOR,AVG,AVG,POOR,BEST,BEST,BEST,student_2104,fashion designer
,Fashion Designer,S2106,7,9,14,11,9,18,16,15,s2106,POOR,POOR,AVG,AVG,POOR,BEST,BEST,BEST,student_2105,fashion designer
,Fashion Designer,S2107,6,7,11,11,8,18,16,15,s2107,POOR,POOR,AVG,AVG,POOR,BEST,BEST,BEST,student_2106,fashion designer
,Fashion Designer,S2108,5,7,12,11,7,18,16,15,s2108,POOR,POOR,AVG,AVG,POOR,BEST,BEST,BEST,student_2107,fashion designer
,Fashion Designer,S2109,5,8,14,11,10,18,16,15,s2109,POOR,POOR,AVG,AVG,POOR,BEST,BEST,BEST,student_2108,fashion designer
,Fashion Designer,S2110,6,8,11,11,9,18,16,15,s2110,POOR,POOR,AVG,AVG,POOR,BEST,BEST,BEST,student_2109,fashion designer
,Fashion Designer,S2111,7,9,12,11,8,18,16,15,s2111,POOR,POOR,AVG,AVG,POOR,BEST,BEST,BEST,student_2110,fashion designer
,Fashion Designer,S2112,8,9,14,13,7,18,16,15,s2112,POOR,POOR,AVG,AVG,POOR,BEST,BEST,BEST,student_2111,fashion designer
,Fashion Designer,S2113,8,7,11,13,10,18,16,15,s2113,POOR,POOR,AVG,AVG,POOR,BEST,BEST,BEST,student_2112,fashion designer
,Fashion Designer,S2114,7,7,12,13,9,18,16,15,s2114,POOR,POOR,AVG,AVG,POOR,BEST,BEST,BEST,student_2113,fashion designer
,Fashion Designer,S2115,6,8,14,13,8,18,16,15,s2115,POOR,POOR,AVG,AVG,POOR,BEST,BEST,BEST,student_2114,fashion designer
,Fashion Designer,S2116,5,8,11,13,7,18,16,15,s2116,POOR,POOR,AVG,AVG,POOR,BEST,BEST,BEST,student_2115,fashion designer
,Fashion Designer,S2117,5,9,12,13,10,18,16,15,s2117,POOR,POOR,AVG,AVG,POOR,BEST,BEST,BEST,student_2116,fashion designer
,Fashion Designer,S2118,6,9,14,13,9,18,16,15,s2118,POOR,POOR,AVG,AVG,POOR,BEST,BEST,BEST,student_2117,fashion designer
,Fashion Designer,S2119,7,7,11,13,8,18,16,15,s2119,POOR,POOR,AVG,AVG,POOR,BEST,BEST,BEST,student_2118,fashion designer
,Fashion Designer,S2120,8,7,12,13,7,18,16,15,s2120,POOR,POOR,AVG,AVG,POOR,BEST,BEST,BEST,student_2119,fashion designer
,Fashion Designer,S2121,8,8,14,13,10,18,16,15,s2121,POOR,POOR,AVG,AVG,POOR,BEST,BEST,BEST,student_2120,fashion designer
,Fashion Designer,S2122,7,8,11,13,9,18,16,15,s2122,POOR,POOR,AVG,AVG,POOR,BEST,BEST,BEST,student_2121,fashion designer
,Fashion Designer,S2123,6,9,12,14,8,18,16,15,s2123,POOR,POOR,AVG,AVG,POOR,BEST,BEST,BEST,student_2122,fashion designer
,Fashion Designer,S2124,5,9,14,14,7,18,16,15,s2124,POOR,POOR,AVG,AVG,POOR,BEST,BEST,BEST,student_2123,fashion designer
,Fashion Designer,S2125,5,7,14,14,10,18,16,15,s2125,POOR,POOR,AVG,AVG,POOR,BEST,BEST,BEST,student_2124,fashion designer
,Fashion Designer,S2126,6,7,13,14,9,18,16,15,s2126,POOR,POOR,AVG,AVG,POOR,BEST,BEST,BEST,student_2125,fashion designer
,Fashion Designer,S2127,7,8,12,14,8,18,16,15,s2127,POOR,POOR,AVG,AVG,POOR,BEST,BEST,BEST,student_2126,fashion designer
,Fashion Designer,S2128,8,8,11,14,7,18,16,15,s2128,POOR,POOR,AVG,AVG,POOR,BEST,BEST,BEST,student_2127,fashion designer
,Fashion Designer,S2129,8,9,12,14,10,18,16,15,s2129,POOR,POOR,AVG,AVG,POOR,BEST,BEST,BEST,student_2128,fashion designer
,Fashion Designer,S2130,7,9,14,14,9,18,16,15,s2130,POOR,POOR,AVG,AVG,POOR,BEST,BEST,BEST,student_2129,fashion designer
,Fashion Designer,S2131,6,7,14,14,8,18,16,15,s2131,POOR,POOR,AVG,AVG,POOR,BEST,BEST,BEST,student_2130,fashion designer
,Fashion Designer,S2132,5,7,13,14,7,18,16,15,s2132,POOR,POOR,AVG,AVG,POOR,BEST,BEST,BEST,student_2131,fashion designer
,Fashion Designer,S2133,5,8,12,14,10,18,16,15,s2133,POOR,POOR,AVG,AVG,POOR,BEST,BEST,BEST,student_2132,fashion designer
,Fashion Designer,S2134,6,8,11,13,9,18,16,15,s2134,POOR,POOR,AVG,AVG,POOR,BEST,BEST,BEST,student_2133,fashion designer
,Fashion Designer,S2135,7,9,12,13,8,18,16,15,s2135,POOR,POOR,AVG,AVG,POOR,BEST,BEST,BEST,student_2134,fashion designer
,Fashion Designer,S2136,8,9,14,13,7,18,16,15,s2136,POOR,POOR,AVG,AVG,POOR,BEST,BEST,BEST,student_2135,fashion designer
,Fashion Designer,S2137,8,7,14,13,10,18,16,15,s2137,POOR,POOR,AVG,AVG,POOR,BEST,BEST,BEST,student_2136,fashion designer
,Fashion Designer,S2138,7,7,13,13,9,18,16,15,s2138,POOR,POOR,AVG,AVG,POOR,BEST,BEST,BEST,student_2137,fashion designer
,Fashion Designer,S2139,6,8,12,13,8,18,16,15,s2139,POOR,POOR,AVG,AVG,POOR,BEST,BEST,BEST,student_2138,fashion designer
,Fashion Designer,S2140,5,8,11,13,7,18,16,15,s2140,POOR,POOR,AVG,AVG,POOR,BEST,BEST,BEST,student_2139,fashion designer
,Fashion Designer,S2141,5,9,12,13,10,18,16,15,s2141,POOR,POOR,AVG,AVG,POOR,BEST,BEST,BEST,student_2140,fashion designer
,Fashion Designer,S2142,6,9,14,12,9,18,16,15,s2142,POOR,POOR,AVG,AVG,POOR,BEST,BEST,BEST,student_2141,fashion designer
,Fashion Designer,S2143,7,7,14,12,8,18,16,15,s2143,POOR,POOR,AVG,AVG,POOR,BEST,BEST,BEST,student_2142,fashion designer
,Fashion Designer,S2144,8,7,13,12,7,18,16,15,s2144,POOR,POOR,AVG,AVG,POOR,BEST,BEST,BEST,student_2143,fashion designer
,Fashion Designer,S2145,8,8,12,12,10,18,16,15,s2145,POOR,POOR,AVG,AVG,POOR,BEST,BEST,BEST,student_2144,fashion designer
,Fashion Designer,S2146,7,8,11,12,9,18,16,15,s2146,POOR,POOR,AVG,AVG,POOR,BEST,BEST,BEST,student_2145,fashion designer
,Fashion Designer,S2147,6,9,14,12,8,18,16,15,s2147,POOR,POOR,AVG,AVG,POOR,BEST,BEST,BEST,student_2146,fashion designer
,Fashion Designer,S2148,5,9,13,12,7,18,16,15,s2148,POOR,POOR,AVG,AVG,POOR,BEST,BEST,BEST,student_2147,fashion designer
,Fashion Designer,S2149,6,8,12,12,6,18,16,15,s2149,POOR,POOR,AVG,AVG,POOR,BEST,BEST,BEST,student_2148,fashion designer
,Fashion Designer,S2150,8,6,11,12,7,18,16,15,s2150,POOR,POOR,AVG,AVG,POOR,BEST,BEST,BEST,student_2149,fashion designer
,Interior Decorator,S2151,11,7,5,20,16,17,12,14,s2151,AVG,POOR,POOR,BEST,BEST,BEST,AVG,AVG,student_2150,interior decorator
,Interior Decorator,S2152,12,7,6,19,16,17,12,14,s2152,AVG,POOR,POOR,BEST,BEST,BEST,AVG,AVG,student_2151,interior decorator
,Interior Decorator,S2153,13,7,7,18,16,17,12,14,s2153,AVG,POOR,POOR,BEST,BEST,BEST,AVG,AVG,student_2152,interior decorator
,Interior Decorator,S2154,12,7,8,17,16,17,12,14,s2154,AVG,POOR,POOR,BEST,BEST,BEST,AVG,AVG,student_2153,interior decorator
,Interior Decorator,S2155,14,7,8,16,16,17,12,14,s2155,AVG,POOR,POOR,BEST,BEST,BEST,AVG,AVG,student_2154,interior decorator
,Interior Decorator,S2156,11,7,7,15,16,17,12,14,s2156,AVG,POOR,POOR,BEST,BEST,BEST,AVG,AVG,student_2155,interior decorator
,Interior Decorator,S2157,12,7,6,20,16,17,12,14,s2157,AVG,POOR,POOR,BEST,BEST,BEST,AVG,AVG,student_2156,interior decorator
,Interior Decorator,S2158,13,7,5,19,16,17,12,14,s2158,AVG,POOR,POOR,BEST,BEST,BEST,AVG,AVG,student_2157,interior decorator
,Interior Decorator,S2159,12,7,5,18,16,17,12,14,s2159,AVG,POOR,POOR,BEST,BEST,BEST,AVG,AVG,student_2158,interior decorator
,Interior Decorator,S2160,14,7,6,17,16,17,12,14,s2160,AVG,POOR,POOR,BEST,BEST,BEST,AVG,AVG,student_2159,interior decorator
,Interior Decorator,S2161,11,7,7,16,16,17,13,14,s2161,AVG,POOR,POOR,BEST,BEST,BEST,AVG,AVG,student_2160,interior decorator
,Interior Decorator,S2162,12,7,8,15,16,17,13,11,s2162,AVG,POOR,POOR,BEST,BEST,BEST,AVG,AVG,student_2161,interior decorator
,Interior Decorator,S2163,13,7,8,20,16,17,13,11,s2163,AVG,POOR,POOR,BEST,BEST,BEST,AVG,AVG,student_2162,interior decorator
,Interior Decorator,S2164,12,7,7,19,16,18,13,11,s2164,AVG,POOR,POOR,BEST,BEST,BEST,AVG,AVG,student_2163,interior decorator
,Interior Decorator,S2165,14,7,6,18,16,18,13,11,s2165,AVG,POOR,POOR,BEST,BEST,BEST,AVG,AVG,student_2164,interior decorator
,Interior Decorator,S2166,11,7,5,17,16,18,13,11,s2166,AVG,POOR,POOR,BEST,BEST,BEST,AVG,AVG,student_2165,interior decorator
,Interior Decorator,S2167,12,7,5,16,15,18,13,11,s2167,AVG,POOR,POOR,BEST,BEST,BEST,AVG,AVG,student_2166,interior decorator
,Interior Decorator,S2168,13,7,6,15,15,18,13,11,s2168,AVG,POOR,POOR,BEST,BEST,BEST,AVG,AVG,student_2167,interior decorator
,Interior Decorator,S2169,12,7,7,20,15,18,13,11,s2169,AVG,POOR,POOR,BEST,BEST,BEST,AVG,AVG,student_2168,interior decorator
,Interior Decorator,S2170,14,7,8,19,15,18,13,11,s2170,AVG,POOR,POOR,BEST,BEST,BEST,AVG,AVG,student_2169,interior decorator
,Interior Decorator,S2171,11,7,8,18,15,18,13,11,s2171,AVG,POOR,POOR,BEST,BEST,BEST,AVG,AVG,student_2170,interior decorator
,Interior Decorator,S2172,12,7,7,17,15,18,12,11,s2172,AVG,POOR,POOR,BEST,BEST,BEST,AVG,AVG,student_2171,interior decorator
,Interior Decorator,S2173,13,7,6,16,15,18,12,13,s2173,AVG,POOR,POOR,BEST,BEST,BEST,AVG,AVG,student_2172,interior decorator
,Interior Decorator,S2174,12,7,5,15,15,18,12,13,s2174,AVG,POOR,POOR,BEST,BEST,BEST,AVG,AVG,student_2173,interior decorator
,Interior Decorator,S2175,14,7,5,20,15,18,12,13,s2175,AVG,POOR,POOR,BEST,BEST,BEST,AVG,AVG,student_2174,interior decorator
,Interior Decorator,S2176,11,7,6,19,15,18,12,13,s2176,AVG,POOR,POOR,BEST,BEST,BEST,AVG,AVG,student_2175,interior decorator
,Interior Decorator,S2177,12,7,7,18,15,15,12,13,s2177,AVG,POOR,POOR,BEST,BEST,BEST,AVG,AVG,student_2176,interior decorator
,Interior Decorator,S2178,13,7,8,17,15,15,12,13,s2178,AVG,POOR,POOR,BEST,BEST,BEST,AVG,AVG,student_2177,interior decorator
,Interior Decorator,S2179,12,7,8,16,15,15,12,13,s2179,AVG,POOR,POOR,BEST,BEST,BEST,AVG,AVG,student_2178,interior decorator
,Interior Decorator,S2180,14,7,7,15,15,15,12,13,s2180,AVG,POOR,POOR,BEST,BEST,BEST,AVG,AVG,student_2179,interior decorator
,Interior Decorator,S2181,11,7,6,20,15,15,12,13,s2181,AVG,POOR,POOR,BEST,BEST,BEST,AVG,AVG,student_2180,interior decorator
,Interior Decorator,S2182,12,7,5,19,15,15,12,13,s2182,AVG,POOR,POOR,BEST,BEST,BEST,AVG,AVG,student_2181,interior decorator
,Interior Decorator,S2183,13,7,5,18,18,15,14,11,s2183,AVG,POOR,POOR,BEST,BEST,BEST,AVG,AVG,student_2182,interior decorator
,Interior Decorator,S2184,12,7,6,17,18,15,14,11,s2184,AVG,POOR,POOR,BEST,BEST,BEST,AVG,AVG,student_2183,interior decorator
,Interior Decorator,S2185,14,7,7,16,18,15,14,11,s2185,AVG,POOR,POOR,BEST,BEST,BEST,AVG,AVG,student_2184,interior decorator
,Interior Decorator,S2186,11,7,8,15,18,19,14,11,s2186,AVG,POOR,POOR,BEST,BEST,BEST,AVG,AVG,student_2185,interior decorator
,Interior Decorator,S2187,12,7,8,20,18,19,14,11,s2187,AVG,POOR,POOR,BEST,BEST,BEST,AVG,AVG,student_2186,interior decorator
,Interior Decorator,S2188,13,7,7,19,18,19,14,11,s2188,AVG,POOR,POOR,BEST,BEST,BEST,AVG,AVG,student_2187,interior decorator
,Interior Decorator,S2189,12,7,6,18,18,19,14,11,s2189,AVG,POOR,POOR,BEST,BEST,BEST,AVG,AVG,student_2188,interior decorator
,Interior Decorator,S2190,14,7,5,17,18,19,14,11,s2190,AVG,POOR,POOR,BEST,BEST,BEST,AVG,AVG,student_2189,interior decorator
,Interior Decorator,S2191,11,7,5,16,18,19,14,11,s2191,AVG,POOR,POOR,BEST,BEST,BEST,AVG,AVG,student_2190,interior decorator
,Interior Decorator,S2192,12,7,6,15,18,19,14,11,s2192,AVG,POOR,POOR,BEST,BEST,BEST,AVG,AVG,student_2191,interior decorator
,Interior Decorator,S2193,13,7,7,20,18,19,14,11,s2193,AVG,POOR,POOR,BEST,BEST,BEST,AVG,AVG,student_2192,interior decorator
,Interior Decorator,S2194,12,7,8,19,18,19,14,11,s2194,AVG,POOR,POOR,BEST,BEST,BEST,AVG,AVG,student_2193,interior decorator
,Interior Decorator,S2195,14,7,8,18,18,19,14,11,s2195,AVG,POOR,POOR,BEST,BEST,BEST,AVG,AVG,student_2194,interior decorator
,Interior Decorator,S2196,11,7,7,17,19,19,14,11,s2196,AVG,POOR,POOR,BEST,BEST,BEST,AVG,AVG,student_2195,interior decorator
,Interior Decorator,S2197,12,7,6,16,19,19,14,11,s2197,AVG,POOR,POOR,BEST,BEST,BEST,AVG,AVG,student_2196,interior decorator
,Interior Decorator,S2198,13,7,5,15,19,19,14,11,s2198,AVG,POOR,POOR,BEST,BEST,BEST,AVG,AVG,student_2197,interior decorator
,Interior Decorator,S2199,12,7,6,17,19,19,14,11,s2199,AVG,POOR,POOR,BEST,BEST,BEST,AVG,AVG,student_2198,interior decorator
,Interior Decorator,S2200,14,7,8,16,19,19,14,11,s2200,AVG,POOR,POOR,BEST,BEST,BEST,AVG,AVG,student_2199,interior decorator
,Pilot,S2201,6,5,18,19,11,13,7,20,s2201,POOR,POOR,BEST,BEST,AVG,AVG,POOR,BEST,student_2200,pilot
,Pilot,S2202,6,6,17,19,12,13,7,19,s2202,POOR,POOR,BEST,BEST,AVG,AVG,POOR,BEST,student_2201,pilot
,Pilot,S2203,6,7,16,19,13,13,8,18,s2203,POOR,POOR,BEST,BEST,AVG,AVG,POOR,BEST,student_2202,pilot
,Pilot,S2204,6,8,16,19,12,13,8,17,s2204,POOR,POOR,BEST,BEST,AVG,AVG,POOR,BEST,student_2203,pilot
,Pilot,S2205,6,8,18,19,14,13,7,20,s2205,POOR,POOR,BEST,BEST,AVG,AVG,POOR,BEST,student_2204,pilot
,Pilot,S2206,6,7,17,19,11,13,6,19,s2206,POOR,POOR,BEST,BEST,AVG,AVG,POOR,BEST,student_2205,pilot
,Pilot,S2207,6,6,16,19,12,13,5,18,s2207,POOR,POOR,BEST,BEST,AVG,AVG,POOR,BEST,student_2206,pilot
,Pilot,S2208,6,5,16,19,13,13,5,17,s2208,POOR,POOR,BEST,BEST,AVG,AVG,POOR,BEST,student_2207,pilot
,Pilot,S2209,6,5,18,19,12,13,6,20,s2209,POOR,POOR,BEST,BEST,AVG,AVG,POOR,BEST,student_2208,pilot
,Pilot,S2210,6,6,17,19,14,13,7,19,s2210,POOR,POOR,BEST,BEST,AVG,AVG,POOR,BEST,student_2209,pilot
,Pilot,S2211,6,7,16,19,11,13,8,18,s2211,POOR,POOR,BEST,BEST,AVG,AVG,POOR,BEST,student_2210,pilot
,Pilot,S2212,6,8,16,19,12,13,7,17,s2212,POOR,POOR,BEST,BEST,AVG,AVG,POOR,BEST,student_2211,pilot
,Pilot,S2213,6,8,18,19,13,13,6,20,s2213,POOR,POOR,BEST,BEST,AVG,AVG,POOR,BEST,student_2212,pilot
,Pilot,S2214,8,7,17,19,12,13,7,19,s2214,POOR,POOR,BEST,BEST,AVG,AVG,POOR,BEST,student_2213,pilot
,Pilot,S2215,8,6,16,19,14,13,7,18,s2215,POOR,POOR,BEST,BEST,AVG,AVG,POOR,BEST,student_2214,pilot
,Pilot,S2216,8,5,16,19,11,13,9,17,s2216,POOR,POOR,BEST,BEST,AVG,AVG,POOR,BEST,student_2215,pilot
,Pilot,S2217,8,5,18,19,12,13,9,20,s2217,POOR,POOR,BEST,BEST,AVG,AVG,POOR,BEST,student_2216,pilot
,Pilot,S2218,8,6,17,19,13,13,8,19,s2218,POOR,POOR,BEST,BEST,AVG,AVG,POOR,BEST,student_2217,pilot
,Pilot,S2219,8,7,16,19,12,13,8,18,s2219,POOR,POOR,BEST,BEST,AVG,AVG,POOR,BEST,student_2218,pilot
,Pilot,S2220,8,8,16,17,14,13,7,17,s2220,POOR,POOR,BEST,BEST,AVG,AVG,POOR,BEST,student_2219,pilot
,Pilot,S2221,8,8,16,17,11,14,6,20,s2221,POOR,POOR,BEST,BEST,AVG,AVG,POOR,BEST,student_2220,pilot
,Pilot,S2222,8,7,16,17,12,14,9,19,s2222,POOR,POOR,BEST,BEST,AVG,AVG,POOR,BEST,student_2221,pilot
,Pilot,S2223,8,6,18,17,13,14,5,18,s2223,POOR,POOR,BEST,BEST,AVG,AVG,POOR,BEST,student_2222,pilot
,Pilot,S2224,8,5,17,17,12,14,5,17,s2224,POOR,POOR,BEST,BEST,AVG,AVG,POOR,BEST,student_2223,pilot
,Pilot,S2225,8,5,16,17,14,14,6,20,s2225,POOR,POOR,BEST,BEST,AVG,AVG,POOR,BEST,student_2224,pilot
,Pilot,S2226,8,6,16,17,11,14,7,19,s2226,POOR,POOR,BEST,BEST,AVG,AVG,POOR,BEST,student_2225,pilot
,Pilot,S2227,9,7,18,17,12,14,7,18,s2227,POOR,POOR,BEST,BEST,AVG,AVG,POOR,BEST,student_2226,pilot
,Pilot,S2228,9,8,17,17,13,14,6,17,s2228,POOR,POOR,BEST,BEST,AVG,AVG,POOR,BEST,student_2227,pilot
,Pilot,S2229,9,8,16,17,12,14,8,20,s2229,POOR,POOR,BEST,BEST,AVG,AVG,POOR,BEST,student_2228,pilot
,Pilot,S2230,9,7,16,17,14,14,8,19,s2230,POOR,POOR,BEST,BEST,AVG,AVG,POOR,BEST,student_2229,pilot
,Pilot,S2231,9,6,16,17,11,14,8,18,s2231,POOR,POOR,BEST,BEST,AVG,AVG,POOR,BEST,student_2230,pilot
,Pilot,S2232,9,5,16,17,12,14,8,17,s2232,POOR,POOR,BEST,BEST,AVG,AVG,POOR,BEST,student_2231,pilot
,Pilot,S2233,9,5,18,15,13,14,8,20,s2233,POOR,POOR,BEST,BEST,AVG,AVG,POOR,BEST,student_2232,pilot
,Pilot,S2234,9,6,17,15,12,14,7,19,s2234,POOR,POOR,BEST,BEST,AVG,AVG,POOR,BEST,student_2233,pilot
,Pilot,S2235,9,7,16,15,14,14,6,18,s2235,POOR,POOR,BEST,BEST,AVG,AVG,POOR,BEST,student_2234,pilot
,Pilot,S2236,10,8,16,15,11,12,5,17,s2236,POOR,POOR,BEST,BEST,AVG,AVG,POOR,BEST,student_2235,pilot
,Pilot,S2237,10,8,18,15,12,12,5,20,s2237,POOR,POOR,BEST,BEST,AVG,AVG,POOR,BEST,student_2236,pilot
,Pilot,S2238,10,7,17,15,13,12,6,19,s2238,POOR,POOR,BEST,BEST,AVG,AVG,POOR,BEST,student_2237,pilot
,Pilot,S2239,10,6,16,15,12,12,7,18,s2239,POOR,POOR,BEST,BEST,AVG,AVG,POOR,BEST,student_2238,pilot
,Pilot,S2240,10,5,16,15,14,12,8,17,s2240,POOR,POOR,BEST,BEST,AVG,AVG,POOR,BEST,student_2239,pilot
,Pilot,S2241,10,5,16,15,11,12,5,20,s2241,POOR,POOR,BEST,BEST,AVG,AVG,POOR,BEST,student_2240,pilot
,Pilot,S2242,10,6,16,15,12,12,5,19,s2242,POOR,POOR,BEST,BEST,AVG,AVG,POOR,BEST,student_2241,pilot
,Pilot,S2243,5,7,18,15,13,12,6,18,s2243,POOR,POOR,BEST,BEST,AVG,AVG,POOR,BEST,student_2242,pilot
,Pilot,S2244,5,8,17,15,12,12,7,17,s2244,POOR,POOR,BEST,BEST,AVG,AVG,POOR,BEST,student_2243,pilot
,Pilot,S2245,5,8,16,15,14,12,5,20,s2245,POOR,POOR,BEST,BEST,AVG,AVG,POOR,BEST,student_2244,pilot
,Pilot,S2246,5,7,16,15,11,12,5,19,s2246,POOR,POOR,BEST,BEST,AVG,AVG,POOR,BEST,student_2245,pilot
,Pilot,S2247,5,6,18,15,12,12,5,18,s2247,POOR,POOR,BEST,BEST,AVG,AVG,POOR,BEST,student_2246,pilot
,Pilot,S2248,6,5,17,15,13,12,6,17,s2248,POOR,POOR,BEST,BEST,AVG,AVG,POOR,BEST,student_2247,pilot
,Pilot,S2249,7,6,16,15,12,12,7,16,s2249,POOR,POOR,BEST,BEST,AVG,AVG,POOR,BEST,student_2248,pilot
,Pilot,S2250,5,8,16,15,14,12,5,17,s2250,POOR,POOR,BEST,BEST,AVG,AVG,POOR,BEST,student_2249,pilot
,Psychologist,S2251,12,11,5,20,7,18,20,13,s2251,AVG,AVG,POOR,BEST,POOR,BEST,BEST,AVG,student_2250,psychologist
,Psychologist,S2252,12,12,5,20,7,17,17,13,s2252,AVG,AVG,POOR,BEST,POOR,BEST,BEST,AVG,student_2251,psychologist
,Psychologist,S2253,12,13,5,20,7,20,20,12,s2253,AVG,AVG,POOR,BEST,POOR,BEST,BEST,AVG,student_2252,psychologist
,Psychologist,S2254,12,12,5,20,7,19,19,12,s2254,AVG,AVG,POOR,BEST,POOR,BEST,BEST,AVG,student_2253,psychologist
,Psychologist,S2255,12,14,5,19,7,18,18,14,s2255,AVG,AVG,POOR,BEST,POOR,BEST,BEST,AVG,student_2254,psychologist
,Psychologist,S2256,12,11,5,18,7,17,17,11,s2256,AVG,AVG,POOR,BEST,POOR,BEST,BEST,AVG,student_2255,psychologist
,Psychologist,S2257,11,12,5,17,7,20,20,11,s2257,AVG,AVG,POOR,BEST,POOR,BEST,BEST,AVG,student_2256,psychologist
,Psychologist,S2258,12,13,5,20,7,18,19,13,s2258,AVG,AVG,POOR,BEST,POOR,BEST,BEST,AVG,student_2257,psychologist
,Psychologist,S2259,13,12,5,19,7,17,18,13,s2259,AVG,AVG,POOR,BEST,POOR,BEST,BEST,AVG,student_2258,psychologist
,Psychologist,S2260,12,14,5,18,7,20,20,12,s2260,AVG,AVG,POOR,BEST,POOR,BEST,BEST,AVG,student_2259,psychologist
,Psychologist,S2261,14,11,5,17,7,19,17,12,s2261,AVG,AVG,POOR,BEST,POOR,BEST,BEST,AVG,student_2260,psychologist
,Psychologist,S2262,11,12,5,20,7,18,20,14,s2262,AVG,AVG,POOR,BEST,POOR,BEST,BEST,AVG,student_2261,psychologist
,Psychologist,S2263,12,13,5,20,7,17,19,11,s2263,AVG,AVG,POOR,BEST,POOR,BEST,BEST,AVG,student_2262,psychologist
,Psychologist,S2264,13,12,5,20,7,20,18,11,s2264,AVG,AVG,POOR,BEST,POOR,BEST,BEST,AVG,student_2263,psychologist
,Psychologist,S2265,12,14,5,20,7,18,17,13,s2265,AVG,AVG,POOR,BEST,POOR,BEST,BEST,AVG,student_2264,psychologist
,Psychologist,S2266,14,11,5,20,7,17,20,13,s2266,AVG,AVG,POOR,BEST,POOR,BEST,BEST,AVG,student_2265,psychologist
,Psychologist,S2267,11,11,5,19,7,20,19,12,s2267,AVG,AVG,POOR,BEST,POOR,BEST,BEST,AVG,student_2266,psychologist
,Psychologist,S2268,12,11,5,19,6,19,18,12,s2268,AVG,AVG,POOR,BEST,POOR,BEST,BEST,AVG,student_2267,psychologist
,Psychologist,S2269,13,11,5,19,6,18,20,14,s2269,AVG,AVG,POOR,BEST,POOR,BEST,BEST,AVG,student_2268,psychologist
,Psychologist,S2270,12,11,5,19,6,17,17,11,s2270,AVG,AVG,POOR,BEST,POOR,BEST,BEST,AVG,student_2269,psychologist
,Psychologist,S2271,14,11,5,19,6,20,20,11,s2271,AVG,AVG,POOR,BEST,POOR,BEST,BEST,AVG,student_2270,psychologist
,Psychologist,S2272,14,12,5,19,6,18,19,13,s2272,AVG,AVG,POOR,BEST,POOR,BEST,BEST,AVG,student_2271,psychologist
,Psychologist,S2273,14,12,5,18,6,17,18,13,s2273,AVG,AVG,POOR,BEST,POOR,BEST,BEST,AVG,student_2272,psychologist
,Psychologist,S2274,14,11,6,17,6,20,17,13,s2274,AVG,AVG,POOR,BEST,POOR,BEST,BEST,AVG,student_2273,psychologist
,Psychologist,S2275,14,12,6,20,6,19,20,12,s2275,AVG,AVG,POOR,BEST,POOR,BEST,BEST,AVG,student_2274,psychologist
,Psychologist,S2276,14,13,6,19,6,18,19,12,s2276,AVG,AVG,POOR,BEST,POOR,BEST,BEST,AVG,student_2275,psychologist
,Psychologist,S2277,14,12,6,18,6,17,18,14,s2277,AVG,AVG,POOR,BEST,POOR,BEST,BEST,AVG,student_2276,psychologist
,Psychologist,S2278,14,14,6,17,6,20,20,11,s2278,AVG,AVG,POOR,BEST,POOR,BEST,BEST,AVG,student_2277,psychologist
,Psychologist,S2279,11,11,6,19,6,18,17,11,s2279,AVG,AVG,POOR,BEST,POOR,BEST,BEST,AVG,student_2278,psychologist
,Psychologist,S2280,12,12,6,19,6,17,20,13,s2280,AVG,AVG,POOR,BEST,POOR,BEST,BEST,AVG,student_2279,psychologist
,Psychologist,S2281,13,13,6,19,6,20,19,13,s2281,AVG,AVG,POOR,BEST,POOR,BEST,BEST,AVG,student_2280,psychologist
,Psychologist,S2282,12,12,6,19,9,19,18,13,s2282,AVG,AVG,POOR,BEST,POOR,BEST,BEST,AVG,student_2281,psychologist
,Psychologist,S2283,14,14,6,18,9,18,17,12,s2283,AVG,AVG,POOR,BEST,POOR,BEST,BEST,AVG,student_2282,psychologist
,Psychologist,S2284,11,11,6,17,9,17,20,12,s2284,AVG,AVG,POOR,BEST,POOR,BEST,BEST,AVG,student_2283,psychologist
,Psychologist,S2285,12,12,6,20,9,20,19,14,s2285,AVG,AVG,POOR,BEST,POOR,BEST,BEST,AVG,student_2284,psychologist
,Psychologist,S2286,13,13,6,19,9,18,18,11,s2286,AVG,AVG,POOR,BEST,POOR,BEST,BEST,AVG,student_2285,psychologist
,Psychologist,S2287,12,12,6,18,9,17,20,11,s2287,AVG,AVG,POOR,BEST,POOR,BEST,BEST,AVG,student_2286,psychologist
,Psychologist,S2288,14,14,6,17,9,20,17,13,s2288,AVG,AVG,POOR,BEST,POOR,BEST,BEST,AVG,student_2287,psychologist
,Psychologist,S2289,11,11,6,18,9,19,20,13,s2289,AVG,AVG,POOR,BEST,POOR,BEST,BEST,AVG,student_2288,psychologist
,Psychologist,S2290,12,11,6,18,9,18,19,13,s2290,AVG,AVG,POOR,BEST,POOR,BEST,BEST,AVG,student_2289,psychologist
,Psychologist,S2291,13,11,6,18,9,17,18,12,s2291,AVG,AVG,POOR,BEST,POOR,BEST,BEST,AVG,student_2290,psychologist
,Psychologist,S2292,12,11,9,19,9,20,17,12,s2292,AVG,AVG,POOR,BEST,POOR,BEST,BEST,AVG,student_2291,psychologist
,Psychologist,S2293,14,11,9,18,10,18,20,14,s2293,AVG,AVG,POOR,BEST,POOR,BEST,BEST,AVG,student_2292,psychologist
,Psychologist,S2294,13,11,9,17,10,17,19,13,s2294,AVG,AVG,POOR,BEST,POOR,BEST,BEST,AVG,student_2293,psychologist
,Psychologist,S2295,12,11,9,20,10,20,20,13,s2295,AVG,AVG,POOR,BEST,POOR,BEST,BEST,AVG,student_2294,psychologist
,Psychologist,S2296,13,12,9,19,10,19,19,12,s2296,AVG,AVG,POOR,BEST,POOR,BEST,BEST,AVG,student_2295,psychologist
,Psychologist,S2297,12,13,9,18,10,18,18,12,s2297,AVG,AVG,POOR,BEST,POOR,BEST,BEST,AVG,student_2296,psychologist
,Psychologist,S2298,14,12,9,17,10,17,17,14,s2298,AVG,AVG,POOR,BEST,POOR,BEST,BEST,AVG,student_2297,psychologist
,Psychologist,S2299,13,14,9,17,10,20,18,11,s2299,AVG,AVG,POOR,BEST,POOR,BEST,BEST,AVG,student_2298,psychologist
,Psychologist,S2300,13,11,9,17,10,17,15,11,s2300,AVG,AVG,POOR,BEST,POOR,BEST,BEST,AVG,student_2299,psychologist
,Philosopher,S2301,12,5,7,20,5,18,20,12,s2301,AVG,POOR,POOR,BEST,POOR,BEST,BEST,AVG,student_2300,philosopher
,Philosopher,S2302,12,5,7,19,5,19,19,12,s2302,AVG,POOR,POOR,BEST,POOR,BEST,BEST,AVG,student_2301,philosopher
,Philosopher,S2303,13,5,8,18,5,18,18,12,s2303,AVG,POOR,POOR,BEST,POOR,BEST,BEST,AVG,student_2302,philosopher
,Philosopher,S2304,13,5,8,17,5,17,17,12,s2304,AVG,POOR,POOR,BEST,POOR,BEST,BEST,AVG,student_2303,philosopher
,Philosopher,S2305,12,5,9,16,5,20,16,12,s2305,AVG,POOR,POOR,BEST,POOR,BEST,BEST,AVG,student_2304,philosopher
,Philosopher,S2306,12,5,9,15,5,19,15,12,s2306,AVG,POOR,POOR,BEST,POOR,BEST,BEST,AVG,student_2305,philosopher
,Philosopher,S2307,14,7,7,20,5,18,20,12,s2307,AVG,POOR,POOR,BEST,POOR,BEST,BEST,AVG,student_2306,philosopher
,Philosopher,S2308,11,8,7,19,5,17,19,12,s2308,AVG,POOR,POOR,BEST,POOR,BEST,BEST,AVG,student_2307,philosopher
,Philosopher,S2309,11,8,8,18,5,18,18,12,s2309,AVG,POOR,POOR,BEST,POOR,BEST,BEST,AVG,student_2308,philosopher
,Philosopher,S2310,12,9,8,17,5,18,17,12,s2310,AVG,POOR,POOR,BEST,POOR,BEST,BEST,AVG,student_2309,philosopher
,Philosopher,S2311,12,9,9,16,5,18,16,12,s2311,AVG,POOR,POOR,BEST,POOR,BEST,BEST,AVG,student_2310,philosopher
,Philosopher,S2312,12,7,9,15,5,18,15,12,s2312,AVG,POOR,POOR,BEST,POOR,BEST,BEST,AVG,student_2311,philosopher
,Philosopher,S2313,13,5,7,20,5,19,20,12,s2313,AVG,POOR,POOR,BEST,POOR,BEST,BEST,AVG,student_2312,philosopher
,Philosopher,S2314,13,5,7,19,5,18,19,12,s2314,AVG,POOR,POOR,BEST,POOR,BEST,BEST,AVG,student_2313,philosopher
,Philosopher,S2315,12,7,8,18,5,17,18,12,s2315,AVG,POOR,POOR,BEST,POOR,BEST,BEST,AVG,student_2314,philosopher
,Philosopher,S2316,12,8,8,17,5,20,17,12,s2316,AVG,POOR,POOR,BEST,POOR,BEST,BEST,AVG,student_2315,philosopher
,Philosopher,S2317,14,8,9,16,5,19,16,12,s2317,AVG,POOR,POOR,BEST,POOR,BEST,BEST,AVG,student_2316,philosopher
,Philosopher,S2318,11,9,9,15,5,18,15,12,s2318,AVG,POOR,POOR,BEST,POOR,BEST,BEST,AVG,student_2317,philosopher
,Philosopher,S2319,11,9,7,20,5,17,20,12,s2319,AVG,POOR,POOR,BEST,POOR,BEST,BEST,AVG,student_2318,philosopher
,Philosopher,S2320,12,7,7,19,5,19,19,12,s2320,AVG,POOR,POOR,BEST,POOR,BEST,BEST,AVG,student_2319,philosopher
,Philosopher,S2321,13,5,8,18,5,19,18,12,s2321,AVG,POOR,POOR,BEST,POOR,BEST,BEST,AVG,student_2320,philosopher
,Philosopher,S2322,13,5,8,17,5,19,17,14,s2322,AVG,POOR,POOR,BEST,POOR,BEST,BEST,AVG,student_2321,philosopher
,Philosopher,S2323,12,5,9,16,5,18,16,14,s2323,AVG,POOR,POOR,BEST,POOR,BEST,BEST,AVG,student_2322,philosopher
,Philosopher,S2324,12,7,9,15,6,17,15,14,s2324,AVG,POOR,POOR,BEST,POOR,BEST,BEST,AVG,student_2323,philosopher
,Philosopher,S2325,14,8,7,20,6,20,20,14,s2325,AVG,POOR,POOR,BEST,POOR,BEST,BEST,AVG,student_2324,philosopher
,Philosopher,S2326,11,8,7,19,6,19,19,14,s2326,AVG,POOR,POOR,BEST,POOR,BEST,BEST,AVG,student_2325,philosopher
,Philosopher,S2327,13,9,8,18,6,18,18,14,s2327,AVG,POOR,POOR,BEST,POOR,BEST,BEST,AVG,student_2326,philosopher
,Philosopher,S2328,14,9,8,17,6,17,17,14,s2328,AVG,POOR,POOR,BEST,POOR,BEST,BEST,AVG,student_2327,philosopher
,Philosopher,S2329,13,7,9,16,6,19,16,14,s2329,AVG,POOR,POOR,BEST,POOR,BEST,BEST,AVG,student_2328,philosopher
,Philosopher,S2330,11,6,9,15,6,19,15,14,s2330,AVG,POOR,POOR,BEST,POOR,BEST,BEST,AVG,student_2329,philosopher
,Philosopher,S2331,13,6,7,20,6,19,20,14,s2331,AVG,POOR,POOR,BEST,POOR,BEST,BEST,AVG,student_2330,philosopher
,Philosopher,S2332,12,6,7,19,6,15,19,14,s2332,AVG,POOR,POOR,BEST,POOR,BEST,BEST,AVG,student_2331,philosopher
,Philosopher,S2333,13,6,8,18,6,15,18,14,s2333,AVG,POOR,POOR,BEST,POOR,BEST,BEST,AVG,student_2332,philosopher
,Philosopher,S2334,13,6,8,17,6,15,17,14,s2334,AVG,POOR,POOR,BEST,POOR,BEST,BEST,AVG,student_2333,philosopher
,Philosopher,S2335,12,6,9,16,6,19,16,14,s2335,AVG,POOR,POOR,BEST,POOR,BEST,BEST,AVG,student_2334,philosopher
,Philosopher,S2336,12,6,9,15,6,18,15,14,s2336,AVG,POOR,POOR,BEST,POOR,BEST,BEST,AVG,student_2335,philosopher
,Philosopher,S2337,14,6,7,20,6,17,20,14,s2337,AVG,POOR,POOR,BEST,POOR,BEST,BEST,AVG,student_2336,philosopher
,Philosopher,S2338,11,6,7,19,6,20,19,13,s2338,AVG,POOR,POOR,BEST,POOR,BEST,BEST,AVG,student_2337,philosopher
,Philosopher,S2339,11,6,8,18,6,19,18,13,s2339,AVG,POOR,POOR,BEST,POOR,BEST,BEST,AVG,student_2338,philosopher
,Philosopher,S2340,13,6,8,17,6,18,17,13,s2340,AVG,POOR,POOR,BEST,POOR,BEST,BEST,AVG,student_2339,philosopher
,Philosopher,S2341,13,6,9,16,6,17,16,13,s2341,AVG,POOR,POOR,BEST,POOR,BEST,BEST,AVG,student_2340,philosopher
,Philosopher,S2342,13,9,9,15,9,15,15,13,s2342,AVG,POOR,POOR,BEST,POOR,BEST,BEST,AVG,student_2341,philosopher
,Philosopher,S2343,13,9,7,20,9,19,20,13,s2343,AVG,POOR,POOR,BEST,POOR,BEST,BEST,AVG,student_2342,philosopher
,Philosopher,S2344,12,9,7,19,9,18,19,13,s2344,AVG,POOR,POOR,BEST,POOR,BEST,BEST,AVG,student_2343,philosopher
,Philosopher,S2345,12,9,8,18,9,17,18,13,s2345,AVG,POOR,POOR,BEST,POOR,BEST,BEST,AVG,student_2344,philosopher
,Philosopher,S2346,14,9,8,17,9,20,17,13,s2346,AVG,POOR,POOR,BEST,POOR,BEST,BEST,AVG,student_2345,philosopher
,Philosopher,S2347,11,9,9,16,9,19,16,13,s2347,AVG,POOR,POOR,BEST,POOR,BEST,BEST,AVG,student_2346,philosopher
,Philosopher,S2348,11,9,9,15,9,18,15,13,s2348,AVG,POOR,POOR,BEST,POOR,BEST,BEST,AVG,student_2347,philosopher
,Philosopher,S2349,13,9,8,17,9,17,17,13,s2349,AVG,POOR,POOR,BEST,POOR,BEST,BEST,AVG,student_2348,philosopher
,Philosopher,S2350,11,9,6,16,9,16,16,13,s2350,AVG,POOR,POOR,BEST,POOR,BEST,BEST,AVG,student_2349,philosopher
,Writer,S2351,18,12,7,20,5,12,20,12,s2351,BEST,AVG,POOR,BEST,POOR,AVG,BEST,AVG,student_2350,writer
,Writer,S2352,19,12,7,19,5,12,19,12,s2352,BEST,AVG,POOR,BEST,POOR,AVG,BEST,AVG,student_2351,writer
,Writer,S2353,18,12,8,18,5,12,18,12,s2353,BEST,AVG,POOR,BEST,POOR,AVG,BEST,AVG,student_2352,writer
,Writer,S2354,17,12,8,17,5,12,17,12,s2354,BEST,AVG,POOR,BEST,POOR,AVG,BEST,AVG,student_2353,writer
,Writer,S2355,20,12,9,16,5,12,16,12,s2355,BEST,AVG,POOR,BEST,POOR,AVG,BEST,AVG,student_2354,writer
,Writer,S2356,19,12,9,15,5,12,15,12,s2356,BEST,AVG,POOR,BEST,POOR,AVG,BEST,AVG,student_2355,writer
,Writer,S2357,18,12,7,20,5,12,20,12,s2357,BEST,AVG,POOR,BEST,POOR,AVG,BEST,AVG,student_2356,writer
,Writer,S2358,17,12,7,19,5,12,19,12,s2358,BEST,AVG,POOR,BEST,POOR,AVG,BEST,AVG,student_2357,writer
,Writer,S2359,18,12,8,18,5,12,18,12,s2359,BEST,AVG,POOR,BEST,POOR,AVG,BEST,AVG,student_2358,writer
,Writer,S2360,19,12,8,17,5,12,17,12,s2360,BEST,AVG,POOR,BEST,POOR,AVG,BEST,AVG,student_2359,writer
,Writer,S2361,18,12,9,16,5,12,16,12,s2361,BEST,AVG,POOR,BEST,POOR,AVG,BEST,AVG,student_2360,writer
,Writer,S2362,17,12,9,15,5,12,15,12,s2362,BEST,AVG,POOR,BEST,POOR,AVG,BEST,AVG,student_2361,writer
,Writer,S2363,20,12,7,20,5,12,20,12,s2363,BEST,AVG,POOR,BEST,POOR,AVG,BEST,AVG,student_2362,writer
,Writer,S2364,19,12,7,19,5,12,19,12,s2364,BEST,AVG,POOR,BEST,POOR,AVG,BEST,AVG,student_2363,writer
,Writer,S2365,18,12,8,18,5,12,18,12,s2365,BEST,AVG,POOR,BEST,POOR,AVG,BEST,AVG,student_2364,writer
,Writer,S2366,17,12,8,17,5,12,17,12,s2366,BEST,AVG,POOR,BEST,POOR,AVG,BEST,AVG,student_2365,writer
,Writer,S2367,18,12,9,16,5,12,16,12,s2367,BEST,AVG,POOR,BEST,POOR,AVG,BEST,AVG,student_2366,writer
,Writer,S2368,19,12,9,15,5,12,15,12,s2368,BEST,AVG,POOR,BEST,POOR,AVG,BEST,AVG,student_2367,writer
,Writer,S2369,18,12,7,20,5,12,20,12,s2369,BEST,AVG,POOR,BEST,POOR,AVG,BEST,AVG,student_2368,writer
,Writer,S2370,17,12,7,19,5,12,19,12,s2370,BEST,AVG,POOR,BEST,POOR,AVG,BEST,AVG,student_2369,writer
,Writer,S2371,20,12,8,18,5,12,18,12,s2371,BEST,AVG,POOR,BEST,POOR,AVG,BEST,AVG,student_2370,writer
,Writer,S2372,19,14,8,17,5,14,17,14,s2372,BEST,AVG,POOR,BEST,POOR,AVG,BEST,AVG,student_2371,writer
,Writer,S2373,18,14,9,16,5,14,16,14,s2373,BEST,AVG,POOR,BEST,POOR,AVG,BEST,AVG,student_2372,writer
,Writer,S2374,17,14,9,15,6,14,15,14,s2374,BEST,AVG,POOR,BEST,POOR,AVG,BEST,AVG,student_2373,writer
,Writer,S2375,19,14,7,20,6,14,20,14,s2375,BEST,AVG,POOR,BEST,POOR,AVG,BEST,AVG,student_2374,writer
,Writer,S2376,19,14,7,19,6,14,19,14,s2376,BEST,AVG,POOR,BEST,POOR,AVG,BEST,AVG,student_2375,writer
,Writer,S2377,19,14,8,18,6,14,18,14,s2377,BEST,AVG,POOR,BEST,POOR,AVG,BEST,AVG,student_2376,writer
,Writer,S2378,18,14,8,17,6,14,17,14,s2378,BEST,AVG,POOR,BEST,POOR,AVG,BEST,AVG,student_2377,writer
,Writer,S2379,17,14,9,16,6,14,16,14,s2379,BEST,AVG,POOR,BEST,POOR,AVG,BEST,AVG,student_2378,writer
,Writer,S2380,20,14,9,15,6,14,15,14,s2380,BEST,AVG,POOR,BEST,POOR,AVG,BEST,AVG,student_2379,writer
,Writer,S2381,19,14,7,20,6,14,20,14,s2381,BEST,AVG,POOR,BEST,POOR,AVG,BEST,AVG,student_2380,writer
,Writer,S2382,18,14,7,19,6,14,19,14,s2382,BEST,AVG,POOR,BEST,POOR,AVG,BEST,AVG,student_2381,writer
,Writer,S2383,17,14,8,18,6,14,18,14,s2383,BEST,AVG,POOR,BEST,POOR,AVG,BEST,AVG,student_2382,writer
,Writer,S2384,15,14,8,17,6,14,17,14,s2384,BEST,AVG,POOR,BEST,POOR,AVG,BEST,AVG,student_2383,writer
,Writer,S2385,15,14,9,16,6,14,16,14,s2385,BEST,AVG,POOR,BEST,POOR,AVG,BEST,AVG,student_2384,writer
,Writer,S2386,15,14,9,15,6,14,15,14,s2386,BEST,AVG,POOR,BEST,POOR,AVG,BEST,AVG,student_2385,writer
,Writer,S2387,19,14,7,20,6,14,20,14,s2387,BEST,AVG,POOR,BEST,POOR,AVG,BEST,AVG,student_2386,writer
,Writer,S2388,18,13,7,19,6,13,19,13,s2388,BEST,AVG,POOR,BEST,POOR,AVG,BEST,AVG,student_2387,writer
,Writer,S2389,17,13,8,18,6,13,18,13,s2389,BEST,AVG,POOR,BEST,POOR,AVG,BEST,AVG,student_2388,writer
,Writer,S2390,20,13,8,17,6,13,17,13,s2390,BEST,AVG,POOR,BEST,POOR,AVG,BEST,AVG,student_2389,writer
,Writer,S2391,19,13,9,16,6,13,16,13,s2391,BEST,AVG,POOR,BEST,POOR,AVG,BEST,AVG,student_2390,writer
,Writer,S2392,18,13,9,15,9,13,15,13,s2392,BEST,AVG,POOR,BEST,POOR,AVG,BEST,AVG,student_2391,writer
,Writer,S2393,17,13,7,20,9,13,20,13,s2393,BEST,AVG,POOR,BEST,POOR,AVG,BEST,AVG,student_2392,writer
,Writer,S2394,16,13,7,19,9,13,19,13,s2394,BEST,AVG,POOR,BEST,POOR,AVG,BEST,AVG,student_2393,writer
,Writer,S2395,16,13,8,18,9,13,18,13,s2395,BEST,AVG,POOR,BEST,POOR,AVG,BEST,AVG,student_2394,writer
,Writer,S2396,16,13,8,17,9,13,17,13,s2396,BEST,AVG,POOR,BEST,POOR,AVG,BEST,AVG,student_2395,writer
,Writer,S2397,16,13,9,16,9,13,16,13,s2397,BEST,AVG,POOR,BEST,POOR,AVG,BEST,AVG,student_2396,writer
,Writer,S2398,16,13,9,15,9,13,15,13,s2398,BEST,AVG,POOR,BEST,POOR,AVG,BEST,AVG,student_2397,writer
,Writer,S2399,16,13,8,17,9,13,17,13,s2399,BEST,AVG,POOR,BEST,POOR,AVG,BEST,AVG,student_2398,writer
,Writer,S2400,16,13,6,16,9,13,16,13,s2400,BEST,AVG,POOR,BEST,POOR,AVG,BEST,AVG,student_2399,writer
,Criminologist,S2401,5,7,12,20,11,18,20,12,s2401,POOR,POOR,AVG,BEST,AVG,BEST,BEST,AVG,student_2400,criminologist
,Criminologist,S2402,6,7,11,19,12,16,19,13,s2402,POOR,POOR,AVG,BEST,AVG,BEST,BEST,AVG,student_2401,criminologist
,Criminologist,S2403,8,8,13,18,13,18,18,12,s2403,POOR,POOR,AVG,BEST,AVG,BEST,BEST,AVG,student_2402,criminologist
,Criminologist,S2404,9,8,14,17,14,16,17,14,s2404,POOR,POOR,AVG,BEST,AVG,BEST,BEST,AVG,student_2403,criminologist
,Criminologist,S2405,10,9,11,16,13,15,16,12,s2405,POOR,POOR,AVG,BEST,AVG,BEST,BEST,AVG,student_2404,criminologist
,Criminologist,S2406,5,9,12,15,12,18,15,11,s2406,POOR,POOR,AVG,BEST,AVG,BEST,BEST,AVG,student_2405,criminologist
,Criminologist,S2407,6,7,13,20,11,19,20,12,s2407,POOR,POOR,AVG,BEST,AVG,BEST,BEST,AVG,student_2406,criminologist
,Criminologist,S2408,8,7,14,19,11,18,19,11,s2408,POOR,POOR,AVG,BEST,AVG,BEST,BEST,AVG,student_2407,criminologist
,Criminologist,S2409,9,8,13,18,12,18,18,12,s2409,POOR,POOR,AVG,BEST,AVG,BEST,BEST,AVG,student_2408,criminologist
,Criminologist,S2410,10,8,11,17,13,18,17,13,s2410,POOR,POOR,AVG,BEST,AVG,BEST,BEST,AVG,student_2409,criminologist
,Criminologist,S2411,5,9,12,16,14,18,16,12,s2411,POOR,POOR,AVG,BEST,AVG,BEST,BEST,AVG,student_2410,criminologist
,Criminologist,S2412,6,9,14,15,13,18,15,12,s2412,POOR,POOR,AVG,BEST,AVG,BEST,BEST,AVG,student_2411,criminologist
,Criminologist,S2413,8,7,12,20,12,16,20,12,s2413,POOR,POOR,AVG,BEST,AVG,BEST,BEST,AVG,student_2412,criminologist
,Criminologist,S2414,9,7,12,19,11,15,19,12,s2414,POOR,POOR,AVG,BEST,AVG,BEST,BEST,AVG,student_2413,criminologist
,Criminologist,S2415,10,8,11,18,11,18,18,12,s2415,POOR,POOR,AVG,BEST,AVG,BEST,BEST,AVG,student_2414,criminologist
,Criminologist,S2416,5,8,13,17,12,19,17,12,s2416,POOR,POOR,AVG,BEST,AVG,BEST,BEST,AVG,student_2415,criminologist
,Criminologist,S2417,6,9,14,16,13,18,16,12,s2417,POOR,POOR,AVG,BEST,AVG,BEST,BEST,AVG,student_2416,criminologist
,Criminologist,S2418,8,9,11,15,14,18,15,12,s2418,POOR,POOR,AVG,BEST,AVG,BEST,BEST,AVG,student_2417,criminologist
,Criminologist,S2419,9,7,12,20,13,19,20,12,s2419,POOR,POOR,AVG,BEST,AVG,BEST,BEST,AVG,student_2418,criminologist
,Criminologist,S2420,10,7,13,19,12,18,19,12,s2420,POOR,POOR,AVG,BEST,AVG,BEST,BEST,AVG,student_2419,criminologist
,Criminologist,S2421,5,8,14,18,11,16,18,12,s2421,POOR,POOR,AVG,BEST,AVG,BEST,BEST,AVG,student_2420,criminologist
,Criminologist,S2422,7,8,13,17,11,15,17,14,s2422,POOR,POOR,AVG,BEST,AVG,BEST,BEST,AVG,student_2421,criminologist
,Criminologist,S2423,6,9,11,16,12,18,16,14,s2423,POOR,POOR,AVG,BEST,AVG,BEST,BEST,AVG,student_2422,criminologist
,Criminologist,S2424,5,9,12,15,13,19,15,14,s2424,POOR,POOR,AVG,BEST,AVG,BEST,BEST,AVG,student_2423,criminologist
,Criminologist,S2425,8,7,14,20,14,19,20,14,s2425,POOR,POOR,AVG,BEST,AVG,BEST,BEST,AVG,student_2424,criminologist
,Criminologist,S2426,9,7,12,19,13,19,19,14,s2426,POOR,POOR,AVG,BEST,AVG,BEST,BEST,AVG,student_2425,criminologist
,Criminologist,S2427,5,8,11,18,12,19,18,14,s2427,POOR,POOR,AVG,BEST,AVG,BEST,BEST,AVG,student_2426,criminologist
,Criminologist,S2428,6,8,13,17,11,19,17,14,s2428,POOR,POOR,AVG,BEST,AVG,BEST,BEST,AVG,student_2427,criminologist
,Criminologist,S2429,8,9,14,16,11,19,16,14,s2429,POOR,POOR,AVG,BEST,AVG,BEST,BEST,AVG,student_2428,criminologist
,Criminologist,S2430,9,9,11,15,12,19,15,14,s2430,POOR,POOR,AVG,BEST,AVG,BEST,BEST,AVG,student_2429,criminologist
,Criminologist,S2431,10,7,12,20,13,19,20,14,s2431,POOR,POOR,AVG,BEST,AVG,BEST,BEST,AVG,student_2430,criminologist
,Criminologist,S2432,5,7,13,19,14,15,19,14,s2432,POOR,POOR,AVG,BEST,AVG,BEST,BEST,AVG,student_2431,criminologist
,Criminologist,S2433,7,8,14,18,13,18,18,14,s2433,POOR,POOR,AVG,BEST,AVG,BEST,BEST,AVG,student_2432,criminologist
,Criminologist,S2434,6,8,13,17,12,16,17,14,s2434,POOR,POOR,AVG,BEST,AVG,BEST,BEST,AVG,student_2433,criminologist
,Criminologist,S2435,5,9,11,16,11,15,16,14,s2435,POOR,POOR,AVG,BEST,AVG,BEST,BEST,AVG,student_2434,criminologist
,Criminologist,S2436,8,9,12,15,14,18,15,14,s2436,POOR,POOR,AVG,BEST,AVG,BEST,BEST,AVG,student_2435,criminologist
,Criminologist,S2437,9,7,14,20,14,19,20,14,s2437,POOR,POOR,AVG,BEST,AVG,BEST,BEST,AVG,student_2436,criminologist
,Criminologist,S2438,5,7,12,19,13,15,19,13,s2438,POOR,POOR,AVG,BEST,AVG,BEST,BEST,AVG,student_2437,criminologist
,Criminologist,S2439,6,8,11,18,13,15,18,13,s2439,POOR,POOR,AVG,BEST,AVG,BEST,BEST,AVG,student_2438,criminologist
,Criminologist,S2440,8,8,13,17,13,15,17,13,s2440,POOR,POOR,AVG,BEST,AVG,BEST,BEST,AVG,student_2439,criminologist
,Criminologist,S2441,9,9,14,16,13,15,16,13,s2441,POOR,POOR,AVG,BEST,AVG,BEST,BEST,AVG,student_2440,criminologist
,Criminologist,S2442,10,9,11,15,13,15,15,13,s2442,POOR,POOR,AVG,BEST,AVG,BEST,BEST,AVG,student_2441,criminologist
,Criminologist,S2443,5,7,12,20,13,16,20,13,s2443,POOR,POOR,AVG,BEST,AVG,BEST,BEST,AVG,student_2442,criminologist
,Criminologist,S2444,7,7,13,19,13,16,19,13,s2444,POOR,POOR,AVG,BEST,AVG,BEST,BEST,AVG,student_2443,criminologist
,Criminologist,S2445,6,8,14,18,13,18,18,13,s2445,POOR,POOR,AVG,BEST,AVG,BEST,BEST,AVG,student_2444,criminologist
,Criminologist,S2446,5,8,13,17,13,16,17,13,s2446,POOR,POOR,AVG,BEST,AVG,BEST,BEST,AVG,student_2445,criminologist
,Criminologist,S2447,8,9,11,16,13,15,16,13,s2447,POOR,POOR,AVG,BEST,AVG,BEST,BEST,AVG,student_2446,criminologist
,Criminologist,S2448,9,9,12,15,13,18,15,13,s2448,POOR,POOR,AVG,BEST,AVG,BEST,BEST,AVG,student_2447,criminologist
,Criminologist,S2449,7,8,14,17,13,19,17,13,s2449,POOR,POOR,AVG,BEST,AVG,BEST,BEST,AVG,student_2448,criminologist
,Criminologist,S2450,9,6,13,16,13,16,16,13,s2450,POOR,POOR,AVG,BEST,AVG,BEST,BEST,AVG,student_2449,criminologist
,Company secretary,S2451,20,7,12,17,12,20,18,5,s2451,BEST,POOR,AVG,BEST,AVG,BEST,BEST,POOR,student_2450,company secretary
,Company secretary,S2452,19,7,12,16,11,19,17,5,s2452,BEST,POOR,AVG,BEST,AVG,BEST,BEST,POOR,student_2451,company secretary
,Company secretary,S2453,18,8,12,15,13,18,16,5,s2453,BEST,POOR,AVG,BEST,AVG,BEST,BEST,POOR,student_2452,company secretary
,Company secretary,S2454,17,8,12,20,14,17,15,5,s2454,BEST,POOR,AVG,BEST,AVG,BEST,BEST,POOR,student_2453,company secretary
,Company secretary,S2455,16,9,12,19,11,16,20,5,s2455,BEST,POOR,AVG,BEST,AVG,BEST,BEST,POOR,student_2454,company secretary
,Company secretary,S2456,15,9,12,18,12,15,19,5,s2456,BEST,POOR,AVG,BEST,AVG,BEST,BEST,POOR,student_2455,company secretary
,Company secretary,S2457,20,7,12,17,13,20,18,5,s2457,BEST,POOR,AVG,BEST,AVG,BEST,BEST,POOR,student_2456,company secretary
,Company secretary,S2458,19,7,12,16,14,19,17,5,s2458,BEST,POOR,AVG,BEST,AVG,BEST,BEST,POOR,student_2457,company secretary
,Company secretary,S2459,18,8,12,17,13,18,16,5,s2459,BEST,POOR,AVG,BEST,AVG,BEST,BEST,POOR,student_2458,company secretary
,Company secretary,S2460,17,8,12,16,11,17,17,5,s2460,BEST,POOR,AVG,BEST,AVG,BEST,BEST,POOR,student_2459,company secretary
,Company secretary,S2461,16,9,12,15,12,16,16,5,s2461,BEST,POOR,AVG,BEST,AVG,BEST,BEST,POOR,student_2460,company secretary
,Company secretary,S2462,15,9,12,20,14,15,15,5,s2462,BEST,POOR,AVG,BEST,AVG,BEST,BEST,POOR,student_2461,company secretary
,Company secretary,S2463,20,7,12,19,12,20,20,5,s2463,BEST,POOR,AVG,BEST,AVG,BEST,BEST,POOR,student_2462,company secretary
,Company secretary,S2464,19,7,12,18,12,19,19,5,s2464,BEST,POOR,AVG,BEST,AVG,BEST,BEST,POOR,student_2463,company secretary
,Company secretary,S2465,18,8,12,17,11,18,18,5,s2465,BEST,POOR,AVG,BEST,AVG,BEST,BEST,POOR,student_2464,company secretary
,Company secretary,S2466,17,8,12,16,13,17,17,5,s2466,BEST,POOR,AVG,BEST,AVG,BEST,BEST,POOR,student_2465,company secretary
,Company secretary,S2467,16,9,12,17,14,16,16,5,s2467,BEST,POOR,AVG,BEST,AVG,BEST,BEST,POOR,student_2466,company secretary
,Company secretary,S2468,15,9,12,16,11,15,17,5,s2468,BEST,POOR,AVG,BEST,AVG,BEST,BEST,POOR,student_2467,company secretary
,Company secretary,S2469,20,7,12,15,12,20,16,5,s2469,BEST,POOR,AVG,BEST,AVG,BEST,BEST,POOR,student_2468,company secretary
,Company secretary,S2470,19,7,12,20,13,19,15,5,s2470,BEST,POOR,AVG,BEST,AVG,BEST,BEST,POOR,student_2469,company secretary
,Company secretary,S2471,18,8,12,19,14,18,20,5,s2471,BEST,POOR,AVG,BEST,AVG,BEST,BEST,POOR,student_2470,company secretary
,Company secretary,S2472,17,8,14,18,13,17,19,5,s2472,BEST,POOR,AVG,BEST,AVG,BEST,BEST,POOR,student_2471,company secretary
,Company secretary,S2473,16,9,14,17,11,16,18,5,s2473,BEST,POOR,AVG,BEST,AVG,BEST,BEST,POOR,student_2472,company secretary
,Company secretary,S2474,15,9,14,16,12,15,17,6,s2474,BEST,POOR,AVG,BEST,AVG,BEST,BEST,POOR,student_2473,company secretary
,Company secretary,S2475,20,7,14,17,14,20,16,6,s2475,BEST,POOR,AVG,BEST,AVG,BEST,BEST,POOR,student_2474,company secretary
,Company secretary,S2476,19,7,14,16,12,19,17,6,s2476,BEST,POOR,AVG,BEST,AVG,BEST,BEST,POOR,student_2475,company secretary
,Company secretary,S2477,18,8,14,15,11,18,16,6,s2477,BEST,POOR,AVG,BEST,AVG,BEST,BEST,POOR,student_2476,company secretary
,Company secretary,S2478,17,8,14,20,13,17,15,6,s2478,BEST,POOR,AVG,BEST,AVG,BEST,BEST,POOR,student_2477,company secretary
,Company secretary,S2479,16,9,14,19,14,16,20,6,s2479,BEST,POOR,AVG,BEST,AVG,BEST,BEST,POOR,student_2478,company secretary
,Company secretary,S2480,15,9,14,18,11,15,19,6,s2480,BEST,POOR,AVG,BEST,AVG,BEST,BEST,POOR,student_2479,company secretary
,Company secretary,S2481,20,7,14,17,12,20,18,6,s2481,BEST,POOR,AVG,BEST,AVG,BEST,BEST,POOR,student_2480,company secretary
,Company secretary,S2482,19,7,14,16,13,19,17,6,s2482,BEST,POOR,AVG,BEST,AVG,BEST,BEST,POOR,student_2481,company secretary
,Company secretary,S2483,18,8,14,17,14,18,16,6,s2483,BEST,POOR,AVG,BEST,AVG,BEST,BEST,POOR,student_2482,company secretary
,Company secretary,S2484,17,8,14,16,13,17,17,6,s2484,BEST,POOR,AVG,BEST,AVG,BEST,BEST,POOR,student_2483,company secretary
,Company secretary,S2485,16,9,14,15,11,16,16,6,s2485,BEST,POOR,AVG,BEST,AVG,BEST,BEST,POOR,student_2484,company secretary
,Company secretary,S2486,15,9,14,20,12,15,15,6,s2486,BEST,POOR,AVG,BEST,AVG,BEST,BEST,POOR,student_2485,company secretary
,Company secretary,S2487,20,7,14,19,14,20,20,6,s2487,BEST,POOR,AVG,BEST,AVG,BEST,BEST,POOR,student_2486,company secretary
,Company secretary,S2488,19,7,13,18,12,19,19,6,s2488,BEST,POOR,AVG,BEST,AVG,BEST,BEST,POOR,student_2487,company secretary
,Company secretary,S2489,18,8,13,17,11,18,18,6,s2489,BEST,POOR,AVG,BEST,AVG,BEST,BEST,POOR,student_2488,company secretary
,Company secretary,S2490,17,8,13,16,13,17,17,6,s2490,BEST,POOR,AVG,BEST,AVG,BEST,BEST,POOR,student_2489,company secretary
,Company secretary,S2491,16,9,13,17,14,16,16,6,s2491,BEST,POOR,AVG,BEST,AVG,BEST,BEST,POOR,student_2490,company secretary
,Company secretary,S2492,15,9,13,16,11,15,17,9,s2492,BEST,POOR,AVG,BEST,AVG,BEST,BEST,POOR,student_2491,company secretary
,Company secretary,S2493,20,7,13,15,12,20,16,9,s2493,BEST,POOR,AVG,BEST,AVG,BEST,BEST,POOR,student_2492,company secretary
,Company secretary,S2494,19,7,13,20,13,19,15,9,s2494,BEST,POOR,AVG,BEST,AVG,BEST,BEST,POOR,student_2493,company secretary
,Company secretary,S2495,18,8,13,19,14,18,20,9,s2495,BEST,POOR,AVG,BEST,AVG,BEST,BEST,POOR,student_2494,company secretary
,Company secretary,S2496,17,8,13,18,13,17,19,9,s2496,BEST,POOR,AVG,BEST,AVG,BEST,BEST,POOR,student_2495,company secretary
,Company secretary,S2497,16,9,13,17,11,16,18,9,s2497,BEST,POOR,AVG,BEST,AVG,BEST,BEST,POOR,student_2496,company secretary
,Company secretary,S2498,15,9,13,16,12,15,17,9,s2498,BEST,POOR,AVG,BEST,AVG,BEST,BEST,POOR,student_2497,company secretary
,Company secretary,S2499,17,8,13,16,14,17,16,9,s2499,BEST,POOR,AVG,BEST,AVG,BEST,BEST,POOR,student_2498,company secretary
,Company secretary,S2500,16,6,13,16,13,16,17,9,s2500,BEST,POOR,AVG,BEST,AVG,BEST,BEST,POOR,student_2499,company secretary
,Marketing,S2501,16,5,12,20,10,18,11,8,s2501,BEST,POOR,AVG,BEST,POOR,BEST,AVG,POOR,student_2500,marketing
,Marketing,S2502,17,6,13,19,9,18,11,7,s2502,BEST,POOR,AVG,BEST,POOR,BEST,AVG,POOR,student_2501,marketing
,Marketing,S2503,18,7,14,18,8,18,11,9,s2503,BEST,POOR,AVG,BEST,POOR,BEST,AVG,POOR,student_2502,marketing
,Marketing,S2504,19,9,11,17,7,18,11,10,s2504,BEST,POOR,AVG,BEST,POOR,BEST,AVG,POOR,student_2503,marketing
,Marketing,S2505,20,8,12,16,6,18,11,8,s2505,BEST,POOR,AVG,BEST,POOR,BEST,AVG,POOR,student_2504,marketing
,Marketing,S2506,16,10,13,15,5,18,11,7,s2506,BEST,POOR,AVG,BEST,POOR,BEST,AVG,POOR,student_2505,marketing
,Marketing,S2507,17,10,14,15,10,18,11,9,s2507,BEST,POOR,AVG,BEST,POOR,BEST,AVG,POOR,student_2506,marketing
,Marketing,S2508,18,9,11,16,9,18,11,10,s2508,BEST,POOR,AVG,BEST,POOR,BEST,AVG,POOR,student_2507,marketing
,Marketing,S2509,19,8,12,17,8,18,11,10,s2509,BEST,POOR,AVG,BEST,POOR,BEST,AVG,POOR,student_2508,marketing
,Marketing,S2510,20,7,13,18,7,18,12,9,s2510,BEST,POOR,AVG,BEST,POOR,BEST,AVG,POOR,student_2509,marketing
,Marketing,S2511,16,6,14,19,6,18,12,8,s2511,BEST,POOR,AVG,BEST,POOR,BEST,AVG,POOR,student_2510,marketing
,Marketing,S2512,17,5,11,20,5,18,12,7,s2512,BEST,POOR,AVG,BEST,POOR,BEST,AVG,POOR,student_2511,marketing
,Marketing,S2513,18,10,12,15,5,18,12,6,s2513,BEST,POOR,AVG,BEST,POOR,BEST,AVG,POOR,student_2512,marketing
,Marketing,S2514,19,9,13,16,6,16,12,5,s2514,BEST,POOR,AVG,BEST,POOR,BEST,AVG,POOR,student_2513,marketing
,Marketing,S2515,20,8,14,17,7,16,12,10,s2515,BEST,POOR,AVG,BEST,POOR,BEST,AVG,POOR,student_2514,marketing
,Marketing,S2516,16,7,11,18,8,16,12,9,s2516,BEST,POOR,AVG,BEST,POOR,BEST,AVG,POOR,student_2515,marketing
,Marketing,S2517,17,6,12,19,9,16,12,8,s2517,BEST,POOR,AVG,BEST,POOR,BEST,AVG,POOR,student_2516,marketing
,Marketing,S2518,18,5,13,20,10,16,13,7,s2518,BEST,POOR,AVG,BEST,POOR,BEST,AVG,POOR,student_2517,marketing
,Marketing,S2519,19,10,14,15,10,16,13,6,s2519,BEST,POOR,AVG,BEST,POOR,BEST,AVG,POOR,student_2518,marketing
,Marketing,S2520,20,9,11,16,9,16,13,5,s2520,BEST,POOR,AVG,BEST,POOR,BEST,AVG,POOR,student_2519,marketing
,Marketing,S2521,16,8,11,17,8,17,13,10,s2521,BEST,POOR,AVG,BEST,POOR,BEST,AVG,POOR,student_2520,marketing
,Marketing,S2522,17,7,12,18,7,17,13,9,s2522,BEST,POOR,AVG,BEST,POOR,BEST,AVG,POOR,student_2521,marketing
,Marketing,S2523,18,6,13,19,6,17,13,8,s2523,BEST,POOR,AVG,BEST,POOR,BEST,AVG,POOR,student_2522,marketing
,Marketing,S2524,19,5,14,20,5,17,13,7,s2524,BEST,POOR,AVG,BEST,POOR,BEST,AVG,POOR,student_2523,marketing
,Marketing,S2525,20,10,11,15,5,17,13,6,s2525,BEST,POOR,AVG,BEST,POOR,BEST,AVG,POOR,student_2524,marketing
,Marketing,S2526,16,9,12,16,6,17,14,5,s2526,BEST,POOR,AVG,BEST,POOR,BEST,AVG,POOR,student_2525,marketing
,Marketing,S2527,17,8,13,17,7,17,14,10,s2527,BEST,POOR,AVG,BEST,POOR,BEST,AVG,POOR,student_2526,marketing
,Marketing,S2528,18,7,14,18,8,17,14,9,s2528,BEST,POOR,AVG,BEST,POOR,BEST,AVG,POOR,student_2527,marketing
,Marketing,S2529,19,6,11,19,9,17,14,8,s2529,BEST,POOR,AVG,BEST,POOR,BEST,AVG,POOR,student_2528,marketing
,Marketing,S2530,20,5,12,20,10,17,14,7,s2530,BEST,POOR,AVG,BEST,POOR,BEST,AVG,POOR,student_2529,marketing
,Marketing,S2531,20,10,13,20,10,17,14,6,s2531,BEST,POOR,AVG,BEST,POOR,BEST,AVG,POOR,student_2530,marketing
,Marketing,S2532,19,9,14,19,9,15,14,5,s2532,BEST,POOR,AVG,BEST,POOR,BEST,AVG,POOR,student_2531,marketing
,Marketing,S2533,18,8,11,18,8,15,14,10,s2533,BEST,POOR,AVG,BEST,POOR,BEST,AVG,POOR,student_2532,marketing
,Marketing,S2534,17,7,12,17,7,15,14,9,s2534,BEST,POOR,AVG,BEST,POOR,BEST,AVG,POOR,student_2533,marketing
,Marketing,S2535,16,6,13,16,6,15,14,8,s2535,BEST,POOR,AVG,BEST,POOR,BEST,AVG,POOR,student_2534,marketing
,Marketing,S2536,15,5,14,15,5,15,12,7,s2536,BEST,POOR,AVG,BEST,POOR,BEST,AVG,POOR,student_2535,marketing
,Marketing,S2537,20,10,11,15,5,15,12,6,s2537,BEST,POOR,AVG,BEST,POOR,BEST,AVG,POOR,student_2536,marketing
,Marketing,S2538,19,9,12,16,6,15,12,5,s2538,BEST,POOR,AVG,BEST,POOR,BEST,AVG,POOR,student_2537,marketing
,Marketing,S2539,18,8,13,17,7,15,12,10,s2539,BEST,POOR,AVG,BEST,POOR,BEST,AVG,POOR,student_2538,marketing
,Marketing,S2540,17,7,14,18,8,15,12,9,s2540,BEST,POOR,AVG,BEST,POOR,BEST,AVG,POOR,student_2539,marketing
,Marketing,S2541,16,6,11,19,9,15,12,8,s2541,BEST,POOR,AVG,BEST,POOR,BEST,AVG,POOR,student_2540,marketing
,Marketing,S2542,15,5,12,20,10,15,12,7,s2542,BEST,POOR,AVG,BEST,POOR,BEST,AVG,POOR,student_2541,marketing
,Marketing,S2543,20,10,13,20,10,19,12,6,s2543,BEST,POOR,AVG,BEST,POOR,BEST,AVG,POOR,student_2542,marketing
,Marketing,S2544,19,9,14,19,9,19,12,5,s2544,BEST,POOR,AVG,BEST,POOR,BEST,AVG,POOR,student_2543,marketing
,Marketing,S2545,18,8,11,18,8,19,13,10,s2545,BEST,POOR,AVG,BEST,POOR,BEST,AVG,POOR,student_2544,marketing
,Marketing,S2546,17,7,12,17,7,19,13,9,s2546,BEST,POOR,AVG,BEST,POOR,BEST,AVG,POOR,student_2545,marketing
,Marketing,S2547,16,6,13,16,6,19,13,8,s2547,BEST,POOR,AVG,BEST,POOR,BEST,AVG,POOR,student_2546,marketing
,Marketing,S2548,15,5,14,15,5,19,13,7,s2548,BEST,POOR,AVG,BEST,POOR,BEST,AVG,POOR,student_2547,marketing
,Marketing,S2549,17,6,12,19,5,19,13,6,s2549,BEST,POOR,AVG,BEST,POOR,BEST,AVG,POOR,student_2548,marketing
,Marketing,S2550,18,9,13,18,6,19,13,5,s2550,BEST,POOR,AVG,BEST,POOR,BEST,AVG,POOR,student_2549,marketing
,Logistics manager,S2551,14,5,7,20,7,18,19,7,s2551,AVG,POOR,POOR,BEST,POOR,BEST,BEST,POOR,student_2550,logistics manager
,Logistics manager,S2552,14,6,9,19,7,19,18,7,s2552,AVG,POOR,POOR,BEST,POOR,BEST,BEST,POOR,student_2551,logistics manager
,Logistics manager,S2553,14,7,8,18,7,18,17,7,s2553,AVG,POOR,POOR,BEST,POOR,BEST,BEST,POOR,student_2552,logistics manager
,Logistics manager,S2554,14,8,5,17,7,17,16,7,s2554,AVG,POOR,POOR,BEST,POOR,BEST,BEST,POOR,student_2553,logistics manager
,Logistics manager,S2555,14,9,6,17,7,16,15,7,s2555,AVG,POOR,POOR,BEST,POOR,BEST,BEST,POOR,student_2554,logistics manager
,Logistics manager,S2556,14,10,10,19,7,15,19,7,s2556,AVG,POOR,POOR,BEST,POOR,BEST,BEST,POOR,student_2555,logistics manager
,Logistics manager,S2557,14,10,7,16,7,19,15,7,s2557,AVG,POOR,POOR,BEST,POOR,BEST,BEST,POOR,student_2556,logistics manager
,Logistics manager,S2558,14,9,9,15,6,18,19,7,s2558,AVG,POOR,POOR,BEST,POOR,BEST,BEST,POOR,student_2557,logistics manager
,Logistics manager,S2559,14,8,8,19,6,18,18,7,s2559,AVG,POOR,POOR,BEST,POOR,BEST,BEST,POOR,student_2558,logistics manager
,Logistics manager,S2560,14,7,5,20,6,17,17,7,s2560,AVG,POOR,POOR,BEST,POOR,BEST,BEST,POOR,student_2559,logistics manager
,Logistics manager,S2561,14,6,6,19,6,17,16,7,s2561,AVG,POOR,POOR,BEST,POOR,BEST,BEST,POOR,student_2560,logistics manager
,Logistics manager,S2562,14,5,10,18,6,17,15,7,s2562,AVG,POOR,POOR,BEST,POOR,BEST,BEST,POOR,student_2561,logistics manager
,Logistics manager,S2563,13,5,7,17,6,19,19,7,s2563,AVG,POOR,POOR,BEST,POOR,BEST,BEST,POOR,student_2562,logistics manager
,Logistics manager,S2564,13,6,9,17,6,18,15,7,s2564,AVG,POOR,POOR,BEST,POOR,BEST,BEST,POOR,student_2563,logistics manager
,Logistics manager,S2565,13,7,8,19,8,17,19,7,s2565,AVG,POOR,POOR,BEST,POOR,BEST,BEST,POOR,student_2564,logistics manager
,Logistics manager,S2566,13,8,5,16,8,16,18,7,s2566,AVG,POOR,POOR,BEST,POOR,BEST,BEST,POOR,student_2565,logistics manager
,Logistics manager,S2567,13,9,6,15,8,15,17,7,s2567,AVG,POOR,POOR,BEST,POOR,BEST,BEST,POOR,student_2566,logistics manager
,Logistics manager,S2568,13,10,10,19,8,19,16,7,s2568,AVG,POOR,POOR,BEST,POOR,BEST,BEST,POOR,student_2567,logistics manager
,Logistics manager,S2569,13,10,7,20,8,17,15,7,s2569,AVG,POOR,POOR,BEST,POOR,BEST,BEST,POOR,student_2568,logistics manager
,Logistics manager,S2570,13,9,9,19,8,19,19,7,s2570,AVG,POOR,POOR,BEST,POOR,BEST,BEST,POOR,student_2569,logistics manager
,Logistics manager,S2571,12,8,8,18,8,19,19,7,s2571,AVG,POOR,POOR,BEST,POOR,BEST,BEST,POOR,student_2570,logistics manager
,Logistics manager,S2572,12,7,5,17,9,19,18,7,s2572,AVG,POOR,POOR,BEST,POOR,BEST,BEST,POOR,student_2571,logistics manager
,Logistics manager,S2573,12,6,6,17,9,19,17,7,s2573,AVG,POOR,POOR,BEST,POOR,BEST,BEST,POOR,student_2572,logistics manager
,Logistics manager,S2574,12,5,10,19,9,18,16,7,s2574,AVG,POOR,POOR,BEST,POOR,BEST,BEST,POOR,student_2573,logistics manager
,Logistics manager,S2575,12,5,7,16,9,17,15,7,s2575,AVG,POOR,POOR,BEST,POOR,BEST,BEST,POOR,student_2574,logistics manager
,Logistics manager,S2576,12,6,9,15,9,16,19,7,s2576,AVG,POOR,POOR,BEST,POOR,BEST,BEST,POOR,student_2575,logistics manager
,Logistics manager,S2577,12,7,8,19,9,15,19,7,s2577,AVG,POOR,POOR,BEST,POOR,BEST,BEST,POOR,student_2576,logistics manager
,Logistics manager,S2578,12,8,5,20,9,19,18,7,s2578,AVG,POOR,POOR,BEST,POOR,BEST,BEST,POOR,student_2577,logistics manager
,Logistics manager,S2579,11,9,6,19,9,20,17,7,s2579,AVG,POOR,POOR,BEST,POOR,BEST,BEST,POOR,student_2578,logistics manager
,Logistics manager,S2580,11,10,10,18,9,20,16,7,s2580,AVG,POOR,POOR,BEST,POOR,BEST,BEST,POOR,student_2579,logistics manager
,Logistics manager,S2581,11,10,7,17,10,19,15,7,s2581,AVG,POOR,POOR,BEST,POOR,BEST,BEST,POOR,student_2580,logistics manager
,Logistics manager,S2582,11,9,9,17,10,18,19,7,s2582,AVG,POOR,POOR,BEST,POOR,BEST,BEST,POOR,student_2581,logistics manager
,Logistics manager,S2583,11,8,8,19,10,17,19,7,s2583,AVG,POOR,POOR,BEST,POOR,BEST,BEST,POOR,student_2582,logistics manager
,Logistics manager,S2584,11,7,5,16,10,16,18,7,s2584,AVG,POOR,POOR,BEST,POOR,BEST,BEST,POOR,student_2583,logistics manager
,Logistics manager,S2585,11,6,6,15,10,15,17,7,s2585,AVG,POOR,POOR,BEST,POOR,BEST,BEST,POOR,student_2584,logistics manager
,Logistics manager,S2586,11,5,10,19,10,19,16,7,s2586,AVG,POOR,POOR,BEST,POOR,BEST,BEST,POOR,student_2585,logistics manager
,Logistics manager,S2587,11,5,7,20,10,15,15,7,s2587,AVG,POOR,POOR,BEST,POOR,BEST,BEST,POOR,student_2586,logistics manager
,Logistics manager,S2588,11,6,9,19,6,15,19,7,s2588,AVG,POOR,POOR,BEST,POOR,BEST,BEST,POOR,student_2587,logistics manager
,Logistics manager,S2589,11,7,8,18,6,15,19,7,s2589,AVG,POOR,POOR,BEST,POOR,BEST,BEST,POOR,student_2588,logistics manager
,Logistics manager,S2590,12,8,5,17,6,19,18,7,s2590,AVG,POOR,POOR,BEST,POOR,BEST,BEST,POOR,student_2589,logistics manager
,Logistics manager,S2591,12,9,6,17,6,18,17,7,s2591,AVG,POOR,POOR,BEST,POOR,BEST,BEST,POOR,student_2590,logistics manager
,Logistics manager,S2592,12,10,10,19,6,17,16,7,s2592,AVG,POOR,POOR,BEST,POOR,BEST,BEST,POOR,student_2591,logistics manager
,Logistics manager,S2593,12,10,7,16,7,16,15,7,s2593,AVG,POOR,POOR,BEST,POOR,BEST,BEST,POOR,student_2592,logistics manager
,Logistics manager,S2594,12,9,9,15,7,15,19,7,s2594,AVG,POOR,POOR,BEST,POOR,BEST,BEST,POOR,student_2593,logistics manager
,Logistics manager,S2595,12,8,8,19,7,19,18,7,s2595,AVG,POOR,POOR,BEST,POOR,BEST,BEST,POOR,student_2594,logistics manager
,Logistics manager,S2596,12,7,5,17,7,18,17,7,s2596,AVG,POOR,POOR,BEST,POOR,BEST,BEST,POOR,student_2595,logistics manager
,Logistics manager,S2597,13,6,6,19,7,17,16,7,s2597,AVG,POOR,POOR,BEST,POOR,BEST,BEST,POOR,student_2596,logistics manager
,Logistics manager,S2598,13,5,10,16,9,16,15,7,s2598,AVG,POOR,POOR,BEST,POOR,BEST,BEST,POOR,student_2597,logistics manager
,Logistics manager,S2599,13,8,8,15,9,15,19,7,s2599,AVG,POOR,POOR,BEST,POOR,BEST,BEST,POOR,student_2598,logistics manager
,Logistics manager,S2600,13,9,6,19,9,19,16,7,s2600,AVG,POOR,POOR,BEST,POOR,BEST,BEST,POOR,student_2599,logistics manager
,Research analyst,S2601,16,5,6,20,7,11,18,11,s2601,BEST,POOR,POOR,BEST,POOR,AVG,BEST,AVG,student_2600,research analyst
,Research analyst,S2602,16,6,6,20,7,12,18,12,s2602,BEST,POOR,POOR,BEST,POOR,AVG,BEST,AVG,student_2601,research analyst
,Research analyst,S2603,16,7,7,20,7,11,18,13,s2603,BEST,POOR,POOR,BEST,POOR,AVG,BEST,AVG,student_2602,research analyst
,Research analyst,S2604,16,8,7,20,7,12,18,14,s2604,BEST,POOR,POOR,BEST,POOR,AVG,BEST,AVG,student_2603,research analyst
,Research analyst,S2605,16,9,6,20,7,11,18,11,s2605,BEST,POOR,POOR,BEST,POOR,AVG,BEST,AVG,student_2604,research analyst
,Research analyst,S2606,16,10,6,20,7,12,18,12,s2606,BEST,POOR,POOR,BEST,POOR,AVG,BEST,AVG,student_2605,research analyst
,Research analyst,S2607,16,5,7,20,7,13,18,13,s2607,BEST,POOR,POOR,BEST,POOR,AVG,BEST,AVG,student_2606,research analyst
,Research analyst,S2608,16,6,7,19,7,14,18,14,s2608,BEST,POOR,POOR,BEST,POOR,AVG,BEST,AVG,student_2607,research analyst
,Research analyst,S2609,16,7,6,19,7,11,18,11,s2609,BEST,POOR,POOR,BEST,POOR,AVG,BEST,AVG,student_2608,research analyst
,Research analyst,S2610,16,8,6,19,7,12,18,12,s2610,BEST,POOR,POOR,BEST,POOR,AVG,BEST,AVG,student_2609,research analyst
,Research analyst,S2611,16,9,7,19,7,11,18,13,s2611,BEST,POOR,POOR,BEST,POOR,AVG,BEST,AVG,student_2610,research analyst
,Research analyst,S2612,16,10,7,19,7,12,18,14,s2612,BEST,POOR,POOR,BEST,POOR,AVG,BEST,AVG,student_2611,research analyst
,Research analyst,S2613,17,5,6,19,7,11,18,11,s2613,BEST,POOR,POOR,BEST,POOR,AVG,BEST,AVG,student_2612,research analyst
,Research analyst,S2614,17,6,6,19,7,12,17,12,s2614,BEST,POOR,POOR,BEST,POOR,AVG,BEST,AVG,student_2613,research analyst
,Research analyst,S2615,17,7,7,18,9,13,17,13,s2615,BEST,POOR,POOR,BEST,POOR,AVG,BEST,AVG,student_2614,research analyst
,Research analyst,S2616,17,8,7,18,9,14,17,14,s2616,BEST,POOR,POOR,BEST,POOR,AVG,BEST,AVG,student_2615,research analyst
,Research analyst,S2617,17,9,5,18,9,11,17,11,s2617,BEST,POOR,POOR,BEST,POOR,AVG,BEST,AVG,student_2616,research analyst
,Research analyst,S2618,17,10,6,18,9,12,17,12,s2618,BEST,POOR,POOR,BEST,POOR,AVG,BEST,AVG,student_2617,research analyst
,Research analyst,S2619,17,5,6,18,9,11,17,13,s2619,BEST,POOR,POOR,BEST,POOR,AVG,BEST,AVG,student_2618,research analyst
,Research analyst,S2620,17,6,6,18,9,12,17,14,s2620,BEST,POOR,POOR,BEST,POOR,AVG,BEST,AVG,student_2619,research analyst
,Research analyst,S2621,17,7,7,18,9,11,17,11,s2621,BEST,POOR,POOR,BEST,POOR,AVG,BEST,AVG,student_2620,research analyst
,Research analyst,S2622,18,8,7,18,9,12,17,12,s2622,BEST,POOR,POOR,BEST,POOR,AVG,BEST,AVG,student_2621,research analyst
,Research analyst,S2623,18,9,6,17,9,13,16,13,s2623,BEST,POOR,POOR,BEST,POOR,AVG,BEST,AVG,student_2622,research analyst
,Research analyst,S2624,18,10,6,17,9,14,16,14,s2624,BEST,POOR,POOR,BEST,POOR,AVG,BEST,AVG,student_2623,research analyst
,Research analyst,S2625,18,5,7,17,9,11,16,11,s2625,BEST,POOR,POOR,BEST,POOR,AVG,BEST,AVG,student_2624,research analyst
,Research analyst,S2626,18,6,7,17,9,12,16,12,s2626,BEST,POOR,POOR,BEST,POOR,AVG,BEST,AVG,student_2625,research analyst
,Research analyst,S2627,18,7,6,17,9,11,16,13,s2627,BEST,POOR,POOR,BEST,POOR,AVG,BEST,AVG,student_2626,research analyst
,Research analyst,S2628,18,8,6,17,9,12,16,14,s2628,BEST,POOR,POOR,BEST,POOR,AVG,BEST,AVG,student_2627,research analyst
,Research analyst,S2629,18,9,7,17,10,11,16,11,s2629,BEST,POOR,POOR,BEST,POOR,AVG,BEST,AVG,student_2628,research analyst
,Research analyst,S2630,18,10,7,17,10,12,16,12,s2630,BEST,POOR,POOR,BEST,POOR,AVG,BEST,AVG,student_2629,research analyst
,Research analyst,S2631,18,5,6,17,10,13,16,13,s2631,BEST,POOR,POOR,BEST,POOR,AVG,BEST,AVG,student_2630,research analyst
,Research analyst,S2632,19,6,6,16,10,14,15,14,s2632,BEST,POOR,POOR,BEST,POOR,AVG,BEST,AVG,student_2631,research analyst
,Research analyst,S2633,19,7,7,16,10,11,15,11,s2633,BEST,POOR,POOR,BEST,POOR,AVG,BEST,AVG,student_2632,research analyst
,Research analyst,S2634,19,8,7,16,10,12,15,12,s2634,BEST,POOR,POOR,BEST,POOR,AVG,BEST,AVG,student_2633,research analyst
,Research analyst,S2635,19,9,5,16,10,11,15,13,s2635,BEST,POOR,POOR,BEST,POOR,AVG,BEST,AVG,student_2634,research analyst
,Research analyst,S2636,19,10,6,16,10,12,15,14,s2636,BEST,POOR,POOR,BEST,POOR,AVG,BEST,AVG,student_2635,research analyst
,Research analyst,S2637,19,5,6,16,10,11,15,11,s2637,BEST,POOR,POOR,BEST,POOR,AVG,BEST,AVG,student_2636,research analyst
,Research analyst,S2638,19,6,6,16,10,12,15,12,s2638,BEST,POOR,POOR,BEST,POOR,AVG,BEST,AVG,student_2637,research analyst
,Research analyst,S2639,19,7,7,15,10,13,15,13,s2639,BEST,POOR,POOR,BEST,POOR,AVG,BEST,AVG,student_2638,research analyst
,Research analyst,S2640,19,8,7,15,10,14,15,14,s2640,BEST,POOR,POOR,BEST,POOR,AVG,BEST,AVG,student_2639,research analyst
,Research analyst,S2641,19,9,6,15,10,11,19,11,s2641,BEST,POOR,POOR,BEST,POOR,AVG,BEST,AVG,student_2640,research analyst
,Research analyst,S2642,19,10,6,15,10,12,19,12,s2642,BEST,POOR,POOR,BEST,POOR,AVG,BEST,AVG,student_2641,research analyst
,Research analyst,S2643,19,5,7,15,10,11,19,13,s2643,BEST,POOR,POOR,BEST,POOR,AVG,BEST,AVG,student_2642,research analyst
,Research analyst,S2644,20,6,7,15,10,12,19,14,s2644,BEST,POOR,POOR,BEST,POOR,AVG,BEST,AVG,student_2643,research analyst
,Research analyst,S2645,20,7,5,18,10,11,19,11,s2645,BEST,POOR,POOR,BEST,POOR,AVG,BEST,AVG,student_2644,research analyst
,Research analyst,S2646,20,8,6,18,8,12,19,12,s2646,BEST,POOR,POOR,BEST,POOR,AVG,BEST,AVG,student_2645,research analyst
,Research analyst,S2647,20,9,5,18,8,13,19,13,s2647,BEST,POOR,POOR,BEST,POOR,AVG,BEST,AVG,student_2646,research analyst
,Research analyst,S2648,20,10,6,18,8,14,20,14,s2648,BEST,POOR,POOR,BEST,POOR,AVG,BEST,AVG,student_2647,research analyst
,Research analyst,S2649,20,8,8,18,8,12,19,13,s2649,BEST,POOR,POOR,BEST,POOR,AVG,BEST,AVG,student_2648,research analyst
,Research analyst,S2650,20,9,9,18,8,11,17,14,s2650,BEST,POOR,POOR,BEST,POOR,AVG,BEST,AVG,student_2649,research analyst
,Business manager,S2651,20,5,11,20,14,17,18,10,s2651,BEST,POOR,AVG,BEST,AVG,BEST,BEST,POOR,student_2650,business manager
,Business manager,S2652,19,6,12,20,14,17,18,9,s2652,BEST,POOR,AVG,BEST,AVG,BEST,BEST,POOR,student_2651,business manager
,Business manager,S2653,18,6,13,20,13,17,18,8,s2653,BEST,POOR,AVG,BEST,AVG,BEST,BEST,POOR,student_2652,business manager
,Business manager,S2654,17,7,14,20,12,17,18,7,s2654,BEST,POOR,AVG,BEST,AVG,BEST,BEST,POOR,student_2653,business manager
,Business manager,S2655,16,9,14,20,11,17,18,6,s2655,BEST,POOR,AVG,BEST,AVG,BEST,BEST,POOR,student_2654,business manager
,Business manager,S2656,15,8,13,20,11,17,18,5,s2656,BEST,POOR,AVG,BEST,AVG,BEST,BEST,POOR,student_2655,business manager
,Business manager,S2657,20,10,12,20,12,17,18,10,s2657,BEST,POOR,AVG,BEST,AVG,BEST,BEST,POOR,student_2656,business manager
,Business manager,S2658,19,5,11,20,14,18,18,9,s2658,BEST,POOR,AVG,BEST,AVG,BEST,BEST,POOR,student_2657,business manager
,Business manager,S2659,18,6,11,20,14,18,17,8,s2659,BEST,POOR,AVG,BEST,AVG,BEST,BEST,POOR,student_2658,business manager
,Business manager,S2660,17,6,12,20,13,18,17,7,s2660,BEST,POOR,AVG,BEST,AVG,BEST,BEST,POOR,student_2659,business manager
,Business manager,S2661,16,7,13,19,12,18,17,6,s2661,BEST,POOR,AVG,BEST,AVG,BEST,BEST,POOR,student_2660,business manager
,Business manager,S2662,15,9,14,19,11,18,17,5,s2662,BEST,POOR,AVG,BEST,AVG,BEST,BEST,POOR,student_2661,business manager
,Business manager,S2663,20,8,14,19,11,18,17,10,s2663,BEST,POOR,AVG,BEST,AVG,BEST,BEST,POOR,student_2662,business manager
,Business manager,S2664,19,10,13,19,12,18,17,9,s2664,BEST,POOR,AVG,BEST,AVG,BEST,BEST,POOR,student_2663,business manager
,Business manager,S2665,18,5,12,19,14,18,17,8,s2665,BEST,POOR,AVG,BEST,AVG,BEST,BEST,POOR,student_2664,business manager
,Business manager,S2666,17,6,11,19,14,18,17,7,s2666,BEST,POOR,AVG,BEST,AVG,BEST,BEST,POOR,student_2665,business manager
,Business manager,S2667,16,6,11,19,13,19,17,6,s2667,BEST,POOR,AVG,BEST,AVG,BEST,BEST,POOR,student_2666,business manager
,Business manager,S2668,15,7,12,18,12,19,17,5,s2668,BEST,POOR,AVG,BEST,AVG,BEST,BEST,POOR,student_2667,business manager
,Business manager,S2669,20,9,13,18,11,19,16,10,s2669,BEST,POOR,AVG,BEST,AVG,BEST,BEST,POOR,student_2668,business manager
,Business manager,S2670,19,8,14,18,11,19,16,9,s2670,BEST,POOR,AVG,BEST,AVG,BEST,BEST,POOR,student_2669,business manager
,Business manager,S2671,18,10,14,18,12,19,16,8,s2671,BEST,POOR,AVG,BEST,AVG,BEST,BEST,POOR,student_2670,business manager
,Business manager,S2672,17,5,13,18,14,19,16,7,s2672,BEST,POOR,AVG,BEST,AVG,BEST,BEST,POOR,student_2671,business manager
,Business manager,S2673,16,6,12,18,14,19,16,6,s2673,BEST,POOR,AVG,BEST,AVG,BEST,BEST,POOR,student_2672,business manager
,Business manager,S2674,15,6,11,18,13,19,16,5,s2674,BEST,POOR,AVG,BEST,AVG,BEST,BEST,POOR,student_2673,business manager
,Business manager,S2675,20,7,11,18,12,19,16,10,s2675,BEST,POOR,AVG,BEST,AVG,BEST,BEST,POOR,student_2674,business manager
,Business manager,S2676,19,9,12,18,11,19,16,9,s2676,BEST,POOR,AVG,BEST,AVG,BEST,BEST,POOR,student_2675,business manager
,Business manager,S2677,18,8,13,18,11,16,16,8,s2677,BEST,POOR,AVG,BEST,AVG,BEST,BEST,POOR,student_2676,business manager
,Business manager,S2678,17,10,14,16,12,16,16,7,s2678,BEST,POOR,AVG,BEST,AVG,BEST,BEST,POOR,student_2677,business manager
,Business manager,S2679,16,5,14,16,14,16,16,6,s2679,BEST,POOR,AVG,BEST,AVG,BEST,BEST,POOR,student_2678,business manager
,Business manager,S2680,15,6,13,16,14,16,15,5,s2680,BEST,POOR,AVG,BEST,AVG,BEST,BEST,POOR,student_2679,business manager
,Business manager,S2681,20,6,12,16,13,16,15,10,s2681,BEST,POOR,AVG,BEST,AVG,BEST,BEST,POOR,student_2680,business manager
,Business manager,S2682,19,7,11,16,12,16,15,9,s2682,BEST,POOR,AVG,BEST,AVG,BEST,BEST,POOR,student_2681,business manager
,Business manager,S2683,18,9,11,16,11,16,15,8,s2683,BEST,POOR,AVG,BEST,AVG,BEST,BEST,POOR,student_2682,business manager
,Business manager,S2684,17,8,12,16,11,16,15,7,s2684,BEST,POOR,AVG,BEST,AVG,BEST,BEST,POOR,student_2683,business manager
,Business manager,S2685,16,10,13,15,12,16,20,6,s2685,BEST,POOR,AVG,BEST,AVG,BEST,BEST,POOR,student_2684,business manager
,Business manager,S2686,15,5,14,15,14,15,20,5,s2686,BEST,POOR,AVG,BEST,AVG,BEST,BEST,POOR,student_2685,business manager
,Business manager,S2687,20,6,14,15,14,15,20,10,s2687,BEST,POOR,AVG,BEST,AVG,BEST,BEST,POOR,student_2686,business manager
,Business manager,S2688,19,6,13,15,13,15,20,9,s2688,BEST,POOR,AVG,BEST,AVG,BEST,BEST,POOR,student_2687,business manager
,Business manager,S2689,18,7,12,15,12,15,20,8,s2689,BEST,POOR,AVG,BEST,AVG,BEST,BEST,POOR,student_2688,business manager
,Business manager,S2690,17,9,11,15,11,15,20,7,s2690,BEST,POOR,AVG,BEST,AVG,BEST,BEST,POOR,student_2689,business manager
,Business manager,S2691,16,8,11,15,11,15,20,6,s2691,BEST,POOR,AVG,BEST,AVG,BEST,BEST,POOR,student_2690,business manager
,Business manager,S2692,15,10,12,15,12,15,20,5,s2692,BEST,POOR,AVG,BEST,AVG,BEST,BEST,POOR,student_2691,business manager
,Business manager,S2693,20,5,13,17,14,15,18,10,s2693,BEST,POOR,AVG,BEST,AVG,BEST,BEST,POOR,student_2692,business manager
,Business manager,S2694,19,6,14,17,14,18,18,9,s2694,BEST,POOR,AVG,BEST,AVG,BEST,BEST,POOR,student_2693,business manager
,Business manager,S2695,18,6,14,17,13,18,18,8,s2695,BEST,POOR,AVG,BEST,AVG,BEST,BEST,POOR,student_2694,business manager
,Business manager,S2696,17,7,13,17,12,18,18,7,s2696,BEST,POOR,AVG,BEST,AVG,BEST,BEST,POOR,student_2695,business manager
,Business manager,S2697,16,9,12,17,11,18,18,6,s2697,BEST,POOR,AVG,BEST,AVG,BEST,BEST,POOR,student_2696,business manager
,Business manager,S2698,15,8,11,17,11,18,18,5,s2698,BEST,POOR,AVG,BEST,AVG,BEST,BEST,POOR,student_2697,business manager
,Business manager,S2699,19,10,13,17,12,18,18,8,s2699,BEST,POOR,AVG,BEST,AVG,BEST,BEST,POOR,student_2698,business manager
,Business manager,S2700,18,8,14,17,13,18,18,9,s2700,BEST,POOR,AVG,BEST,AVG,BEST,BEST,POOR,student_2699,business manager
,Internal auditor,S2701,12,5,6,20,11,20,19,10,s2701,AVG,POOR,POOR,BEST,AVG,BEST,BEST,POOR,student_2700,internal auditor
,Internal auditor,S2702,11,5,6,19,11,18,19,9,s2702,AVG,POOR,POOR,BEST,AVG,BEST,BEST,POOR,student_2701,internal auditor
,Internal auditor,S2703,12,5,7,18,11,20,19,8,s2703,AVG,POOR,POOR,BEST,AVG,BEST,BEST,POOR,student_2702,internal auditor
,Internal auditor,S2704,13,5,9,17,11,18,19,7,s2704,AVG,POOR,POOR,BEST,AVG,BEST,BEST,POOR,student_2703,internal auditor
,Internal auditor,S2705,14,5,8,17,11,20,19,6,s2705,AVG,POOR,POOR,BEST,AVG,BEST,BEST,POOR,student_2704,internal auditor
,Internal auditor,S2706,12,5,10,20,11,18,19,5,s2706,AVG,POOR,POOR,BEST,AVG,BEST,BEST,POOR,student_2705,internal auditor
,Internal auditor,S2707,11,5,5,19,11,20,19,10,s2707,AVG,POOR,POOR,BEST,AVG,BEST,BEST,POOR,student_2706,internal auditor
,Internal auditor,S2708,12,5,6,18,11,18,19,9,s2708,AVG,POOR,POOR,BEST,AVG,BEST,BEST,POOR,student_2707,internal auditor
,Internal auditor,S2709,13,5,6,17,11,20,19,8,s2709,AVG,POOR,POOR,BEST,AVG,BEST,BEST,POOR,student_2708,internal auditor
,Internal auditor,S2710,14,5,7,20,11,18,19,7,s2710,AVG,POOR,POOR,BEST,AVG,BEST,BEST,POOR,student_2709,internal auditor
,Internal auditor,S2711,12,5,9,19,11,20,19,6,s2711,AVG,POOR,POOR,BEST,AVG,BEST,BEST,POOR,student_2710,internal auditor
,Internal auditor,S2712,11,5,8,18,11,18,19,5,s2712,AVG,POOR,POOR,BEST,AVG,BEST,BEST,POOR,student_2711,internal auditor
,Internal auditor,S2713,12,7,10,17,11,20,19,10,s2713,AVG,POOR,POOR,BEST,AVG,BEST,BEST,POOR,student_2712,internal auditor
,Internal auditor,S2714,13,7,5,20,11,18,19,9,s2714,AVG,POOR,POOR,BEST,AVG,BEST,BEST,POOR,student_2713,internal auditor
,Internal auditor,S2715,14,7,6,19,11,20,19,8,s2715,AVG,POOR,POOR,BEST,AVG,BEST,BEST,POOR,student_2714,internal auditor
,Internal auditor,S2716,12,7,6,18,11,18,19,7,s2716,AVG,POOR,POOR,BEST,AVG,BEST,BEST,POOR,student_2715,internal auditor
,Internal auditor,S2717,11,7,7,17,13,20,19,6,s2717,AVG,POOR,POOR,BEST,AVG,BEST,BEST,POOR,student_2716,internal auditor
,Internal auditor,S2718,12,7,9,20,13,18,19,5,s2718,AVG,POOR,POOR,BEST,AVG,BEST,BEST,POOR,student_2717,internal auditor
,Internal auditor,S2719,13,7,8,19,13,20,19,10,s2719,AVG,POOR,POOR,BEST,AVG,BEST,BEST,POOR,student_2718,internal auditor
,Internal auditor,S2720,14,7,10,18,13,18,19,9,s2720,AVG,POOR,POOR,BEST,AVG,BEST,BEST,POOR,student_2719,internal auditor
,Internal auditor,S2721,12,7,5,17,13,20,19,8,s2721,AVG,POOR,POOR,BEST,AVG,BEST,BEST,POOR,student_2720,internal auditor
,Internal auditor,S2722,11,7,6,20,13,18,19,7,s2722,AVG,POOR,POOR,BEST,AVG,BEST,BEST,POOR,student_2721,internal auditor
,Internal auditor,S2723,12,7,6,19,13,20,19,6,s2723,AVG,POOR,POOR,BEST,AVG,BEST,BEST,POOR,student_2722,internal auditor
,Internal auditor,S2724,13,7,7,18,13,18,19,5,s2724,AVG,POOR,POOR,BEST,AVG,BEST,BEST,POOR,student_2723,internal auditor
,Internal auditor,S2725,14,7,9,17,13,20,19,10,s2725,AVG,POOR,POOR,BEST,AVG,BEST,BEST,POOR,student_2724,internal auditor
,Internal auditor,S2726,12,7,8,20,14,18,19,9,s2726,AVG,POOR,POOR,BEST,AVG,BEST,BEST,POOR,student_2725,internal auditor
,Internal auditor,S2727,11,7,10,19,14,20,19,8,s2727,AVG,POOR,POOR,BEST,AVG,BEST,BEST,POOR,student_2726,internal auditor
,Internal auditor,S2728,12,8,8,18,14,18,19,7,s2728,AVG,POOR,POOR,BEST,AVG,BEST,BEST,POOR,student_2727,internal auditor
,Internal auditor,S2729,13,9,6,17,14,20,19,6,s2729,AVG,POOR,POOR,BEST,AVG,BEST,BEST,POOR,student_2728,internal auditor
,Internal auditor,S2730,14,10,6,20,14,18,19,5,s2730,AVG,POOR,POOR,BEST,AVG,BEST,BEST,POOR,student_2729,internal auditor
,Internal auditor,S2731,12,7,7,19,14,20,19,10,s2731,AVG,POOR,POOR,BEST,AVG,BEST,BEST,POOR,student_2730,internal auditor
,Internal auditor,S2732,11,8,9,18,14,18,19,9,s2732,AVG,POOR,POOR,BEST,AVG,BEST,BEST,POOR,student_2731,internal auditor
,Internal auditor,S2733,12,9,8,17,14,20,19,8,s2733,AVG,POOR,POOR,BEST,AVG,BEST,BEST,POOR,student_2732,internal auditor
,Internal auditor,S2734,13,10,10,20,14,18,19,7,s2734,AVG,POOR,POOR,BEST,AVG,BEST,BEST,POOR,student_2733,internal auditor
,Internal auditor,S2735,14,7,5,19,14,20,19,6,s2735,AVG,POOR,POOR,BEST,AVG,BEST,BEST,POOR,student_2734,internal auditor
,Internal auditor,S2736,12,8,6,18,12,18,19,5,s2736,AVG,POOR,POOR,BEST,AVG,BEST,BEST,POOR,student_2735,internal auditor
,Internal auditor,S2737,11,9,6,17,12,20,19,10,s2737,AVG,POOR,POOR,BEST,AVG,BEST,BEST,POOR,student_2736,internal auditor
,Internal auditor,S2738,12,10,7,20,12,18,19,9,s2738,AVG,POOR,POOR,BEST,AVG,BEST,BEST,POOR,student_2737,internal auditor
,Internal auditor,S2739,13,7,9,19,12,20,19,8,s2739,AVG,POOR,POOR,BEST,AVG,BEST,BEST,POOR,student_2738,internal auditor
,Internal auditor,S2740,14,8,8,18,12,18,19,7,s2740,AVG,POOR,POOR,BEST,AVG,BEST,BEST,POOR,student_2739,internal auditor
,Internal auditor,S2741,12,9,10,17,12,20,19,6,s2741,AVG,POOR,POOR,BEST,AVG,BEST,BEST,POOR,student_2740,internal auditor
,Internal auditor,S2742,11,10,5,20,12,18,19,5,s2742,AVG,POOR,POOR,BEST,AVG,BEST,BEST,POOR,student_2741,internal auditor
,Internal auditor,S2743,12,7,6,19,12,20,19,10,s2743,AVG,POOR,POOR,BEST,AVG,BEST,BEST,POOR,student_2742,internal auditor
,Internal auditor,S2744,13,8,6,18,12,18,19,9,s2744,AVG,POOR,POOR,BEST,AVG,BEST,BEST,POOR,student_2743,internal auditor
,Internal auditor,S2745,14,9,7,17,12,20,19,8,s2745,AVG,POOR,POOR,BEST,AVG,BEST,BEST,POOR,student_2744,internal auditor
,Internal auditor,S2746,12,10,9,17,12,18,19,7,s2746,AVG,POOR,POOR,BEST,AVG,BEST,BEST,POOR,student_2745,internal auditor
,Internal auditor,S2747,11,7,8,20,12,20,19,6,s2747,AVG,POOR,POOR,BEST,AVG,BEST,BEST,POOR,student_2746,internal auditor
,Internal auditor,S2748,12,8,6,19,12,18,19,5,s2748,AVG,POOR,POOR,BEST,AVG,BEST,BEST,POOR,student_2747,internal auditor
,Internal auditor,S2749,13,9,5,18,13,17,19,8,s2749,AVG,POOR,POOR,BEST,AVG,BEST,BEST,POOR,student_2748,internal auditor
,Internal auditor,S2750,14,10,9,17,13,18,19,9,s2750,AVG,POOR,POOR,BEST,AVG,BEST,BEST,POOR,student_2749,internal auditor
,Chief financial officer,S2751,11,6,14,17,8,19,19,6,s2751,AVG,POOR,AVG,BEST,POOR,BEST,BEST,POOR,student_2750,chief financial officer
,Chief financial officer,S2752,12,6,13,17,8,18,20,6,s2752,AVG,POOR,AVG,BEST,POOR,BEST,BEST,POOR,student_2751,chief financial officer
,Chief financial officer,S2753,13,8,12,17,8,19,17,6,s2753,AVG,POOR,AVG,BEST,POOR,BEST,BEST,POOR,student_2752,chief financial officer
,Chief financial officer,S2754,14,5,11,17,8,18,17,6,s2754,AVG,POOR,AVG,BEST,POOR,BEST,BEST,POOR,student_2753,chief financial officer
,Chief financial officer,S2755,11,6,14,17,8,19,17,6,s2755,AVG,POOR,AVG,BEST,POOR,BEST,BEST,POOR,student_2754,chief financial officer
,Chief financial officer,S2756,12,6,13,17,8,18,17,6,s2756,AVG,POOR,AVG,BEST,POOR,BEST,BEST,POOR,student_2755,chief financial officer
,Chief financial officer,S2757,13,8,12,17,8,19,17,6,s2757,AVG,POOR,AVG,BEST,POOR,BEST,BEST,POOR,student_2756,chief financial officer
,Chief financial officer,S2758,14,6,11,17,8,18,17,6,s2758,AVG,POOR,AVG,BEST,POOR,BEST,BEST,POOR,student_2757,chief financial officer
,Chief financial officer,S2759,11,6,14,17,8,19,17,6,s2759,AVG,POOR,AVG,BEST,POOR,BEST,BEST,POOR,student_2758,chief financial officer
,Chief financial officer,S2760,12,8,13,17,8,18,17,6,s2760,AVG,POOR,AVG,BEST,POOR,BEST,BEST,POOR,student_2759,chief financial officer
,Chief financial officer,S2761,13,6,12,17,8,19,17,6,s2761,AVG,POOR,AVG,BEST,POOR,BEST,BEST,POOR,student_2760,chief financial officer
,Chief financial officer,S2762,14,6,11,17,8,18,17,6,s2762,AVG,POOR,AVG,BEST,POOR,BEST,BEST,POOR,student_2761,chief financial officer
,Chief financial officer,S2763,11,8,14,17,8,19,16,6,s2763,AVG,POOR,AVG,BEST,POOR,BEST,BEST,POOR,student_2762,chief financial officer
,Chief financial officer,S2764,12,6,13,17,9,18,16,7,s2764,AVG,POOR,AVG,BEST,POOR,BEST,BEST,POOR,student_2763,chief financial officer
,Chief financial officer,S2765,13,6,12,17,9,19,16,7,s2765,AVG,POOR,AVG,BEST,POOR,BEST,BEST,POOR,student_2764,chief financial officer
,Chief financial officer,S2766,14,8,11,17,9,18,16,7,s2766,AVG,POOR,AVG,BEST,POOR,BEST,BEST,POOR,student_2765,chief financial officer
,Chief financial officer,S2767,11,6,14,19,9,19,16,7,s2767,AVG,POOR,AVG,BEST,POOR,BEST,BEST,POOR,student_2766,chief financial officer
,Chief financial officer,S2768,12,6,13,18,9,18,16,7,s2768,AVG,POOR,AVG,BEST,POOR,BEST,BEST,POOR,student_2767,chief financial officer
,Chief financial officer,S2769,13,8,12,15,9,19,16,7,s2769,AVG,POOR,AVG,BEST,POOR,BEST,BEST,POOR,student_2768,chief financial officer
,Chief financial officer,S2770,14,6,11,15,9,18,16,7,s2770,AVG,POOR,AVG,BEST,POOR,BEST,BEST,POOR,student_2769,chief financial officer
,Chief financial officer,S2771,11,6,14,15,9,19,15,7,s2771,AVG,POOR,AVG,BEST,POOR,BEST,BEST,POOR,student_2770,chief financial officer
,Chief financial officer,S2772,12,8,13,15,9,18,15,7,s2772,AVG,POOR,AVG,BEST,POOR,BEST,BEST,POOR,student_2771,chief financial officer
,Chief financial officer,S2773,13,6,12,15,9,19,15,7,s2773,AVG,POOR,AVG,BEST,POOR,BEST,BEST,POOR,student_2772,chief financial officer
,Chief financial officer,S2774,14,6,11,15,9,18,15,7,s2774,AVG,POOR,AVG,BEST,POOR,BEST,BEST,POOR,student_2773,chief financial officer
,Chief financial officer,S2775,11,8,14,15,9,19,15,7,s2775,AVG,POOR,AVG,BEST,POOR,BEST,BEST,POOR,student_2774,chief financial officer
,Chief financial officer,S2776,12,6,13,15,9,18,15,7,s2776,AVG,POOR,AVG,BEST,POOR,BEST,BEST,POOR,student_2775,chief financial officer
,Chief financial officer,S2777,13,6,12,15,9,19,15,8,s2777,AVG,POOR,AVG,BEST,POOR,BEST,BEST,POOR,student_2776,chief financial officer
,Chief financial officer,S2778,14,8,11,15,9,18,15,8,s2778,AVG,POOR,AVG,BEST,POOR,BEST,BEST,POOR,student_2777,chief financial officer
,Chief financial officer,S2779,11,6,14,19,9,19,15,8,s2779,AVG,POOR,AVG,BEST,POOR,BEST,BEST,POOR,student_2778,chief financial officer
,Chief financial officer,S2780,12,6,13,19,9,18,17,8,s2780,AVG,POOR,AVG,BEST,POOR,BEST,BEST,POOR,student_2779,chief financial officer
,Chief financial officer,S2781,13,8,12,19,9,19,17,8,s2781,AVG,POOR,AVG,BEST,POOR,BEST,BEST,POOR,student_2780,chief financial officer
,Chief financial officer,S2782,14,6,11,19,9,18,17,8,s2782,AVG,POOR,AVG,BEST,POOR,BEST,BEST,POOR,student_2781,chief financial officer
,Chief financial officer,S2783,11,6,14,19,9,19,17,8,s2783,AVG,POOR,AVG,BEST,POOR,BEST,BEST,POOR,student_2782,chief financial officer
,Chief financial officer,S2784,12,8,13,19,9,18,17,8,s2784,AVG,POOR,AVG,BEST,POOR,BEST,BEST,POOR,student_2783,chief financial officer
,Chief financial officer,S2785,13,6,12,19,10,19,17,8,s2785,AVG,POOR,AVG,BEST,POOR,BEST,BEST,POOR,student_2784,chief financial officer
,Chief financial officer,S2786,14,6,11,19,10,18,17,8,s2786,AVG,POOR,AVG,BEST,POOR,BEST,BEST,POOR,student_2785,chief financial officer
,Chief financial officer,S2787,11,8,12,19,10,19,17,8,s2787,AVG,POOR,AVG,BEST,POOR,BEST,BEST,POOR,student_2786,chief financial officer
,Chief financial officer,S2788,12,6,14,19,10,18,17,8,s2788,AVG,POOR,AVG,BEST,POOR,BEST,BEST,POOR,student_2787,chief financial officer
,Chief financial officer,S2789,13,6,13,19,10,19,18,8,s2789,AVG,POOR,AVG,BEST,POOR,BEST,BEST,POOR,student_2788,chief financial officer
,Chief financial officer,S2790,14,8,12,19,10,18,18,8,s2790,AVG,POOR,AVG,BEST,POOR,BEST,BEST,POOR,student_2789,chief financial officer
,Chief financial officer,S2791,11,6,11,19,10,19,18,5,s2791,AVG,POOR,AVG,BEST,POOR,BEST,BEST,POOR,student_2790,chief financial officer
,Chief financial officer,S2792,12,6,14,19,10,18,18,5,s2792,AVG,POOR,AVG,BEST,POOR,BEST,BEST,POOR,student_2791,chief financial officer
,Chief financial officer,S2793,13,8,13,19,10,19,18,5,s2793,AVG,POOR,AVG,BEST,POOR,BEST,BEST,POOR,student_2792,chief financial officer
,Chief financial officer,S2794,14,6,12,19,10,18,18,5,s2794,AVG,POOR,AVG,BEST,POOR,BEST,BEST,POOR,student_2793,chief financial officer
,Chief financial officer,S2795,11,6,11,19,10,19,18,5,s2795,AVG,POOR,AVG,BEST,POOR,BEST,BEST,POOR,student_2794,chief financial officer
,Chief financial officer,S2796,12,8,14,19,10,18,18,5,s2796,AVG,POOR,AVG,BEST,POOR,BEST,BEST,POOR,student_2795,chief financial officer
,Chief financial officer,S2797,13,6,13,19,10,19,20,5,s2797,AVG,POOR,AVG,BEST,POOR,BEST,BEST,POOR,student_2796,chief financial officer
,Chief financial officer,S2798,14,6,12,16,10,18,20,5,s2798,AVG,POOR,AVG,BEST,POOR,BEST,BEST,POOR,student_2797,chief financial officer
,Chief financial officer,S2799,11,8,11,16,10,17,20,5,s2799,AVG,POOR,AVG,BEST,POOR,BEST,BEST,POOR,student_2798,chief financial officer
,Chief financial officer,S2800,13,7,12,16,10,18,20,5,s2800,AVG,POOR,AVG,BEST,POOR,BEST,BEST,POOR,student_2799,chief financial officer
,Business Analyst,S2801,14,6,5,20,12,20,20,6,s2801,AVG,POOR,POOR,BEST,AVG,BEST,BEST,POOR,student_2800,business analyst
,Business Analyst,S2802,13,6,6,20,13,19,20,6,s2802,AVG,POOR,POOR,BEST,AVG,BEST,BEST,POOR,student_2801,business analyst
,Business Analyst,S2803,12,6,7,20,14,18,20,6,s2803,AVG,POOR,POOR,BEST,AVG,BEST,BEST,POOR,student_2802,business analyst
,Business Analyst,S2804,11,6,8,20,12,17,20,6,s2804,AVG,POOR,POOR,BEST,AVG,BEST,BEST,POOR,student_2803,business analyst
,Business Analyst,S2805,14,6,5,20,11,19,20,6,s2805,AVG,POOR,POOR,BEST,AVG,BEST,BEST,POOR,student_2804,business analyst
,Business Analyst,S2806,13,6,5,20,13,20,20,6,s2806,AVG,POOR,POOR,BEST,AVG,BEST,BEST,POOR,student_2805,business analyst
,Business Analyst,S2807,12,6,6,20,14,19,20,6,s2807,AVG,POOR,POOR,BEST,AVG,BEST,BEST,POOR,student_2806,business analyst
,Business Analyst,S2808,11,6,6,20,12,18,20,6,s2808,AVG,POOR,POOR,BEST,AVG,BEST,BEST,POOR,student_2807,business analyst
,Business Analyst,S2809,14,6,5,20,13,17,20,6,s2809,AVG,POOR,POOR,BEST,AVG,BEST,BEST,POOR,student_2808,business analyst
,Business Analyst,S2810,13,6,5,20,14,19,17,6,s2810,AVG,POOR,POOR,BEST,AVG,BEST,BEST,POOR,student_2809,business analyst
,Business Analyst,S2811,12,6,6,20,12,20,17,6,s2811,AVG,POOR,POOR,BEST,AVG,BEST,BEST,POOR,student_2810,business analyst
,Business Analyst,S2812,11,6,6,20,11,19,17,6,s2812,AVG,POOR,POOR,BEST,AVG,BEST,BEST,POOR,student_2811,business analyst
,Business Analyst,S2813,14,6,5,19,13,18,17,6,s2813,AVG,POOR,POOR,BEST,AVG,BEST,BEST,POOR,student_2812,business analyst
,Business Analyst,S2814,13,7,5,19,14,17,17,6,s2814,AVG,POOR,POOR,BEST,AVG,BEST,BEST,POOR,student_2813,business analyst
,Business Analyst,S2815,12,7,6,19,12,19,17,6,s2815,AVG,POOR,POOR,BEST,AVG,BEST,BEST,POOR,student_2814,business analyst
,Business Analyst,S2816,11,7,6,19,13,20,17,6,s2816,AVG,POOR,POOR,BEST,AVG,BEST,BEST,POOR,student_2815,business analyst
,Business Analyst,S2817,14,7,5,19,14,19,17,6,s2817,AVG,POOR,POOR,BEST,AVG,BEST,BEST,POOR,student_2816,business analyst
,Business Analyst,S2818,13,7,5,19,12,18,17,6,s2818,AVG,POOR,POOR,BEST,AVG,BEST,BEST,POOR,student_2817,business analyst
,Business Analyst,S2819,12,7,6,19,11,17,17,6,s2819,AVG,POOR,POOR,BEST,AVG,BEST,BEST,POOR,student_2818,business analyst
,Business Analyst,S2820,11,7,6,19,13,19,17,6,s2820,AVG,POOR,POOR,BEST,AVG,BEST,BEST,POOR,student_2819,business analyst
,Business Analyst,S2821,14,7,5,19,14,20,17,6,s2821,AVG,POOR,POOR,BEST,AVG,BEST,BEST,POOR,student_2820,business analyst
,Business Analyst,S2822,13,7,5,19,12,19,17,6,s2822,AVG,POOR,POOR,BEST,AVG,BEST,BEST,POOR,student_2821,business analyst
,Business Analyst,S2823,12,7,6,19,13,18,17,6,s2823,AVG,POOR,POOR,BEST,AVG,BEST,BEST,POOR,student_2822,business analyst
,Business Analyst,S2824,11,7,6,19,14,17,17,6,s2824,AVG,POOR,POOR,BEST,AVG,BEST,BEST,POOR,student_2823,business analyst
,Business Analyst,S2825,14,7,5,18,12,19,17,6,s2825,AVG,POOR,POOR,BEST,AVG,BEST,BEST,POOR,student_2824,business analyst
,Business Analyst,S2826,13,7,5,18,11,20,17,6,s2826,AVG,POOR,POOR,BEST,AVG,BEST,BEST,POOR,student_2825,business analyst
,Business Analyst,S2827,12,8,6,18,13,19,17,6,s2827,AVG,POOR,POOR,BEST,AVG,BEST,BEST,POOR,student_2826,business analyst
,Business Analyst,S2828,11,8,6,18,14,18,17,6,s2828,AVG,POOR,POOR,BEST,AVG,BEST,BEST,POOR,student_2827,business analyst
,Business Analyst,S2829,14,8,5,18,12,17,17,6,s2829,AVG,POOR,POOR,BEST,AVG,BEST,BEST,POOR,student_2828,business analyst
,Business Analyst,S2830,13,8,5,18,13,19,17,6,s2830,AVG,POOR,POOR,BEST,AVG,BEST,BEST,POOR,student_2829,business analyst
,Business Analyst,S2831,12,8,6,18,14,20,17,6,s2831,AVG,POOR,POOR,BEST,AVG,BEST,BEST,POOR,student_2830,business analyst
,Business Analyst,S2832,11,8,6,18,12,19,17,6,s2832,AVG,POOR,POOR,BEST,AVG,BEST,BEST,POOR,student_2831,business analyst
,Business Analyst,S2833,14,8,5,18,11,18,17,6,s2833,AVG,POOR,POOR,BEST,AVG,BEST,BEST,POOR,student_2832,business analyst
,Business Analyst,S2834,13,8,5,18,13,17,17,6,s2834,AVG,POOR,POOR,BEST,AVG,BEST,BEST,POOR,student_2833,business analyst
,Business Analyst,S2835,12,8,6,18,14,19,17,6,s2835,AVG,POOR,POOR,BEST,AVG,BEST,BEST,POOR,student_2834,business analyst
,Business Analyst,S2836,11,8,6,17,12,20,17,6,s2836,AVG,POOR,POOR,BEST,AVG,BEST,BEST,POOR,student_2835,business analyst
,Business Analyst,S2837,12,8,5,17,13,19,17,6,s2837,AVG,POOR,POOR,BEST,AVG,BEST,BEST,POOR,student_2836,business analyst
,Business Analyst,S2838,14,8,5,17,14,18,17,6,s2838,AVG,POOR,POOR,BEST,AVG,BEST,BEST,POOR,student_2837,business analyst
,Business Analyst,S2839,13,8,6,17,12,17,17,6,s2839,AVG,POOR,POOR,BEST,AVG,BEST,BEST,POOR,student_2838,business analyst
,Business Analyst,S2840,12,8,6,17,11,19,17,6,s2840,AVG,POOR,POOR,BEST,AVG,BEST,BEST,POOR,student_2839,business analyst
,Business Analyst,S2841,11,5,5,17,13,20,17,6,s2841,AVG,POOR,POOR,BEST,AVG,BEST,BEST,POOR,student_2840,business analyst
,Business Analyst,S2842,14,5,5,17,14,19,17,6,s2842,AVG,POOR,POOR,BEST,AVG,BEST,BEST,POOR,student_2841,business analyst
,Business Analyst,S2843,13,5,6,17,12,18,17,6,s2843,AVG,POOR,POOR,BEST,AVG,BEST,BEST,POOR,student_2842,business analyst
,Business Analyst,S2844,12,5,6,17,13,17,17,6,s2844,AVG,POOR,POOR,BEST,AVG,BEST,BEST,POOR,student_2843,business analyst
,Business Analyst,S2845,11,5,5,17,14,19,17,6,s2845,AVG,POOR,POOR,BEST,AVG,BEST,BEST,POOR,student_2844,business analyst
,Business Analyst,S2846,14,5,5,17,12,20,17,6,s2846,AVG,POOR,POOR,BEST,AVG,BEST,BEST,POOR,student_2845,business analyst
,Business Analyst,S2847,13,5,6,15,11,19,17,6,s2847,AVG,POOR,POOR,BEST,AVG,BEST,BEST,POOR,student_2846,business analyst
,Business Analyst,S2848,12,5,6,15,13,18,17,6,s2848,AVG,POOR,POOR,BEST,AVG,BEST,BEST,POOR,student_2847,business analyst
,Business Analyst,S2849,11,5,7,15,14,17,17,6,s2849,AVG,POOR,POOR,BEST,AVG,BEST,BEST,POOR,student_2848,business analyst
,Business Analyst,S2850,12,5,7,15,11,19,17,6,s2850,AVG,POOR,POOR,BEST,AVG,BEST,BEST,POOR,student_2849,business analyst
,Banking,S2851,12,5,10,17,7,15,11,5,s2851,AVG,POOR,POOR,BEST,POOR,BEST,AVG,POOR,student_2850,banking
,Banking,S2852,12,6,9,17,7,15,11,6,s2852,AVG,POOR,POOR,BEST,POOR,BEST,AVG,POOR,student_2851,banking
,Banking,S2853,12,8,7,17,7,15,11,7,s2853,AVG,POOR,POOR,BEST,POOR,BEST,AVG,POOR,student_2852,banking
,Banking,S2854,12,7,6,17,7,15,11,5,s2854,AVG,POOR,POOR,BEST,POOR,BEST,AVG,POOR,student_2853,banking
,Banking,S2855,12,5,10,17,7,15,11,6,s2855,AVG,POOR,POOR,BEST,POOR,BEST,AVG,POOR,student_2854,banking
,Banking,S2856,12,6,9,17,7,15,11,7,s2856,AVG,POOR,POOR,BEST,POOR,BEST,AVG,POOR,student_2855,banking
,Banking,S2857,12,8,7,17,7,15,11,5,s2857,AVG,POOR,POOR,BEST,POOR,BEST,AVG,POOR,student_2856,banking
,Banking,S2858,12,7,6,17,7,15,11,6,s2858,AVG,POOR,POOR,BEST,POOR,BEST,AVG,POOR,student_2857,banking
,Banking,S2859,12,5,10,17,7,15,11,7,s2859,AVG,POOR,POOR,BEST,POOR,BEST,AVG,POOR,student_2858,banking
,Banking,S2860,12,6,9,17,7,15,11,5,s2860,AVG,POOR,POOR,BEST,POOR,BEST,AVG,POOR,student_2859,banking
,Banking,S2861,12,8,7,17,7,15,11,6,s2861,AVG,POOR,POOR,BEST,POOR,BEST,AVG,POOR,student_2860,banking
,Banking,S2862,12,7,6,17,7,15,11,7,s2862,AVG,POOR,POOR,BEST,POOR,BEST,AVG,POOR,student_2861,banking
,Banking,S2863,12,5,10,17,9,15,11,5,s2863,AVG,POOR,POOR,BEST,POOR,BEST,AVG,POOR,student_2862,banking
,Banking,S2864,12,6,9,16,9,15,11,6,s2864,AVG,POOR,POOR,BEST,POOR,BEST,AVG,POOR,student_2863,banking
,Banking,S2865,12,8,7,16,9,15,11,7,s2865,AVG,POOR,POOR,BEST,POOR,BEST,AVG,POOR,student_2864,banking
,Banking,S2866,12,7,6,16,9,15,11,5,s2866,AVG,POOR,POOR,BEST,POOR,BEST,AVG,POOR,student_2865,banking
,Banking,S2867,12,5,10,16,9,15,11,6,s2867,AVG,POOR,POOR,BEST,POOR,BEST,AVG,POOR,student_2866,banking
,Banking,S2868,12,6,9,16,9,15,11,7,s2868,AVG,POOR,POOR,BEST,POOR,BEST,AVG,POOR,student_2867,banking
,Banking,S2869,12,8,7,16,9,15,11,5,s2869,AVG,POOR,POOR,BEST,POOR,BEST,AVG,POOR,student_2868,banking
,Banking,S2870,12,7,6,16,9,15,11,6,s2870,AVG,POOR,POOR,BEST,POOR,BEST,AVG,POOR,student_2869,banking
,Banking,S2871,12,5,10,16,9,15,11,7,s2871,AVG,POOR,POOR,BEST,POOR,BEST,AVG,POOR,student_2870,banking
,Banking,S2872,12,6,9,16,8,15,11,5,s2872,AVG,POOR,POOR,BEST,POOR,BEST,AVG,POOR,student_2871,banking
,Banking,S2873,12,8,7,16,8,15,11,6,s2873,AVG,POOR,POOR,BEST,POOR,BEST,AVG,POOR,student_2872,banking
,Banking,S2874,12,7,6,16,8,15,11,7,s2874,AVG,POOR,POOR,BEST,POOR,BEST,AVG,POOR,student_2873,banking
,Banking,S2875,12,5,10,15,8,15,11,5,s2875,AVG,POOR,POOR,BEST,POOR,BEST,AVG,POOR,student_2874,banking
,Banking,S2876,12,6,9,15,8,15,11,6,s2876,AVG,POOR,POOR,BEST,POOR,BEST,AVG,POOR,student_2875,banking
,Banking,S2877,12,8,7,15,8,15,11,7,s2877,AVG,POOR,POOR,BEST,POOR,BEST,AVG,POOR,student_2876,banking
,Banking,S2878,12,7,6,15,8,15,11,5,s2878,AVG,POOR,POOR,BEST,POOR,BEST,AVG,POOR,student_2877,banking
,Banking,S2879,12,5,10,15,8,15,11,6,s2879,AVG,POOR,POOR,BEST,POOR,BEST,AVG,POOR,student_2878,banking
,Banking,S2880,12,6,9,15,8,15,11,7,s2880,AVG,POOR,POOR,BEST,POOR,BEST,AVG,POOR,student_2879,banking
,Banking,S2881,12,8,7,15,8,15,11,5,s2881,AVG,POOR,POOR,BEST,POOR,BEST,AVG,POOR,student_2880,banking
,Banking,S2882,12,7,6,15,8,15,11,6,s2882,AVG,POOR,POOR,BEST,POOR,BEST,AVG,POOR,student_2881,banking
,Banking,S2883,12,5,10,15,8,15,11,7,s2883,AVG,POOR,POOR,BEST,POOR,BEST,AVG,POOR,student_2882,banking
,Banking,S2884,12,6,9,15,8,15,11,5,s2884,AVG,POOR,POOR,BEST,POOR,BEST,AVG,POOR,student_2883,banking
,Banking,S2885,12,8,7,15,6,15,11,6,s2885,AVG,POOR,POOR,BEST,POOR,BEST,AVG,POOR,student_2884,banking
,Banking,S2886,12,7,6,15,6,15,11,7,s2886,AVG,POOR,POOR,BEST,POOR,BEST,AVG,POOR,student_2885,banking
,Banking,S2887,12,5,10,15,6,15,11,5,s2887,AVG,POOR,POOR,BEST,POOR,BEST,AVG,POOR,student_2886,banking
,Banking,S2888,12,6,9,15,6,15,11,6,s2888,AVG,POOR,POOR,BEST,POOR,BEST,AVG,POOR,student_2887,banking
,Banking,S2889,12,8,7,15,6,15,11,7,s2889,AVG,POOR,POOR,BEST,POOR,BEST,AVG,POOR,student_2888,banking
,Banking,S2890,12,7,6,15,6,15,11,5,s2890,AVG,POOR,POOR,BEST,POOR,BEST,AVG,POOR,student_2889,banking
,Banking,S2891,12,5,10,15,6,15,11,6,s2891,AVG,POOR,POOR,BEST,POOR,BEST,AVG,POOR,student_2890,banking
,Banking,S2892,12,6,9,19,6,15,11,7,s2892,AVG,POOR,POOR,BEST,POOR,BEST,AVG,POOR,student_2891,banking
,Banking,S2893,12,8,7,19,6,15,11,5,s2893,AVG,POOR,POOR,BEST,POOR,BEST,AVG,POOR,student_2892,banking
,Banking,S2894,12,7,6,19,6,15,11,6,s2894,AVG,POOR,POOR,BEST,POOR,BEST,AVG,POOR,student_2893,banking
,Banking,S2895,12,5,10,19,5,15,11,7,s2895,AVG,POOR,POOR,BEST,POOR,BEST,AVG,POOR,student_2894,banking
,Banking,S2896,12,6,9,19,5,15,11,5,s2896,AVG,POOR,POOR,BEST,POOR,BEST,AVG,POOR,student_2895,banking
,Banking,S2897,12,8,7,19,5,15,11,6,s2897,AVG,POOR,POOR,BEST,POOR,BEST,AVG,POOR,student_2896,banking
,Banking,S2898,12,7,6,19,5,15,11,7,s2898,AVG,POOR,POOR,BEST,POOR,BEST,AVG,POOR,student_2897,banking
,Banking,S2899,12,8,6,19,5,15,11,5,s2899,AVG,POOR,POOR,BEST,POOR,BEST,AVG,POOR,student_2898,banking
,Banking,S2900,12,9,7,19,5,15,11,6,s2900,AVG,POOR,POOR,BEST,POOR,BEST,AVG,POOR,student_2899,banking
,Stock Broker,S2901,11,5,10,19,8,19,18,6,s2901,AVG,POOR,POOR,BEST,POOR,BEST,BEST,POOR,student_2900,stock broker
,Stock Broker,S2902,12,5,9,18,8,19,18,6,s2902,AVG,POOR,POOR,BEST,POOR,BEST,BEST,POOR,student_2901,stock broker
,Stock Broker,S2903,13,6,7,19,8,19,18,6,s2903,AVG,POOR,POOR,BEST,POOR,BEST,BEST,POOR,student_2902,stock broker
,Stock Broker,S2904,14,6,6,18,8,19,18,6,s2904,AVG,POOR,POOR,BEST,POOR,BEST,BEST,POOR,student_2903,stock broker
,Stock Broker,S2905,11,7,10,19,8,19,18,6,s2905,AVG,POOR,POOR,BEST,POOR,BEST,BEST,POOR,student_2904,stock broker
,Stock Broker,S2906,12,7,9,18,8,19,18,6,s2906,AVG,POOR,POOR,BEST,POOR,BEST,BEST,POOR,student_2905,stock broker
,Stock Broker,S2907,13,8,7,19,8,19,18,6,s2907,AVG,POOR,POOR,BEST,POOR,BEST,BEST,POOR,student_2906,stock broker
,Stock Broker,S2908,14,8,10,18,8,19,18,6,s2908,AVG,POOR,POOR,BEST,POOR,BEST,BEST,POOR,student_2907,stock broker
,Stock Broker,S2909,11,9,9,19,8,19,18,6,s2909,AVG,POOR,POOR,BEST,POOR,BEST,BEST,POOR,student_2908,stock broker
,Stock Broker,S2910,12,9,7,18,8,19,18,6,s2910,AVG,POOR,POOR,BEST,POOR,BEST,BEST,POOR,student_2909,stock broker
,Stock Broker,S2911,13,5,6,19,8,19,18,6,s2911,AVG,POOR,POOR,BEST,POOR,BEST,BEST,POOR,student_2910,stock broker
,Stock Broker,S2912,14,5,10,18,8,17,16,6,s2912,AVG,POOR,POOR,BEST,POOR,BEST,BEST,POOR,student_2911,stock broker
,Stock Broker,S2913,11,6,9,19,8,17,16,6,s2913,AVG,POOR,POOR,BEST,POOR,BEST,BEST,POOR,student_2912,stock broker
,Stock Broker,S2914,12,6,7,18,8,17,16,6,s2914,AVG,POOR,POOR,BEST,POOR,BEST,BEST,POOR,student_2913,stock broker
,Stock Broker,S2915,13,7,10,19,8,17,16,6,s2915,AVG,POOR,POOR,BEST,POOR,BEST,BEST,POOR,student_2914,stock broker
,Stock Broker,S2916,14,7,9,18,8,17,16,6,s2916,AVG,POOR,POOR,BEST,POOR,BEST,BEST,POOR,student_2915,stock broker
,Stock Broker,S2917,11,8,7,19,8,17,16,6,s2917,AVG,POOR,POOR,BEST,POOR,BEST,BEST,POOR,student_2916,stock broker
,Stock Broker,S2918,12,8,6,18,8,17,16,6,s2918,AVG,POOR,POOR,BEST,POOR,BEST,BEST,POOR,student_2917,stock broker
,Stock Broker,S2919,13,9,10,19,8,17,16,6,s2919,AVG,POOR,POOR,BEST,POOR,BEST,BEST,POOR,student_2918,stock broker
,Stock Broker,S2920,14,9,9,18,8,17,16,6,s2920,AVG,POOR,POOR,BEST,POOR,BEST,BEST,POOR,student_2919,stock broker
,Stock Broker,S2921,11,5,7,19,8,17,16,6,s2921,AVG,POOR,POOR,BEST,POOR,BEST,BEST,POOR,student_2920,stock broker
,Stock Broker,S2922,12,5,10,18,8,17,19,6,s2922,AVG,POOR,POOR,BEST,POOR,BEST,BEST,POOR,student_2921,stock broker
,Stock Broker,S2923,13,6,10,19,8,17,19,6,s2923,AVG,POOR,POOR,BEST,POOR,BEST,BEST,POOR,student_2922,stock broker
,Stock Broker,S2924,14,6,6,18,8,17,19,6,s2924,AVG,POOR,POOR,BEST,POOR,BEST,BEST,POOR,student_2923,stock broker
,Stock Broker,S2925,11,7,6,19,8,17,19,6,s2925,AVG,POOR,POOR,BEST,POOR,BEST,BEST,POOR,student_2924,stock broker
,Stock Broker,S2926,12,7,10,18,8,17,19,6,s2926,AVG,POOR,POOR,BEST,POOR,BEST,BEST,POOR,student_2925,stock broker
,Stock Broker,S2927,13,8,9,19,8,16,19,6,s2927,AVG,POOR,POOR,BEST,POOR,BEST,BEST,POOR,student_2926,stock broker
,Stock Broker,S2928,14,8,7,18,8,16,19,6,s2928,AVG,POOR,POOR,BEST,POOR,BEST,BEST,POOR,student_2927,stock broker
,Stock Broker,S2929,11,9,6,19,8,16,19,6,s2929,AVG,POOR,POOR,BEST,POOR,BEST,BEST,POOR,student_2928,stock broker
,Stock Broker,S2930,12,9,10,18,8,16,19,6,s2930,AVG,POOR,POOR,BEST,POOR,BEST,BEST,POOR,student_2929,stock broker
,Stock Broker,S2931,13,5,9,19,8,16,19,6,s2931,AVG,POOR,POOR,BEST,POOR,BEST,BEST,POOR,student_2930,stock broker
,Stock Broker,S2932,14,5,7,18,8,16,19,6,s2932,AVG,POOR,POOR,BEST,POOR,BEST,BEST,POOR,student_2931,stock broker
,Stock Broker,S2933,11,6,6,19,8,16,19,6,s2933,AVG,POOR,POOR,BEST,POOR,BEST,BEST,POOR,student_2932,stock broker
,Stock Broker,S2934,12,6,6,18,8,16,20,6,s2934,AVG,POOR,POOR,BEST,POOR,BEST,BEST,POOR,student_2933,stock broker
,Stock Broker,S2935,13,7,6,19,8,16,20,6,s2935,AVG,POOR,POOR,BEST,POOR,BEST,BEST,POOR,student_2934,stock broker
,Stock Broker,S2936,14,7,10,18,8,16,20,6,s2936,AVG,POOR,POOR,BEST,POOR,BEST,BEST,POOR,student_2935,stock broker
,Stock Broker,S2937,11,8,9,19,8,16,20,6,s2937,AVG,POOR,POOR,BEST,POOR,BEST,BEST,POOR,student_2936,stock broker
,Stock Broker,S2938,12,8,7,18,8,16,20,6,s2938,AVG,POOR,POOR,BEST,POOR,BEST,BEST,POOR,student_2937,stock broker
,Stock Broker,S2939,13,9,6,19,8,16,20,6,s2939,AVG,POOR,POOR,BEST,POOR,BEST,BEST,POOR,student_2938,stock broker
,Stock Broker,S2940,14,9,10,18,8,16,20,6,s2940,AVG,POOR,POOR,BEST,POOR,BEST,BEST,POOR,student_2939,stock broker
,Stock Broker,S2941,11,5,9,19,8,16,20,6,s2941,AVG,POOR,POOR,BEST,POOR,BEST,BEST,POOR,student_2940,stock broker
,Stock Broker,S2942,12,5,10,18,8,15,20,6,s2942,AVG,POOR,POOR,BEST,POOR,BEST,BEST,POOR,student_2941,stock broker
,Stock Broker,S2943,13,6,9,19,8,15,20,6,s2943,AVG,POOR,POOR,BEST,POOR,BEST,BEST,POOR,student_2942,stock broker
,Stock Broker,S2944,14,6,7,18,8,15,20,6,s2944,AVG,POOR,POOR,BEST,POOR,BEST,BEST,POOR,student_2943,stock broker
,Stock Broker,S2945,11,7,6,19,8,15,20,6,s2945,AVG,POOR,POOR,BEST,POOR,BEST,BEST,POOR,student_2944,stock broker
,Stock Broker,S2946,12,7,10,18,8,15,20,6,s2946,AVG,POOR,POOR,BEST,POOR,BEST,BEST,POOR,student_2945,stock broker
,Stock Broker,S2947,13,8,9,19,8,15,20,6,s2947,AVG,POOR,POOR,BEST,POOR,BEST,BEST,POOR,student_2946,stock broker
,Stock Broker,S2948,14,8,7,18,8,15,20,6,s2948,AVG,POOR,POOR,BEST,POOR,BEST,BEST,POOR,student_2947,stock broker
,Stock Broker,S2949,13,9,6,19,8,15,20,6,s2949,AVG,POOR,POOR,BEST,POOR,BEST,BEST,POOR,student_2948,stock broker
,Stock Broker,S2950,11,9,6,18,8,15,20,6,s2950,AVG,POOR,POOR,BEST,POOR,BEST,BEST,POOR,student_2949,stock broker
,Financial Advisor,S2951,19,7,11,16,12,17,17,7,s2951,BEST,POOR,AVG,BEST,AVG,BEST,BEST,POOR,student_2950,financial advisor
,Financial Advisor,S2952,18,8,12,16,13,18,17,6,s2952,BEST,POOR,AVG,BEST,AVG,BEST,BEST,POOR,student_2951,financial advisor
,Financial Advisor,S2953,17,6,13,16,12,19,17,8,s2953,BEST,POOR,AVG,BEST,AVG,BEST,BEST,POOR,student_2952,financial advisor
,Financial Advisor,S2954,16,8,14,16,13,18,17,7,s2954,BEST,POOR,AVG,BEST,AVG,BEST,BEST,POOR,student_2953,financial advisor
,Financial Advisor,S2955,15,7,13,16,12,20,17,6,s2955,BEST,POOR,AVG,BEST,AVG,BEST,BEST,POOR,student_2954,financial advisor
,Financial Advisor,S2956,20,8,12,16,13,19,17,8,s2956,BEST,POOR,AVG,BEST,AVG,BEST,BEST,POOR,student_2955,financial advisor
,Financial Advisor,S2957,15,6,11,16,12,18,17,7,s2957,BEST,POOR,AVG,BEST,AVG,BEST,BEST,POOR,student_2956,financial advisor
,Financial Advisor,S2958,16,8,11,16,13,17,17,6,s2958,BEST,POOR,AVG,BEST,AVG,BEST,BEST,POOR,student_2957,financial advisor
,Financial Advisor,S2959,17,7,12,16,12,16,17,8,s2959,BEST,POOR,AVG,BEST,AVG,BEST,BEST,POOR,student_2958,financial advisor
,Financial Advisor,S2960,18,8,13,16,13,15,17,7,s2960,BEST,POOR,AVG,BEST,AVG,BEST,BEST,POOR,student_2959,financial advisor
,Financial Advisor,S2961,19,6,14,16,12,17,17,6,s2961,BEST,POOR,AVG,BEST,AVG,BEST,BEST,POOR,student_2960,financial advisor
,Financial Advisor,S2962,20,8,13,16,13,18,17,8,s2962,BEST,POOR,AVG,BEST,AVG,BEST,BEST,POOR,student_2961,financial advisor
,Financial Advisor,S2963,19,7,12,16,12,19,17,7,s2963,BEST,POOR,AVG,BEST,AVG,BEST,BEST,POOR,student_2962,financial advisor
,Financial Advisor,S2964,18,8,11,16,13,18,17,6,s2964,BEST,POOR,AVG,BEST,AVG,BEST,BEST,POOR,student_2963,financial advisor
,Financial Advisor,S2965,17,6,11,16,12,20,17,8,s2965,BEST,POOR,AVG,BEST,AVG,BEST,BEST,POOR,student_2964,financial advisor
,Financial Advisor,S2966,16,8,12,16,13,19,17,7,s2966,BEST,POOR,AVG,BEST,AVG,BEST,BEST,POOR,student_2965,financial advisor
,Financial Advisor,S2967,15,7,13,16,12,18,17,6,s2967,BEST,POOR,AVG,BEST,AVG,BEST,BEST,POOR,student_2966,financial advisor
,Financial Advisor,S2968,20,8,14,16,13,17,17,8,s2968,BEST,POOR,AVG,BEST,AVG,BEST,BEST,POOR,student_2967,financial advisor
,Financial Advisor,S2969,15,6,13,15,12,16,17,7,s2969,BEST,POOR,AVG,BEST,AVG,BEST,BEST,POOR,student_2968,financial advisor
,Financial Advisor,S2970,16,8,12,15,13,15,17,6,s2970,BEST,POOR,AVG,BEST,AVG,BEST,BEST,POOR,student_2969,financial advisor
,Financial Advisor,S2971,17,7,11,15,12,18,17,8,s2971,BEST,POOR,AVG,BEST,AVG,BEST,BEST,POOR,student_2970,financial advisor
,Financial Advisor,S2972,18,8,11,15,13,17,17,7,s2972,BEST,POOR,AVG,BEST,AVG,BEST,BEST,POOR,student_2971,financial advisor
,Financial Advisor,S2973,19,6,12,15,12,18,17,6,s2973,BEST,POOR,AVG,BEST,AVG,BEST,BEST,POOR,student_2972,financial advisor
,Financial Advisor,S2974,20,8,13,15,13,19,17,8,s2974,BEST,POOR,AVG,BEST,AVG,BEST,BEST,POOR,student_2973,financial advisor
,Financial Advisor,S2975,19,7,14,15,12,18,17,7,s2975,BEST,POOR,AVG,BEST,AVG,BEST,BEST,POOR,student_2974,financial advisor
,Financial Advisor,S2976,18,8,13,15,13,20,17,6,s2976,BEST,POOR,AVG,BEST,AVG,BEST,BEST,POOR,student_2975,financial advisor
,Financial Advisor,S2977,17,6,12,15,12,19,17,8,s2977,BEST,POOR,AVG,BEST,AVG,BEST,BEST,POOR,student_2976,financial advisor
,Financial Advisor,S2978,16,8,11,15,13,18,17,7,s2978,BEST,POOR,AVG,BEST,AVG,BEST,BEST,POOR,student_2977,financial advisor
,Financial Advisor,S2979,15,7,11,15,12,17,17,6,s2979,BEST,POOR,AVG,BEST,AVG,BEST,BEST,POOR,student_2978,financial advisor
,Financial Advisor,S2980,20,8,12,15,13,16,17,8,s2980,BEST,POOR,AVG,BEST,AVG,BEST,BEST,POOR,student_2979,financial advisor
,Financial Advisor,S2981,15,6,13,15,12,15,17,7,s2981,BEST,POOR,AVG,BEST,AVG,BEST,BEST,POOR,student_2980,financial advisor
,Financial Advisor,S2982,16,8,14,15,13,17,17,6,s2982,BEST,POOR,AVG,BEST,AVG,BEST,BEST,POOR,student_2981,financial advisor
,Financial Advisor,S2983,17,7,13,15,12,18,17,8,s2983,BEST,POOR,AVG,BEST,AVG,BEST,BEST,POOR,student_2982,financial advisor
,Financial Advisor,S2984,18,8,12,15,13,19,17,7,s2984,BEST,POOR,AVG,BEST,AVG,BEST,BEST,POOR,student_2983,financial advisor
,Financial Advisor,S2985,19,6,11,15,12,18,17,6,s2985,BEST,POOR,AVG,BEST,AVG,BEST,BEST,POOR,student_2984,financial advisor
,Financial Advisor,S2986,20,8,11,18,13,20,17,8,s2986,BEST,POOR,AVG,BEST,AVG,BEST,BEST,POOR,student_2985,financial advisor
,Financial Advisor,S2987,19,7,12,18,12,19,17,7,s2987,BEST,POOR,AVG,BEST,AVG,BEST,BEST,POOR,student_2986,financial advisor
,Financial Advisor,S2988,18,8,13,18,13,18,17,6,s2988,BEST,POOR,AVG,BEST,AVG,BEST,BEST,POOR,student_2987,financial advisor
,Financial Advisor,S2989,17,6,14,18,12,17,17,8,s2989,BEST,POOR,AVG,BEST,AVG,BEST,BEST,POOR,student_2988,financial advisor
,Financial Advisor,S2990,16,8,13,18,13,16,17,7,s2990,BEST,POOR,AVG,BEST,AVG,BEST,BEST,POOR,student_2989,financial advisor
,Financial Advisor,S2991,15,7,12,18,12,15,17,6,s2991,BEST,POOR,AVG,BEST,AVG,BEST,BEST,POOR,student_2990,financial advisor
,Financial Advisor,S2992,20,8,11,18,13,17,17,8,s2992,BEST,POOR,AVG,BEST,AVG,BEST,BEST,POOR,student_2991,financial advisor
,Financial Advisor,S2993,15,6,12,18,12,18,17,7,s2993,BEST,POOR,AVG,BEST,AVG,BEST,BEST,POOR,student_2992,financial advisor
,Financial Advisor,S2994,16,8,11,18,13,19,17,6,s2994,BEST,POOR,AVG,BEST,AVG,BEST,BEST,POOR,student_2993,financial advisor
,Financial Advisor,S2995,17,7,11,18,12,18,17,8,s2995,BEST,POOR,AVG,BEST,AVG,BEST,BEST,POOR,student_2994,financial advisor
,Financial Advisor,S2996,18,8,12,18,13,20,17,7,s2996,BEST,POOR,AVG,BEST,AVG,BEST,BEST,POOR,student_2995,financial advisor
,Financial Advisor,S2997,19,6,13,18,12,19,17,6,s2997,BEST,POOR,AVG,BEST,AVG,BEST,BEST,POOR,student_2996,financial advisor
,Financial Advisor,S2998,20,8,14,18,13,18,17,8,s2998,BEST,POOR,AVG,BEST,AVG,BEST,BEST,POOR,student_2997,financial advisor
,Financial Advisor,S2999,16,9,13,18,14,17,17,9,s2999,BEST,POOR,AVG,BEST,AVG,BEST,BEST,POOR,student_2998,financial advisor
,Financial Advisor,S3000,18,7,12,18,11,16,17,6,s3000,BEST,POOR,AVG,BEST,AVG,BEST,BEST,POOR,student_2999,financial advisor
,Consultant,S3001,12,5,7,20,5,16,20,5,s3001,AVG,POOR,POOR,BEST,POOR,BEST,BEST,POOR,student_3000,consultant
,Consultant,S3002,11,6,6,17,9,15,19,6,s3002,AVG,POOR,POOR,BEST,POOR,BEST,BEST,POOR,student_3001,consultant
,Consultant,S3003,13,7,5,16,7,17,18,7,s3003,AVG,POOR,POOR,BEST,POOR,BEST,BEST,POOR,student_3002,consultant
,Consultant,S3004,14,5,8,19,6,18,17,5,s3004,AVG,POOR,POOR,BEST,POOR,BEST,BEST,POOR,student_3003,consultant
,Consultant,S3005,11,6,9,15,6,20,16,6,s3005,AVG,POOR,POOR,BEST,POOR,BEST,BEST,POOR,student_3004,consultant
,Consultant,S3006,12,7,6,18,7,16,15,7,s3006,AVG,POOR,POOR,BEST,POOR,BEST,BEST,POOR,student_3005,consultant
,Consultant,S3007,11,5,5,19,5,15,20,5,s3007,AVG,POOR,POOR,BEST,POOR,BEST,BEST,POOR,student_3006,consultant
,Consultant,S3008,13,6,9,16,9,17,19,6,s3008,AVG,POOR,POOR,BEST,POOR,BEST,BEST,POOR,student_3007,consultant
,Consultant,S3009,14,7,7,17,7,18,18,7,s3009,AVG,POOR,POOR,BEST,POOR,BEST,BEST,POOR,student_3008,consultant
,Consultant,S3010,11,8,6,16,6,20,17,8,s3010,AVG,POOR,POOR,BEST,POOR,BEST,BEST,POOR,student_3009,consultant
,Consultant,S3011,12,9,5,19,6,16,16,9,s3011,AVG,POOR,POOR,BEST,POOR,BEST,BEST,POOR,student_3010,consultant
,Consultant,S3012,11,10,9,15,7,15,15,10,s3012,AVG,POOR,POOR,BEST,POOR,BEST,BEST,POOR,student_3011,consultant
,Consultant,S3013,13,8,6,18,5,17,20,8,s3013,AVG,POOR,POOR,BEST,POOR,BEST,BEST,POOR,student_3012,consultant
,Consultant,S3014,14,9,5,19,9,18,19,9,s3014,AVG,POOR,POOR,BEST,POOR,BEST,BEST,POOR,student_3013,consultant
,Consultant,S3015,11,10,9,16,7,20,18,10,s3015,AVG,POOR,POOR,BEST,POOR,BEST,BEST,POOR,student_3014,consultant
,Consultant,S3016,12,8,9,17,6,16,17,8,s3016,AVG,POOR,POOR,BEST,POOR,BEST,BEST,POOR,student_3015,consultant
,Consultant,S3017,11,9,6,16,6,15,16,9,s3017,AVG,POOR,POOR,BEST,POOR,BEST,BEST,POOR,student_3016,consultant
,Consultant,S3018,13,10,5,19,6,17,15,10,s3018,AVG,POOR,POOR,BEST,POOR,BEST,BEST,POOR,student_3017,consultant
,Consultant,S3019,14,8,9,15,6,18,20,8,s3019,AVG,POOR,POOR,BEST,POOR,BEST,BEST,POOR,student_3018,consultant
,Consultant,S3020,11,9,7,18,5,20,19,9,s3020,AVG,POOR,POOR,BEST,POOR,BEST,BEST,POOR,student_3019,consultant
,Consultant,S3021,12,10,6,19,9,16,18,10,s3021,AVG,POOR,POOR,BEST,POOR,BEST,BEST,POOR,student_3020,consultant
,Consultant,S3022,11,6,6,16,7,15,17,6,s3022,AVG,POOR,POOR,BEST,POOR,BEST,BEST,POOR,student_3021,consultant
,Consultant,S3023,13,6,9,17,6,17,16,6,s3023,AVG,POOR,POOR,BEST,POOR,BEST,BEST,POOR,student_3022,consultant
,Consultant,S3024,14,6,6,16,6,18,15,6,s3024,AVG,POOR,POOR,BEST,POOR,BEST,BEST,POOR,student_3023,consultant
,Consultant,S3025,11,6,5,19,5,20,20,6,s3025,AVG,POOR,POOR,BEST,POOR,BEST,BEST,POOR,student_3024,consultant
,Consultant,S3026,12,6,9,15,9,16,19,6,s3026,AVG,POOR,POOR,BEST,POOR,BEST,BEST,POOR,student_3025,consultant
,Consultant,S3027,11,6,7,18,7,15,18,6,s3027,AVG,POOR,POOR,BEST,POOR,BEST,BEST,POOR,student_3026,consultant
,Consultant,S3028,13,6,6,19,6,17,17,6,s3028,AVG,POOR,POOR,BEST,POOR,BEST,BEST,POOR,student_3027,consultant
,Consultant,S3029,14,6,6,16,6,18,16,6,s3029,AVG,POOR,POOR,BEST,POOR,BEST,BEST,POOR,student_3028,consultant
,Consultant,S3030,11,5,9,20,6,20,15,9,s3030,AVG,POOR,POOR,BEST,POOR,BEST,BEST,POOR,student_3029,consultant
,Consultant,S3031,12,9,6,19,6,16,20,6,s3031,AVG,POOR,POOR,BEST,POOR,BEST,BEST,POOR,student_3030,consultant
,Consultant,S3032,11,7,5,18,9,15,19,5,s3032,AVG,POOR,POOR,BEST,POOR,BEST,BEST,POOR,student_3031,consultant
,Consultant,S3033,13,6,9,17,9,17,18,9,s3033,AVG,POOR,POOR,BEST,POOR,BEST,BEST,POOR,student_3032,consultant
,Consultant,S3034,14,6,7,15,9,18,17,7,s3034,AVG,POOR,POOR,BEST,POOR,BEST,BEST,POOR,student_3033,consultant
,Consultant,S3035,11,7,9,16,9,20,16,7,s3035,AVG,POOR,POOR,BEST,POOR,BEST,BEST,POOR,student_3034,consultant
,Consultant,S3036,12,8,9,15,9,16,15,8,s3036,AVG,POOR,POOR,BEST,POOR,BEST,BEST,POOR,student_3035,consultant
,Consultant,S3037,11,8,9,20,9,15,20,8,s3037,AVG,POOR,POOR,BEST,POOR,BEST,BEST,POOR,student_3036,consultant
,Consultant,S3038,13,8,9,19,9,17,19,8,s3038,AVG,POOR,POOR,BEST,POOR,BEST,BEST,POOR,student_3037,consultant
,Consultant,S3039,14,8,6,18,9,18,18,8,s3039,AVG,POOR,POOR,BEST,POOR,BEST,BEST,POOR,student_3038,consultant
,Consultant,S3040,11,8,5,17,9,20,17,8,s3040,AVG,POOR,POOR,BEST,POOR,BEST,BEST,POOR,student_3039,consultant
,Consultant,S3041,12,8,9,15,9,16,16,8,s3041,AVG,POOR,POOR,BEST,POOR,BEST,BEST,POOR,student_3040,consultant
,Consultant,S3042,11,8,7,16,9,15,15,8,s3042,AVG,POOR,POOR,BEST,POOR,BEST,BEST,POOR,student_3041,consultant
,Consultant,S3043,13,8,8,15,10,17,20,8,s3043,AVG,POOR,POOR,BEST,POOR,BEST,BEST,POOR,student_3042,consultant
,Consultant,S3044,14,9,7,20,8,18,19,9,s3044,AVG,POOR,POOR,BEST,POOR,BEST,BEST,POOR,student_3043,consultant
,Consultant,S3045,11,9,6,19,7,20,18,9,s3045,AVG,POOR,POOR,BEST,POOR,BEST,BEST,POOR,student_3044,consultant
,Consultant,S3046,12,9,5,18,6,16,17,9,s3046,AVG,POOR,POOR,BEST,POOR,BEST,BEST,POOR,student_3045,consultant
,Consultant,S3047,11,9,9,17,5,15,16,9,s3047,AVG,POOR,POOR,BEST,POOR,BEST,BEST,POOR,student_3046,consultant
,Consultant,S3048,13,9,8,15,10,17,15,9,s3048,AVG,POOR,POOR,BEST,POOR,BEST,BEST,POOR,student_3047,consultant
,Consultant,S3049,14,9,7,16,9,18,17,9,s3049,AVG,POOR,POOR,BEST,POOR,BEST,BEST,POOR,student_3048,consultant
,Consultant,S3050,11,9,5,15,7,20,15,9,s3050,AVG,POOR,POOR,BEST,POOR,BEST,BEST,POOR,student_3049,consultant
,Archeologist,S3051,11,5,12,11,12,5,18,20,s3051,AVG,POOR,AVG,AVG,AVG,POOR,BEST,BEST,student_3050,archeologist
,Archeologist,S3052,12,6,12,12,12,6,19,20,s3052,AVG,POOR,AVG,AVG,AVG,POOR,BEST,BEST,student_3051,archeologist
,Archeologist,S3053,13,7,13,13,12,7,20,20,s3053,AVG,POOR,AVG,AVG,AVG,POOR,BEST,BEST,student_3052,archeologist
,Archeologist,S3054,14,5,13,14,12,8,17,15,s3054,AVG,POOR,AVG,AVG,AVG,POOR,BEST,BEST,student_3053,archeologist
,Archeologist,S3055,11,6,14,11,12,9,16,18,s3055,AVG,POOR,AVG,AVG,AVG,POOR,BEST,BEST,student_3054,archeologist
,Archeologist,S3056,12,7,14,11,12,10,15,19,s3056,AVG,POOR,AVG,AVG,AVG,POOR,BEST,BEST,student_3055,archeologist
,Archeologist,S3057,13,5,11,12,12,9,18,20,s3057,AVG,POOR,AVG,AVG,AVG,POOR,BEST,BEST,student_3056,archeologist
,Archeologist,S3058,14,6,11,12,12,8,19,17,s3058,AVG,POOR,AVG,AVG,AVG,POOR,BEST,BEST,student_3057,archeologist
,Archeologist,S3059,11,7,12,14,12,7,20,20,s3059,AVG,POOR,AVG,AVG,AVG,POOR,BEST,BEST,student_3058,archeologist
,Archeologist,S3060,12,8,12,11,12,6,17,15,s3060,AVG,POOR,AVG,AVG,AVG,POOR,BEST,BEST,student_3059,archeologist
,Archeologist,S3061,13,9,13,12,12,5,16,18,s3061,AVG,POOR,AVG,AVG,AVG,POOR,BEST,BEST,student_3060,archeologist
,Archeologist,S3062,14,10,13,11,12,5,15,19,s3062,AVG,POOR,AVG,AVG,AVG,POOR,BEST,BEST,student_3061,archeologist
,Archeologist,S3063,11,8,14,14,12,6,18,20,s3063,AVG,POOR,AVG,AVG,AVG,POOR,BEST,BEST,student_3062,archeologist
,Archeologist,S3064,12,9,14,11,12,7,19,17,s3064,AVG,POOR,AVG,AVG,AVG,POOR,BEST,BEST,student_3063,archeologist
,Archeologist,S3065,13,10,11,12,12,8,20,20,s3065,AVG,POOR,AVG,AVG,AVG,POOR,BEST,BEST,student_3064,archeologist
,Archeologist,S3066,14,8,11,11,12,9,17,15,s3066,AVG,POOR,AVG,AVG,AVG,POOR,BEST,BEST,student_3065,archeologist
,Archeologist,S3067,11,9,12,14,12,10,16,18,s3067,AVG,POOR,AVG,AVG,AVG,POOR,BEST,BEST,student_3066,archeologist
,Archeologist,S3068,12,10,12,11,12,9,15,19,s3068,AVG,POOR,AVG,AVG,AVG,POOR,BEST,BEST,student_3067,archeologist
,Archeologist,S3069,13,8,13,12,14,8,20,20,s3069,AVG,POOR,AVG,AVG,AVG,POOR,BEST,BEST,student_3068,archeologist
,Archeologist,S3070,14,9,13,11,14,7,15,17,s3070,AVG,POOR,AVG,AVG,AVG,POOR,BEST,BEST,student_3069,archeologist
,Archeologist,S3071,11,10,14,11,14,6,18,19,s3071,AVG,POOR,AVG,AVG,AVG,POOR,BEST,BEST,student_3070,archeologist
,Archeologist,S3072,12,6,14,11,14,5,19,15,s3072,AVG,POOR,AVG,AVG,AVG,POOR,BEST,BEST,student_3071,archeologist
,Archeologist,S3073,13,5,11,14,14,5,20,18,s3073,AVG,POOR,AVG,AVG,AVG,POOR,BEST,BEST,student_3072,archeologist
,Archeologist,S3074,14,5,11,11,14,6,17,19,s3074,AVG,POOR,AVG,AVG,AVG,POOR,BEST,BEST,student_3073,archeologist
,Archeologist,S3075,11,6,12,12,14,7,20,20,s3075,AVG,POOR,AVG,AVG,AVG,POOR,BEST,BEST,student_3074,archeologist
,Archeologist,S3076,12,7,12,12,14,8,15,17,s3076,AVG,POOR,AVG,AVG,AVG,POOR,BEST,BEST,student_3075,archeologist
,Archeologist,S3077,13,8,13,12,14,9,18,19,s3077,AVG,POOR,AVG,AVG,AVG,POOR,BEST,BEST,student_3076,archeologist
,Archeologist,S3078,14,6,13,12,14,10,19,15,s3078,AVG,POOR,AVG,AVG,AVG,POOR,BEST,BEST,student_3077,archeologist
,Archeologist,S3079,11,6,14,14,14,9,20,18,s3079,AVG,POOR,AVG,AVG,AVG,POOR,BEST,BEST,student_3078,archeologist
,Archeologist,S3080,12,6,14,11,14,8,17,19,s3080,AVG,POOR,AVG,AVG,AVG,POOR,BEST,BEST,student_3079,archeologist
,Archeologist,S3081,13,5,11,12,14,7,20,20,s3081,AVG,POOR,AVG,AVG,AVG,POOR,BEST,BEST,student_3080,archeologist
,Archeologist,S3082,14,5,11,12,11,6,15,17,s3082,AVG,POOR,AVG,AVG,AVG,POOR,BEST,BEST,student_3081,archeologist
,Archeologist,S3083,11,6,12,12,11,5,18,19,s3083,AVG,POOR,AVG,AVG,AVG,POOR,BEST,BEST,student_3082,archeologist
,Archeologist,S3084,12,7,12,12,11,5,19,15,s3084,AVG,POOR,AVG,AVG,AVG,POOR,BEST,BEST,student_3083,archeologist
,Archeologist,S3085,13,8,13,12,11,6,20,18,s3085,AVG,POOR,AVG,AVG,AVG,POOR,BEST,BEST,student_3084,archeologist
,Archeologist,S3086,14,8,13,12,11,7,17,19,s3086,AVG,POOR,AVG,AVG,AVG,POOR,BEST,BEST,student_3085,archeologist
,Archeologist,S3087,11,6,14,12,11,8,19,20,s3087,AVG,POOR,AVG,AVG,AVG,POOR,BEST,BEST,student_3086,archeologist
,Archeologist,S3088,12,5,14,12,11,9,15,17,s3088,AVG,POOR,AVG,AVG,AVG,POOR,BEST,BEST,student_3087,archeologist
,Archeologist,S3089,13,5,11,13,11,10,18,15,s3089,AVG,POOR,AVG,AVG,AVG,POOR,BEST,BEST,student_3088,archeologist
,Archeologist,S3090,14,6,11,13,11,9,19,15,s3090,AVG,POOR,AVG,AVG,AVG,POOR,BEST,BEST,student_3089,archeologist
,Archeologist,S3091,11,7,12,13,11,8,20,15,s3091,AVG,POOR,AVG,AVG,AVG,POOR,BEST,BEST,student_3090,archeologist
,Archeologist,S3092,12,8,12,13,11,7,17,18,s3092,AVG,POOR,AVG,AVG,AVG,POOR,BEST,BEST,student_3091,archeologist
,Archeologist,S3093,13,8,13,13,11,6,15,19,s3093,AVG,POOR,AVG,AVG,AVG,POOR,BEST,BEST,student_3092,archeologist
,Archeologist,S3094,14,9,13,13,11,5,18,20,s3094,AVG,POOR,AVG,AVG,AVG,POOR,BEST,BEST,student_3093,archeologist
,Archeologist,S3095,11,6,14,13,11,10,19,17,s3095,AVG,POOR,AVG,AVG,AVG,POOR,BEST,BEST,student_3094,archeologist
,Archeologist,S3096,12,5,14,13,11,9,20,15,s3096,AVG,POOR,AVG,AVG,AVG,POOR,BEST,BEST,student_3095,archeologist
,Archeologist,S3097,13,5,11,13,11,8,17,18,s3097,AVG,POOR,AVG,AVG,AVG,POOR,BEST,BEST,student_3096,archeologist
,Archeologist,S3098,14,6,11,13,11,7,19,19,s3098,AVG,POOR,AVG,AVG,AVG,POOR,BEST,BEST,student_3097,archeologist
,Archeologist,S3099,11,7,11,13,11,6,18,20,s3099,AVG,POOR,AVG,AVG,AVG,POOR,BEST,BEST,student_3098,archeologist
,Archeologist,S3100,12,8,11,13,11,5,16,17,s3100,AVG,POOR,AVG,AVG,AVG,POOR,BEST,BEST,student_3099,archeologist
,Pre Primary Teacher (2020 NEP and Mental Health),S3101,15,12,18,11,12,20,5,5,s3101,BEST,AVG,BEST,AVG,AVG,BEST,POOR,POOR,student_3100,pre primary teacher (2020 nep and mental health)
,Pre Primary Teacher (2020 NEP and Mental Health),S3102,18,13,19,12,12,20,6,6,s3102,BEST,AVG,BEST,AVG,AVG,BEST,POOR,POOR,student_3101,pre primary teacher (2020 nep and mental health)
,Pre Primary Teacher (2020 NEP and Mental Health),S3103,19,14,20,13,12,20,7,7,s3103,BEST,AVG,BEST,AVG,AVG,BEST,POOR,POOR,student_3102,pre primary teacher (2020 nep and mental health)
,Pre Primary Teacher (2020 NEP and Mental Health),S3104,20,11,17,14,12,20,5,5,s3104,BEST,AVG,BEST,AVG,AVG,BEST,POOR,POOR,student_3103,pre primary teacher (2020 nep and mental health)
,Pre Primary Teacher (2020 NEP and Mental Health),S3105,17,12,16,13,12,20,6,6,s3105,BEST,AVG,BEST,AVG,AVG,BEST,POOR,POOR,student_3104,pre primary teacher (2020 nep and mental health)
,Pre Primary Teacher (2020 NEP and Mental Health),S3106,20,13,15,12,12,20,8,7,s3106,BEST,AVG,BEST,AVG,AVG,BEST,POOR,POOR,student_3105,pre primary teacher (2020 nep and mental health)
,Pre Primary Teacher (2020 NEP and Mental Health),S3107,15,14,18,11,12,20,9,5,s3107,BEST,AVG,BEST,AVG,AVG,BEST,POOR,POOR,student_3106,pre primary teacher (2020 nep and mental health)
,Pre Primary Teacher (2020 NEP and Mental Health),S3108,18,11,19,11,12,20,10,6,s3108,BEST,AVG,BEST,AVG,AVG,BEST,POOR,POOR,student_3107,pre primary teacher (2020 nep and mental health)
,Pre Primary Teacher (2020 NEP and Mental Health),S3109,19,12,20,12,12,20,8,7,s3109,BEST,AVG,BEST,AVG,AVG,BEST,POOR,POOR,student_3108,pre primary teacher (2020 nep and mental health)
,Pre Primary Teacher (2020 NEP and Mental Health),S3110,20,13,17,13,12,20,9,8,s3110,BEST,AVG,BEST,AVG,AVG,BEST,POOR,POOR,student_3109,pre primary teacher (2020 nep and mental health)
,Pre Primary Teacher (2020 NEP and Mental Health),S3111,17,14,16,14,12,20,10,9,s3111,BEST,AVG,BEST,AVG,AVG,BEST,POOR,POOR,student_3110,pre primary teacher (2020 nep and mental health)
,Pre Primary Teacher (2020 NEP and Mental Health),S3112,15,11,15,13,12,20,8,10,s3112,BEST,AVG,BEST,AVG,AVG,BEST,POOR,POOR,student_3111,pre primary teacher (2020 nep and mental health)
,Pre Primary Teacher (2020 NEP and Mental Health),S3113,18,12,18,12,12,20,9,8,s3113,BEST,AVG,BEST,AVG,AVG,BEST,POOR,POOR,student_3112,pre primary teacher (2020 nep and mental health)
,Pre Primary Teacher (2020 NEP and Mental Health),S3114,19,13,19,11,12,20,10,9,s3114,BEST,AVG,BEST,AVG,AVG,BEST,POOR,POOR,student_3113,pre primary teacher (2020 nep and mental health)
,Pre Primary Teacher (2020 NEP and Mental Health),S3115,20,14,20,11,12,20,8,10,s3115,BEST,AVG,BEST,AVG,AVG,BEST,POOR,POOR,student_3114,pre primary teacher (2020 nep and mental health)
,Pre Primary Teacher (2020 NEP and Mental Health),S3116,17,11,17,12,12,20,9,8,s3116,BEST,AVG,BEST,AVG,AVG,BEST,POOR,POOR,student_3115,pre primary teacher (2020 nep and mental health)
,Pre Primary Teacher (2020 NEP and Mental Health),S3117,19,12,16,13,12,19,10,9,s3117,BEST,AVG,BEST,AVG,AVG,BEST,POOR,POOR,student_3116,pre primary teacher (2020 nep and mental health)
,Pre Primary Teacher (2020 NEP and Mental Health),S3118,19,13,15,14,12,19,8,10,s3118,BEST,AVG,BEST,AVG,AVG,BEST,POOR,POOR,student_3117,pre primary teacher (2020 nep and mental health)
,Pre Primary Teacher (2020 NEP and Mental Health),S3119,19,14,20,13,14,19,9,8,s3119,BEST,AVG,BEST,AVG,AVG,BEST,POOR,POOR,student_3118,pre primary teacher (2020 nep and mental health)
,Pre Primary Teacher (2020 NEP and Mental Health),S3120,15,11,19,12,14,19,10,9,s3120,BEST,AVG,BEST,AVG,AVG,BEST,POOR,POOR,student_3119,pre primary teacher (2020 nep and mental health)
,Pre Primary Teacher (2020 NEP and Mental Health),S3121,18,12,15,11,14,19,8,10,s3121,BEST,AVG,BEST,AVG,AVG,BEST,POOR,POOR,student_3120,pre primary teacher (2020 nep and mental health)
,Pre Primary Teacher (2020 NEP and Mental Health),S3122,19,13,18,11,14,19,9,6,s3122,BEST,AVG,BEST,AVG,AVG,BEST,POOR,POOR,student_3121,pre primary teacher (2020 nep and mental health)
,Pre Primary Teacher (2020 NEP and Mental Health),S3123,20,14,19,12,14,19,10,6,s3123,BEST,AVG,BEST,AVG,AVG,BEST,POOR,POOR,student_3122,pre primary teacher (2020 nep and mental health)
,Pre Primary Teacher (2020 NEP and Mental Health),S3124,17,11,20,13,14,19,6,7,s3124,BEST,AVG,BEST,AVG,AVG,BEST,POOR,POOR,student_3123,pre primary teacher (2020 nep and mental health)
,Pre Primary Teacher (2020 NEP and Mental Health),S3125,19,12,20,14,14,19,8,5,s3125,BEST,AVG,BEST,AVG,AVG,BEST,POOR,POOR,student_3124,pre primary teacher (2020 nep and mental health)
,Pre Primary Teacher (2020 NEP and Mental Health),S3126,15,13,20,13,14,19,9,6,s3126,BEST,AVG,BEST,AVG,AVG,BEST,POOR,POOR,student_3125,pre primary teacher (2020 nep and mental health)
,Pre Primary Teacher (2020 NEP and Mental Health),S3127,18,14,19,12,14,19,10,8,s3127,BEST,AVG,BEST,AVG,AVG,BEST,POOR,POOR,student_3126,pre primary teacher (2020 nep and mental health)
,Pre Primary Teacher (2020 NEP and Mental Health),S3128,19,11,15,11,14,19,8,6,s3128,BEST,AVG,BEST,AVG,AVG,BEST,POOR,POOR,student_3127,pre primary teacher (2020 nep and mental health)
,Pre Primary Teacher (2020 NEP and Mental Health),S3129,20,12,18,11,14,19,9,5,s3129,BEST,AVG,BEST,AVG,AVG,BEST,POOR,POOR,student_3128,pre primary teacher (2020 nep and mental health)
,Pre Primary Teacher (2020 NEP and Mental Health),S3130,17,13,19,12,14,19,10,7,s3130,BEST,AVG,BEST,AVG,AVG,BEST,POOR,POOR,student_3129,pre primary teacher (2020 nep and mental health)
,Pre Primary Teacher (2020 NEP and Mental Health),S3131,19,14,20,13,14,19,6,5,s3131,BEST,AVG,BEST,AVG,AVG,BEST,POOR,POOR,student_3130,pre primary teacher (2020 nep and mental health)
,Pre Primary Teacher (2020 NEP and Mental Health),S3132,15,11,19,14,11,19,8,6,s3132,BEST,AVG,BEST,AVG,AVG,BEST,POOR,POOR,student_3131,pre primary teacher (2020 nep and mental health)
,Pre Primary Teacher (2020 NEP and Mental Health),S3133,18,12,20,13,12,19,9,8,s3133,BEST,AVG,BEST,AVG,AVG,BEST,POOR,POOR,student_3132,pre primary teacher (2020 nep and mental health)
,Pre Primary Teacher (2020 NEP and Mental Health),S3134,19,13,20,12,11,19,10,7,s3134,BEST,AVG,BEST,AVG,AVG,BEST,POOR,POOR,student_3133,pre primary teacher (2020 nep and mental health)
,Pre Primary Teacher (2020 NEP and Mental Health),S3135,20,14,19,11,12,15,8,7,s3135,BEST,AVG,BEST,AVG,AVG,BEST,POOR,POOR,student_3134,pre primary teacher (2020 nep and mental health)
,Pre Primary Teacher (2020 NEP and Mental Health),S3136,17,11,19,11,11,15,9,5,s3136,BEST,AVG,BEST,AVG,AVG,BEST,POOR,POOR,student_3135,pre primary teacher (2020 nep and mental health)
,Pre Primary Teacher (2020 NEP and Mental Health),S3137,15,12,19,12,13,15,10,6,s3137,BEST,AVG,BEST,AVG,AVG,BEST,POOR,POOR,student_3136,pre primary teacher (2020 nep and mental health)
,Pre Primary Teacher (2020 NEP and Mental Health),S3138,15,13,19,13,11,15,9,8,s3138,BEST,AVG,BEST,AVG,AVG,BEST,POOR,POOR,student_3137,pre primary teacher (2020 nep and mental health)
,Pre Primary Teacher (2020 NEP and Mental Health),S3139,15,14,19,14,11,15,9,7,s3139,BEST,AVG,BEST,AVG,AVG,BEST,POOR,POOR,student_3138,pre primary teacher (2020 nep and mental health)
,Pre Primary Teacher (2020 NEP and Mental Health),S3140,15,11,15,13,14,15,9,5,s3140,BEST,AVG,BEST,AVG,AVG,BEST,POOR,POOR,student_3139,pre primary teacher (2020 nep and mental health)
,Pre Primary Teacher (2020 NEP and Mental Health),S3141,18,12,18,12,11,15,9,6,s3141,BEST,AVG,BEST,AVG,AVG,BEST,POOR,POOR,student_3140,pre primary teacher (2020 nep and mental health)
,Pre Primary Teacher (2020 NEP and Mental Health),S3142,19,13,18,11,11,15,9,8,s3142,BEST,AVG,BEST,AVG,AVG,BEST,POOR,POOR,student_3141,pre primary teacher (2020 nep and mental health)
,Pre Primary Teacher (2020 NEP and Mental Health),S3143,20,14,19,11,11,15,7,8,s3143,BEST,AVG,BEST,AVG,AVG,BEST,POOR,POOR,student_3142,pre primary teacher (2020 nep and mental health)
,Pre Primary Teacher (2020 NEP and Mental Health),S3144,17,11,19,12,13,15,5,9,s3144,BEST,AVG,BEST,AVG,AVG,BEST,POOR,POOR,student_3143,pre primary teacher (2020 nep and mental health)
,Pre Primary Teacher (2020 NEP and Mental Health),S3145,15,12,19,13,11,15,6,7,s3145,BEST,AVG,BEST,AVG,AVG,BEST,POOR,POOR,student_3144,pre primary teacher (2020 nep and mental health)
,Pre Primary Teacher (2020 NEP and Mental Health),S3146,18,13,15,14,11,15,7,5,s3146,BEST,AVG,BEST,AVG,AVG,BEST,POOR,POOR,student_3145,pre primary teacher (2020 nep and mental health)
,Pre Primary Teacher (2020 NEP and Mental Health),S3147,19,14,18,13,11,15,5,6,s3147,BEST,AVG,BEST,AVG,AVG,BEST,POOR,POOR,student_3146,pre primary teacher (2020 nep and mental health)
,Pre Primary Teacher (2020 NEP and Mental Health),S3148,20,11,19,12,11,15,6,8,s3148,BEST,AVG,BEST,AVG,AVG,BEST,POOR,POOR,student_3147,pre primary teacher (2020 nep and mental health)
,Pre Primary Teacher (2020 NEP and Mental Health),S3149,17,12,19,11,11,15,8,9,s3149,BEST,AVG,BEST,AVG,AVG,BEST,POOR,POOR,student_3148,pre primary teacher (2020 nep and mental health)
,Pre Primary Teacher (2020 NEP and Mental Health),S3150,15,11,16,12,11,15,9,6,s3150,BEST,AVG,BEST,AVG,AVG,BEST,POOR,POOR,student_3149,pre primary teacher (2020 nep and mental health)
,Primary Teacher,S3151,20,19,15,12,5,11,12,6,s3151,BEST,BEST,BEST,AVG,POOR,AVG,AVG,POOR,student_3150,primary teacher
,Primary Teacher,S3152,19,19,16,11,6,11,12,7,s3152,BEST,BEST,BEST,AVG,POOR,AVG,AVG,POOR,student_3151,primary teacher
,Primary Teacher,S3153,18,19,17,13,7,11,12,5,s3153,BEST,BEST,BEST,AVG,POOR,AVG,AVG,POOR,student_3152,primary teacher
,Primary Teacher,S3154,17,19,18,14,5,11,12,6,s3154,BEST,BEST,BEST,AVG,POOR,AVG,AVG,POOR,student_3153,primary teacher
,Primary Teacher,S3155,16,19,20,12,6,11,12,6,s3155,BEST,BEST,BEST,AVG,POOR,AVG,AVG,POOR,student_3154,primary teacher
,Primary Teacher,S3156,15,19,19,12,7,11,12,7,s3156,BEST,BEST,BEST,AVG,POOR,AVG,AVG,POOR,student_3155,primary teacher
,Primary Teacher,S3157,19,19,16,12,5,11,12,5,s3157,BEST,BEST,BEST,AVG,POOR,AVG,AVG,POOR,student_3156,primary teacher
,Primary Teacher,S3158,18,19,17,12,6,11,12,6,s3158,BEST,BEST,BEST,AVG,POOR,AVG,AVG,POOR,student_3157,primary teacher
,Primary Teacher,S3159,17,19,18,12,7,11,12,6,s3159,BEST,BEST,BEST,AVG,POOR,AVG,AVG,POOR,student_3158,primary teacher
,Primary Teacher,S3160,16,19,19,12,8,11,12,7,s3160,BEST,BEST,BEST,AVG,POOR,AVG,AVG,POOR,student_3159,primary teacher
,Primary Teacher,S3161,20,19,15,12,9,11,12,5,s3161,BEST,BEST,BEST,AVG,POOR,AVG,AVG,POOR,student_3160,primary teacher
,Primary Teacher,S3162,19,19,16,12,10,11,12,6,s3162,BEST,BEST,BEST,AVG,POOR,AVG,AVG,POOR,student_3161,primary teacher
,Primary Teacher,S3163,18,19,17,12,8,11,12,7,s3163,BEST,BEST,BEST,AVG,POOR,AVG,AVG,POOR,student_3162,primary teacher
,Primary Teacher,S3164,17,19,18,12,9,11,12,6,s3164,BEST,BEST,BEST,AVG,POOR,AVG,AVG,POOR,student_3163,primary teacher
,Primary Teacher,S3165,16,19,20,12,10,11,12,7,s3165,BEST,BEST,BEST,AVG,POOR,AVG,AVG,POOR,student_3164,primary teacher
,Primary Teacher,S3166,15,19,19,12,8,11,12,5,s3166,BEST,BEST,BEST,AVG,POOR,AVG,AVG,POOR,student_3165,primary teacher
,Primary Teacher,S3167,19,19,16,12,9,11,12,6,s3167,BEST,BEST,BEST,AVG,POOR,AVG,AVG,POOR,student_3166,primary teacher
,Primary Teacher,S3168,18,19,17,12,10,11,12,6,s3168,BEST,BEST,BEST,AVG,POOR,AVG,AVG,POOR,student_3167,primary teacher
,Primary Teacher,S3169,17,19,18,14,8,11,14,7,s3169,BEST,BEST,BEST,AVG,POOR,AVG,AVG,POOR,student_3168,primary teacher
,Primary Teacher,S3170,16,19,19,14,9,11,14,5,s3170,BEST,BEST,BEST,AVG,POOR,AVG,AVG,POOR,student_3169,primary teacher
,Primary Teacher,S3171,20,19,15,14,8,11,14,6,s3171,BEST,BEST,BEST,AVG,POOR,AVG,AVG,POOR,student_3170,primary teacher
,Primary Teacher,S3172,19,17,16,14,9,11,14,10,s3172,BEST,BEST,BEST,AVG,POOR,AVG,AVG,POOR,student_3171,primary teacher
,Primary Teacher,S3173,18,16,17,14,6,12,14,8,s3173,BEST,BEST,BEST,AVG,POOR,AVG,AVG,POOR,student_3172,primary teacher
,Primary Teacher,S3174,17,15,18,14,10,12,14,9,s3174,BEST,BEST,BEST,AVG,POOR,AVG,AVG,POOR,student_3173,primary teacher
,Primary Teacher,S3175,16,20,20,14,8,12,14,6,s3175,BEST,BEST,BEST,AVG,POOR,AVG,AVG,POOR,student_3174,primary teacher
,Primary Teacher,S3176,15,19,19,14,9,12,14,10,s3176,BEST,BEST,BEST,AVG,POOR,AVG,AVG,POOR,student_3175,primary teacher
,Primary Teacher,S3177,19,19,16,14,6,12,14,8,s3177,BEST,BEST,BEST,AVG,POOR,AVG,AVG,POOR,student_3176,primary teacher
,Primary Teacher,S3178,18,19,17,14,8,12,14,9,s3178,BEST,BEST,BEST,AVG,POOR,AVG,AVG,POOR,student_3177,primary teacher
,Primary Teacher,S3179,17,19,18,14,9,12,14,10,s3179,BEST,BEST,BEST,AVG,POOR,AVG,AVG,POOR,student_3178,primary teacher
,Primary Teacher,S3180,16,19,19,14,6,12,14,8,s3180,BEST,BEST,BEST,AVG,POOR,AVG,AVG,POOR,student_3179,primary teacher
,Primary Teacher,S3181,20,17,15,14,10,12,14,9,s3181,BEST,BEST,BEST,AVG,POOR,AVG,AVG,POOR,student_3180,primary teacher
,Primary Teacher,S3182,19,16,16,11,8,12,11,9,s3182,BEST,BEST,BEST,AVG,POOR,AVG,AVG,POOR,student_3181,primary teacher
,Primary Teacher,S3183,18,15,17,11,9,12,11,10,s3183,BEST,BEST,BEST,AVG,POOR,AVG,AVG,POOR,student_3182,primary teacher
,Primary Teacher,S3184,17,20,18,11,7,12,11,8,s3184,BEST,BEST,BEST,AVG,POOR,AVG,AVG,POOR,student_3183,primary teacher
,Primary Teacher,S3185,16,19,20,11,7,12,11,9,s3185,BEST,BEST,BEST,AVG,POOR,AVG,AVG,POOR,student_3184,primary teacher
,Primary Teacher,S3186,15,19,19,11,8,12,11,10,s3186,BEST,BEST,BEST,AVG,POOR,AVG,AVG,POOR,student_3185,primary teacher
,Primary Teacher,S3187,19,19,16,11,9,12,11,8,s3187,BEST,BEST,BEST,AVG,POOR,AVG,AVG,POOR,student_3186,primary teacher
,Primary Teacher,S3188,18,19,17,11,6,12,11,9,s3188,BEST,BEST,BEST,AVG,POOR,AVG,AVG,POOR,student_3187,primary teacher
,Primary Teacher,S3189,17,19,18,11,10,13,11,10,s3189,BEST,BEST,BEST,AVG,POOR,AVG,AVG,POOR,student_3188,primary teacher
,Primary Teacher,S3190,16,17,19,11,8,13,11,8,s3190,BEST,BEST,BEST,AVG,POOR,AVG,AVG,POOR,student_3189,primary teacher
,Primary Teacher,S3191,20,16,15,11,9,13,11,9,s3191,BEST,BEST,BEST,AVG,POOR,AVG,AVG,POOR,student_3190,primary teacher
,Primary Teacher,S3192,19,15,15,11,8,13,11,9,s3192,BEST,BEST,BEST,AVG,POOR,AVG,AVG,POOR,student_3191,primary teacher
,Primary Teacher,S3193,18,20,16,11,8,13,11,8,s3193,BEST,BEST,BEST,AVG,POOR,AVG,AVG,POOR,student_3192,primary teacher
,Primary Teacher,S3194,17,20,17,11,9,13,11,9,s3194,BEST,BEST,BEST,AVG,POOR,AVG,AVG,POOR,student_3193,primary teacher
,Primary Teacher,S3195,16,20,18,11,6,13,11,6,s3195,BEST,BEST,BEST,AVG,POOR,AVG,AVG,POOR,student_3194,primary teacher
,Primary Teacher,S3196,15,20,20,11,10,13,11,10,s3196,BEST,BEST,BEST,AVG,POOR,AVG,AVG,POOR,student_3195,primary teacher
,Primary Teacher,S3197,19,20,19,11,8,13,11,8,s3197,BEST,BEST,BEST,AVG,POOR,AVG,AVG,POOR,student_3196,primary teacher
,Primary Teacher,S3198,18,20,16,11,9,13,11,9,s3198,BEST,BEST,BEST,AVG,POOR,AVG,AVG,POOR,student_3197,primary teacher
,Primary Teacher,S3199,17,20,17,11,7,13,11,10,s3199,BEST,BEST,BEST,AVG,POOR,AVG,AVG,POOR,student_3198,primary teacher
,Primary Teacher,S3200,16,20,18,11,8,13,11,7,s3200,BEST,BEST,BEST,AVG,POOR,AVG,AVG,POOR,student_3199,primary teacher
,"Middle, Higher School Teacher and Professors",S3201,12,14,11,17,7,15,20,5,s3201,AVG,AVG,AVG,BEST,POOR,BEST,BEST,POOR,student_3200,"middle, higher school teacher and professors"
,"Middle, Higher School Teacher and Professors",S3202,13,11,12,16,6,16,19,6,s3202,AVG,AVG,AVG,BEST,POOR,BEST,BEST,POOR,student_3201,"middle, higher school teacher and professors"
,"Middle, Higher School Teacher and Professors",S3203,14,13,13,20,5,17,18,7,s3203,AVG,AVG,AVG,BEST,POOR,BEST,BEST,POOR,student_3202,"middle, higher school teacher and professors"
,"Middle, Higher School Teacher and Professors",S3204,11,12,12,19,8,18,17,5,s3204,AVG,AVG,AVG,BEST,POOR,BEST,BEST,POOR,student_3203,"middle, higher school teacher and professors"
,"Middle, Higher School Teacher and Professors",S3205,12,13,13,18,9,19,16,6,s3205,AVG,AVG,AVG,BEST,POOR,BEST,BEST,POOR,student_3204,"middle, higher school teacher and professors"
,"Middle, Higher School Teacher and Professors",S3206,13,12,14,17,10,20,20,7,s3206,AVG,AVG,AVG,BEST,POOR,BEST,BEST,POOR,student_3205,"middle, higher school teacher and professors"
,"Middle, Higher School Teacher and Professors",S3207,12,11,11,16,9,15,15,5,s3207,AVG,AVG,AVG,BEST,POOR,BEST,BEST,POOR,student_3206,"middle, higher school teacher and professors"
,"Middle, Higher School Teacher and Professors",S3208,13,14,12,15,8,16,16,6,s3208,AVG,AVG,AVG,BEST,POOR,BEST,BEST,POOR,student_3207,"middle, higher school teacher and professors"
,"Middle, Higher School Teacher and Professors",S3209,14,11,13,19,6,17,17,7,s3209,AVG,AVG,AVG,BEST,POOR,BEST,BEST,POOR,student_3208,"middle, higher school teacher and professors"
,"Middle, Higher School Teacher and Professors",S3210,11,13,12,18,7,18,18,8,s3210,AVG,AVG,AVG,BEST,POOR,BEST,BEST,POOR,student_3209,"middle, higher school teacher and professors"
,"Middle, Higher School Teacher and Professors",S3211,12,12,13,17,7,19,19,9,s3211,AVG,AVG,AVG,BEST,POOR,BEST,BEST,POOR,student_3210,"middle, higher school teacher and professors"
,"Middle, Higher School Teacher and Professors",S3212,13,13,14,16,6,20,20,10,s3212,AVG,AVG,AVG,BEST,POOR,BEST,BEST,POOR,student_3211,"middle, higher school teacher and professors"
,"Middle, Higher School Teacher and Professors",S3213,12,11,11,20,5,15,19,8,s3213,AVG,AVG,AVG,BEST,POOR,BEST,BEST,POOR,student_3212,"middle, higher school teacher and professors"
,"Middle, Higher School Teacher and Professors",S3214,13,14,12,19,8,16,18,9,s3214,AVG,AVG,AVG,BEST,POOR,BEST,BEST,POOR,student_3213,"middle, higher school teacher and professors"
,"Middle, Higher School Teacher and Professors",S3215,14,11,13,18,9,17,17,10,s3215,AVG,AVG,AVG,BEST,POOR,BEST,BEST,POOR,student_3214,"middle, higher school teacher and professors"
,"Middle, Higher School Teacher and Professors",S3216,11,13,12,17,10,18,16,8,s3216,AVG,AVG,AVG,BEST,POOR,BEST,BEST,POOR,student_3215,"middle, higher school teacher and professors"
,"Middle, Higher School Teacher and Professors",S3217,12,12,13,16,9,19,20,9,s3217,AVG,AVG,AVG,BEST,POOR,BEST,BEST,POOR,student_3216,"middle, higher school teacher and professors"
,"Middle, Higher School Teacher and Professors",S3218,13,13,14,15,8,20,15,10,s3218,AVG,AVG,AVG,BEST,POOR,BEST,BEST,POOR,student_3217,"middle, higher school teacher and professors"
,"Middle, Higher School Teacher and Professors",S3219,12,11,11,19,6,15,16,8,s3219,AVG,AVG,AVG,BEST,POOR,BEST,BEST,POOR,student_3218,"middle, higher school teacher and professors"
,"Middle, Higher School Teacher and Professors",S3220,13,14,12,18,7,16,17,9,s3220,AVG,AVG,AVG,BEST,POOR,BEST,BEST,POOR,student_3219,"middle, higher school teacher and professors"
,"Middle, Higher School Teacher and Professors",S3221,14,11,13,17,7,17,18,10,s3221,AVG,AVG,AVG,BEST,POOR,BEST,BEST,POOR,student_3220,"middle, higher school teacher and professors"
,"Middle, Higher School Teacher and Professors",S3222,11,13,12,16,6,18,19,8,s3222,AVG,AVG,AVG,BEST,POOR,BEST,BEST,POOR,student_3221,"middle, higher school teacher and professors"
,"Middle, Higher School Teacher and Professors",S3223,12,12,13,20,5,19,20,9,s3223,AVG,AVG,AVG,BEST,POOR,BEST,BEST,POOR,student_3222,"middle, higher school teacher and professors"
,"Middle, Higher School Teacher and Professors",S3224,13,13,14,19,8,20,19,10,s3224,AVG,AVG,AVG,BEST,POOR,BEST,BEST,POOR,student_3223,"middle, higher school teacher and professors"
,"Middle, Higher School Teacher and Professors",S3225,12,12,11,18,9,15,18,8,s3225,AVG,AVG,AVG,BEST,POOR,BEST,BEST,POOR,student_3224,"middle, higher school teacher and professors"
,"Middle, Higher School Teacher and Professors",S3226,13,14,12,17,10,16,17,9,s3226,AVG,AVG,AVG,BEST,POOR,BEST,BEST,POOR,student_3225,"middle, higher school teacher and professors"
,"Middle, Higher School Teacher and Professors",S3227,14,11,13,16,9,17,16,6,s3227,AVG,AVG,AVG,BEST,POOR,BEST,BEST,POOR,student_3226,"middle, higher school teacher and professors"
,"Middle, Higher School Teacher and Professors",S3228,11,13,12,15,8,18,20,6,s3228,AVG,AVG,AVG,BEST,POOR,BEST,BEST,POOR,student_3227,"middle, higher school teacher and professors"
,"Middle, Higher School Teacher and Professors",S3229,12,12,13,19,6,19,15,10,s3229,AVG,AVG,AVG,BEST,POOR,BEST,BEST,POOR,student_3228,"middle, higher school teacher and professors"
,"Middle, Higher School Teacher and Professors",S3230,13,13,14,18,7,20,16,8,s3230,AVG,AVG,AVG,BEST,POOR,BEST,BEST,POOR,student_3229,"middle, higher school teacher and professors"
,"Middle, Higher School Teacher and Professors",S3231,12,14,11,17,7,15,17,9,s3231,AVG,AVG,AVG,BEST,POOR,BEST,BEST,POOR,student_3230,"middle, higher school teacher and professors"
,"Middle, Higher School Teacher and Professors",S3232,13,11,12,16,6,16,18,10,s3232,AVG,AVG,AVG,BEST,POOR,BEST,BEST,POOR,student_3231,"middle, higher school teacher and professors"
,"Middle, Higher School Teacher and Professors",S3233,14,13,13,20,5,17,19,8,s3233,AVG,AVG,AVG,BEST,POOR,BEST,BEST,POOR,student_3232,"middle, higher school teacher and professors"
,"Middle, Higher School Teacher and Professors",S3234,11,12,12,19,8,18,20,9,s3234,AVG,AVG,AVG,BEST,POOR,BEST,BEST,POOR,student_3233,"middle, higher school teacher and professors"
,"Middle, Higher School Teacher and Professors",S3235,12,13,13,18,9,19,19,7,s3235,AVG,AVG,AVG,BEST,POOR,BEST,BEST,POOR,student_3234,"middle, higher school teacher and professors"
,"Middle, Higher School Teacher and Professors",S3236,13,12,14,17,10,20,18,10,s3236,AVG,AVG,AVG,BEST,POOR,BEST,BEST,POOR,student_3235,"middle, higher school teacher and professors"
,"Middle, Higher School Teacher and Professors",S3237,12,14,11,16,9,15,17,8,s3237,AVG,AVG,AVG,BEST,POOR,BEST,BEST,POOR,student_3236,"middle, higher school teacher and professors"
,"Middle, Higher School Teacher and Professors",S3238,13,11,12,15,8,16,16,9,s3238,AVG,AVG,AVG,BEST,POOR,BEST,BEST,POOR,student_3237,"middle, higher school teacher and professors"
,"Middle, Higher School Teacher and Professors",S3239,14,13,13,19,6,17,20,10,s3239,AVG,AVG,AVG,BEST,POOR,BEST,BEST,POOR,student_3238,"middle, higher school teacher and professors"
,"Middle, Higher School Teacher and Professors",S3240,11,12,12,18,7,18,15,8,s3240,AVG,AVG,AVG,BEST,POOR,BEST,BEST,POOR,student_3239,"middle, higher school teacher and professors"
,"Middle, Higher School Teacher and Professors",S3241,12,13,13,17,7,19,16,9,s3241,AVG,AVG,AVG,BEST,POOR,BEST,BEST,POOR,student_3240,"middle, higher school teacher and professors"
,"Middle, Higher School Teacher and Professors",S3242,13,14,14,16,6,20,20,8,s3242,AVG,AVG,AVG,BEST,POOR,BEST,BEST,POOR,student_3241,"middle, higher school teacher and professors"
,"Middle, Higher School Teacher and Professors",S3243,12,11,11,17,5,15,19,10,s3243,AVG,AVG,AVG,BEST,POOR,BEST,BEST,POOR,student_3242,"middle, higher school teacher and professors"
,"Middle, Higher School Teacher and Professors",S3244,13,13,12,16,8,16,18,8,s3244,AVG,AVG,AVG,BEST,POOR,BEST,BEST,POOR,student_3243,"middle, higher school teacher and professors"
,"Middle, Higher School Teacher and Professors",S3245,14,12,13,15,9,17,17,9,s3245,AVG,AVG,AVG,BEST,POOR,BEST,BEST,POOR,student_3244,"middle, higher school teacher and professors"
,"Middle, Higher School Teacher and Professors",S3246,11,14,12,19,10,18,16,10,s3246,AVG,AVG,AVG,BEST,POOR,BEST,BEST,POOR,student_3245,"middle, higher school teacher and professors"
,"Middle, Higher School Teacher and Professors",S3247,12,11,13,18,9,19,20,8,s3247,AVG,AVG,AVG,BEST,POOR,BEST,BEST,POOR,student_3246,"middle, higher school teacher and professors"
,"Middle, Higher School Teacher and Professors",S3248,13,13,14,17,8,20,15,9,s3248,AVG,AVG,AVG,BEST,POOR,BEST,BEST,POOR,student_3247,"middle, higher school teacher and professors"
,"Middle, Higher School Teacher and Professors",S3249,14,12,13,16,6,18,16,7,s3249,AVG,AVG,AVG,BEST,POOR,BEST,BEST,POOR,student_3248,"middle, higher school teacher and professors"
,"Middle, Higher School Teacher and Professors",S3250,12,13,14,15,7,19,17,8,s3250,AVG,AVG,AVG,BEST,POOR,BEST,BEST,POOR,student_3249,"middle, higher school teacher and professors"
,Anthropologist,S3251,11,5,7,18,15,7,19,12,s3251,AVG,POOR,POOR,BEST,BEST,POOR,BEST,AVG,student_3250,anthropologist
,Anthropologist,S3252,13,6,7,19,16,7,19,13,s3252,AVG,POOR,POOR,BEST,BEST,POOR,BEST,AVG,student_3251,anthropologist
,Anthropologist,S3253,14,7,8,20,17,7,20,14,s3253,AVG,POOR,POOR,BEST,BEST,POOR,BEST,AVG,student_3252,anthropologist
,Anthropologist,S3254,12,8,9,17,18,7,17,11,s3254,AVG,POOR,POOR,BEST,BEST,POOR,BEST,AVG,student_3253,anthropologist
,Anthropologist,S3255,13,9,10,16,19,7,16,12,s3255,AVG,POOR,POOR,BEST,BEST,POOR,BEST,AVG,student_3254,anthropologist
,Anthropologist,S3256,11,8,6,15,20,7,15,13,s3256,AVG,POOR,POOR,BEST,BEST,POOR,BEST,AVG,student_3255,anthropologist
,Anthropologist,S3257,13,7,7,18,15,7,18,12,s3257,AVG,POOR,POOR,BEST,BEST,POOR,BEST,AVG,student_3256,anthropologist
,Anthropologist,S3258,14,6,8,19,16,7,19,13,s3258,AVG,POOR,POOR,BEST,BEST,POOR,BEST,AVG,student_3257,anthropologist
,Anthropologist,S3259,12,5,9,20,17,7,20,14,s3259,AVG,POOR,POOR,BEST,BEST,POOR,BEST,AVG,student_3258,anthropologist
,Anthropologist,S3260,13,5,7,17,18,7,17,11,s3260,AVG,POOR,POOR,BEST,BEST,POOR,BEST,AVG,student_3259,anthropologist
,Anthropologist,S3261,11,6,8,16,19,7,16,12,s3261,AVG,POOR,POOR,BEST,BEST,POOR,BEST,AVG,student_3260,anthropologist
,Anthropologist,S3262,13,7,9,15,20,7,15,13,s3262,AVG,POOR,POOR,BEST,BEST,POOR,BEST,AVG,student_3261,anthropologist
,Anthropologist,S3263,14,8,10,18,15,7,18,12,s3263,AVG,POOR,POOR,BEST,BEST,POOR,BEST,AVG,student_3262,anthropologist
,Anthropologist,S3264,12,9,6,19,16,7,19,13,s3264,AVG,POOR,POOR,BEST,BEST,POOR,BEST,AVG,student_3263,anthropologist
,Anthropologist,S3265,13,8,7,20,17,7,20,14,s3265,AVG,POOR,POOR,BEST,BEST,POOR,BEST,AVG,student_3264,anthropologist
,Anthropologist,S3266,11,7,8,17,18,7,17,11,s3266,AVG,POOR,POOR,BEST,BEST,POOR,BEST,AVG,student_3265,anthropologist
,Anthropologist,S3267,13,6,9,16,19,7,16,12,s3267,AVG,POOR,POOR,BEST,BEST,POOR,BEST,AVG,student_3266,anthropologist
,Anthropologist,S3268,14,5,7,15,20,6,15,13,s3268,AVG,POOR,POOR,BEST,BEST,POOR,BEST,AVG,student_3267,anthropologist
,Anthropologist,S3269,12,5,8,17,15,6,20,12,s3269,AVG,POOR,POOR,BEST,BEST,POOR,BEST,AVG,student_3268,anthropologist
,Anthropologist,S3270,13,6,9,16,16,6,16,13,s3270,AVG,POOR,POOR,BEST,BEST,POOR,BEST,AVG,student_3269,anthropologist
,Anthropologist,S3271,11,7,10,15,17,6,15,14,s3271,AVG,POOR,POOR,BEST,BEST,POOR,BEST,AVG,student_3270,anthropologist
,Anthropologist,S3272,13,8,6,18,18,6,19,11,s3272,AVG,POOR,POOR,BEST,BEST,POOR,BEST,AVG,student_3271,anthropologist
,Anthropologist,S3273,14,9,7,19,19,6,17,12,s3273,AVG,POOR,POOR,BEST,BEST,POOR,BEST,AVG,student_3272,anthropologist
,Anthropologist,S3274,12,8,8,20,20,6,20,13,s3274,AVG,POOR,POOR,BEST,BEST,POOR,BEST,AVG,student_3273,anthropologist
,Anthropologist,S3275,13,7,9,17,15,6,16,12,s3275,AVG,POOR,POOR,BEST,BEST,POOR,BEST,AVG,student_3274,anthropologist
,Anthropologist,S3276,11,6,7,16,16,6,15,13,s3276,AVG,POOR,POOR,BEST,BEST,POOR,BEST,AVG,student_3275,anthropologist
,Anthropologist,S3277,13,5,8,15,17,6,19,14,s3277,AVG,POOR,POOR,BEST,BEST,POOR,BEST,AVG,student_3276,anthropologist
,Anthropologist,S3278,14,5,9,17,18,6,17,11,s3278,AVG,POOR,POOR,BEST,BEST,POOR,BEST,AVG,student_3277,anthropologist
,Anthropologist,S3279,12,6,10,16,19,6,20,12,s3279,AVG,POOR,POOR,BEST,BEST,POOR,BEST,AVG,student_3278,anthropologist
,Anthropologist,S3280,13,7,6,15,20,6,16,13,s3280,AVG,POOR,POOR,BEST,BEST,POOR,BEST,AVG,student_3279,anthropologist
,Anthropologist,S3281,11,8,7,18,15,6,15,12,s3281,AVG,POOR,POOR,BEST,BEST,POOR,BEST,AVG,student_3280,anthropologist
,Anthropologist,S3282,13,9,8,19,16,9,19,13,s3282,AVG,POOR,POOR,BEST,BEST,POOR,BEST,AVG,student_3281,anthropologist
,Anthropologist,S3283,14,8,9,20,17,9,17,14,s3283,AVG,POOR,POOR,BEST,BEST,POOR,BEST,AVG,student_3282,anthropologist
,Anthropologist,S3284,12,7,7,17,18,9,16,11,s3284,AVG,POOR,POOR,BEST,BEST,POOR,BEST,AVG,student_3283,anthropologist
,Anthropologist,S3285,13,6,8,16,19,9,15,12,s3285,AVG,POOR,POOR,BEST,BEST,POOR,BEST,AVG,student_3284,anthropologist
,Anthropologist,S3286,11,5,9,15,20,9,19,13,s3286,AVG,POOR,POOR,BEST,BEST,POOR,BEST,AVG,student_3285,anthropologist
,Anthropologist,S3287,13,9,10,19,15,9,17,12,s3287,AVG,POOR,POOR,BEST,BEST,POOR,BEST,AVG,student_3286,anthropologist
,Anthropologist,S3288,14,5,6,17,16,9,19,13,s3288,AVG,POOR,POOR,BEST,BEST,POOR,BEST,AVG,student_3287,anthropologist
,Anthropologist,S3289,12,6,7,16,17,9,19,14,s3289,AVG,POOR,POOR,BEST,BEST,POOR,BEST,AVG,student_3288,anthropologist
,Anthropologist,S3290,13,7,8,15,18,9,19,11,s3290,AVG,POOR,POOR,BEST,BEST,POOR,BEST,AVG,student_3289,anthropologist
,Anthropologist,S3291,11,8,9,18,19,9,16,12,s3291,AVG,POOR,POOR,BEST,BEST,POOR,BEST,AVG,student_3290,anthropologist
,Anthropologist,S3292,13,9,7,19,20,9,15,13,s3292,AVG,POOR,POOR,BEST,BEST,POOR,BEST,AVG,student_3291,anthropologist
,Anthropologist,S3293,14,8,8,20,15,10,19,12,s3293,AVG,POOR,POOR,BEST,BEST,POOR,BEST,AVG,student_3292,anthropologist
,Anthropologist,S3294,12,7,9,17,16,10,17,13,s3294,AVG,POOR,POOR,BEST,BEST,POOR,BEST,AVG,student_3293,anthropologist
,Anthropologist,S3295,13,6,10,16,17,10,19,14,s3295,AVG,POOR,POOR,BEST,BEST,POOR,BEST,AVG,student_3294,anthropologist
,Anthropologist,S3296,11,8,6,15,18,10,16,11,s3296,AVG,POOR,POOR,BEST,BEST,POOR,BEST,AVG,student_3295,anthropologist
,Anthropologist,S3297,13,7,7,16,19,10,15,12,s3297,AVG,POOR,POOR,BEST,BEST,POOR,BEST,AVG,student_3296,anthropologist
,Anthropologist,S3298,14,6,8,15,15,10,19,13,s3298,AVG,POOR,POOR,BEST,BEST,POOR,BEST,AVG,student_3297,anthropologist
,Anthropologist,S3299,12,5,9,19,19,10,17,14,s3299,AVG,POOR,POOR,BEST,BEST,POOR,BEST,AVG,student_3298,anthropologist
,Anthropologist,S3300,13,10,10,17,20,10,19,12,s3300,AVG,POOR,POOR,BEST,BEST,POOR,BEST,AVG,student_3299,anthropologist
,Medical,S3301,11,7,12,13,7,18,12,15,s3301,AVG,POOR,AVG,AVG,POOR,BEST,AVG,BEST,student_3300,medical
,Medical,S3302,13,6,12,14,9,19,12,16,s3302,AVG,POOR,AVG,AVG,POOR,BEST,AVG,BEST,student_3301,medical
,Medical,S3303,14,5,12,12,8,20,12,17,s3303,AVG,POOR,AVG,AVG,POOR,BEST,AVG,BEST,student_3302,medical
,Medical,S3304,12,6,12,13,6,17,12,18,s3304,AVG,POOR,AVG,AVG,POOR,BEST,AVG,BEST,student_3303,medical
,Medical,S3305,13,7,12,11,5,16,12,19,s3305,AVG,POOR,AVG,AVG,POOR,BEST,AVG,BEST,student_3304,medical
,Medical,S3306,11,8,12,13,10,15,12,20,s3306,AVG,POOR,AVG,AVG,POOR,BEST,AVG,BEST,student_3305,medical
,Medical,S3307,13,9,12,14,7,18,12,15,s3307,AVG,POOR,AVG,AVG,POOR,BEST,AVG,BEST,student_3306,medical
,Medical,S3308,14,8,12,13,5,19,12,16,s3308,AVG,POOR,AVG,AVG,POOR,BEST,AVG,BEST,student_3307,medical
,Medical,S3309,12,7,12,14,8,20,12,17,s3309,AVG,POOR,AVG,AVG,POOR,BEST,AVG,BEST,student_3308,medical
,Medical,S3310,13,6,13,12,9,17,13,18,s3310,AVG,POOR,AVG,AVG,POOR,BEST,AVG,BEST,student_3309,medical
,Medical,S3311,11,8,13,13,5,16,13,19,s3311,AVG,POOR,AVG,AVG,POOR,BEST,AVG,BEST,student_3310,medical
,Medical,S3312,13,7,13,11,8,15,13,20,s3312,AVG,POOR,AVG,AVG,POOR,BEST,AVG,BEST,student_3311,medical
,Medical,S3313,14,6,13,13,6,18,13,15,s3313,AVG,POOR,AVG,AVG,POOR,BEST,AVG,BEST,student_3312,medical
,Medical,S3314,12,7,13,14,5,19,13,16,s3314,AVG,POOR,AVG,AVG,POOR,BEST,AVG,BEST,student_3313,medical
,Medical,S3315,13,5,13,13,10,20,13,17,s3315,AVG,POOR,AVG,AVG,POOR,BEST,AVG,BEST,student_3314,medical
,Medical,S3316,11,6,13,14,7,17,13,18,s3316,AVG,POOR,AVG,AVG,POOR,BEST,AVG,BEST,student_3315,medical
,Medical,S3317,13,7,13,12,5,16,13,19,s3317,AVG,POOR,AVG,AVG,POOR,BEST,AVG,BEST,student_3316,medical
,Medical,S3318,14,8,13,13,8,15,13,20,s3318,AVG,POOR,AVG,AVG,POOR,BEST,AVG,BEST,student_3317,medical
,Medical,S3319,12,9,13,11,6,20,13,15,s3319,AVG,POOR,AVG,AVG,POOR,BEST,AVG,BEST,student_3318,medical
,Medical,S3320,13,8,14,13,5,20,14,16,s3320,AVG,POOR,AVG,AVG,POOR,BEST,AVG,BEST,student_3319,medical
,Medical,S3321,11,7,14,14,10,15,14,17,s3321,AVG,POOR,AVG,AVG,POOR,BEST,AVG,BEST,student_3320,medical
,Medical,S3322,13,6,14,13,7,16,14,18,s3322,AVG,POOR,AVG,AVG,POOR,BEST,AVG,BEST,student_3321,medical
,Medical,S3323,12,8,14,14,5,17,14,19,s3323,AVG,POOR,AVG,AVG,POOR,BEST,AVG,BEST,student_3322,medical
,Medical,S3324,13,7,14,12,6,18,14,20,s3324,AVG,POOR,AVG,AVG,POOR,BEST,AVG,BEST,student_3323,medical
,Medical,S3325,14,6,14,13,8,19,14,15,s3325,AVG,POOR,AVG,AVG,POOR,BEST,AVG,BEST,student_3324,medical
,Medical,S3326,12,6,14,11,6,20,14,16,s3326,AVG,POOR,AVG,AVG,POOR,BEST,AVG,BEST,student_3325,medical
,Medical,S3327,13,5,14,13,5,20,14,17,s3327,AVG,POOR,AVG,AVG,POOR,BEST,AVG,BEST,student_3326,medical
,Medical,S3328,11,6,14,14,10,15,14,18,s3328,AVG,POOR,AVG,AVG,POOR,BEST,AVG,BEST,student_3327,medical
,Medical,S3329,13,7,14,13,7,16,14,19,s3329,AVG,POOR,AVG,AVG,POOR,BEST,AVG,BEST,student_3328,medical
,Medical,S3330,14,8,14,14,5,17,14,20,s3330,AVG,POOR,AVG,AVG,POOR,BEST,AVG,BEST,student_3329,medical
,Medical,S3331,12,9,14,12,6,18,14,15,s3331,AVG,POOR,AVG,AVG,POOR,BEST,AVG,BEST,student_3330,medical
,Medical,S3332,13,8,14,13,9,19,14,16,s3332,AVG,POOR,AVG,AVG,POOR,BEST,AVG,BEST,student_3331,medical
,Medical,S3333,11,7,14,11,8,20,14,17,s3333,AVG,POOR,AVG,AVG,POOR,BEST,AVG,BEST,student_3332,medical
,Medical,S3334,13,6,14,13,6,20,14,18,s3334,AVG,POOR,AVG,AVG,POOR,BEST,AVG,BEST,student_3333,medical
,Medical,S3335,14,8,11,14,5,15,11,19,s3335,AVG,POOR,AVG,AVG,POOR,BEST,AVG,BEST,student_3334,medical
,Medical,S3336,12,7,11,13,10,16,11,20,s3336,AVG,POOR,AVG,AVG,POOR,BEST,AVG,BEST,student_3335,medical
,Medical,S3337,13,6,11,14,7,17,11,15,s3337,AVG,POOR,AVG,AVG,POOR,BEST,AVG,BEST,student_3336,medical
,Medical,S3338,11,9,11,12,5,18,11,16,s3338,AVG,POOR,AVG,AVG,POOR,BEST,AVG,BEST,student_3337,medical
,Medical,S3339,13,5,11,13,9,19,11,17,s3339,AVG,POOR,AVG,AVG,POOR,BEST,AVG,BEST,student_3338,medical
,Medical,S3340,14,6,11,11,8,19,11,18,s3340,AVG,POOR,AVG,AVG,POOR,BEST,AVG,BEST,student_3339,medical
,Medical,S3341,12,7,11,13,6,19,11,19,s3341,AVG,POOR,AVG,AVG,POOR,BEST,AVG,BEST,student_3340,medical
,Medical,S3342,13,8,11,14,5,20,11,20,s3342,AVG,POOR,AVG,AVG,POOR,BEST,AVG,BEST,student_3341,medical
,Medical,S3343,11,9,11,13,10,15,11,15,s3343,AVG,POOR,AVG,AVG,POOR,BEST,AVG,BEST,student_3342,medical
,Medical,S3344,13,8,11,14,7,16,11,16,s3344,AVG,POOR,AVG,AVG,POOR,BEST,AVG,BEST,student_3343,medical
,Medical,S3345,14,7,12,12,8,17,12,17,s3345,AVG,POOR,AVG,AVG,POOR,BEST,AVG,BEST,student_3344,medical
,Medical,S3346,12,6,12,13,6,20,12,18,s3346,AVG,POOR,AVG,AVG,POOR,BEST,AVG,BEST,student_3345,medical
,Medical,S3347,13,8,12,11,5,15,12,19,s3347,AVG,POOR,AVG,AVG,POOR,BEST,AVG,BEST,student_3346,medical
,Medical,S3348,11,7,12,13,10,16,12,20,s3348,AVG,POOR,AVG,AVG,POOR,BEST,AVG,BEST,student_3347,medical
,Medical,S3349,13,6,12,14,7,17,12,19,s3349,AVG,POOR,AVG,AVG,POOR,BEST,AVG,BEST,student_3348,medical
,Medical,S3350,11,10,12,13,5,18,12,20,s3350,AVG,POOR,AVG,AVG,POOR,BEST,AVG,BEST,student_3349,medical
,"Para Medical (physiotherapy, occupational theropy, audio and speech language theropy, nursing)",S3351,19,6,20,11,12,19,11,6,s3351,BEST,POOR,BEST,AVG,AVG,BEST,AVG,POOR,student_3350,"para medical (physiotherapy, occupational theropy, audio and speech language theropy, nursing)"
,"Para Medical (physiotherapy, occupational theropy, audio and speech language theropy, nursing)",S3352,18,9,19,12,11,18,12,5,s3352,BEST,POOR,BEST,AVG,AVG,BEST,AVG,POOR,student_3351,"para medical (physiotherapy, occupational theropy, audio and speech language theropy, nursing)"
,"Para Medical (physiotherapy, occupational theropy, audio and speech language theropy, nursing)",S3353,17,8,18,12,13,19,12,6,s3353,BEST,POOR,BEST,AVG,AVG,BEST,AVG,POOR,student_3352,"para medical (physiotherapy, occupational theropy, audio and speech language theropy, nursing)"
,"Para Medical (physiotherapy, occupational theropy, audio and speech language theropy, nursing)",S3354,16,6,17,11,14,18,11,9,s3354,BEST,POOR,BEST,AVG,AVG,BEST,AVG,POOR,student_3353,"para medical (physiotherapy, occupational theropy, audio and speech language theropy, nursing)"
,"Para Medical (physiotherapy, occupational theropy, audio and speech language theropy, nursing)",S3355,15,5,16,14,12,17,14,8,s3355,BEST,POOR,BEST,AVG,AVG,BEST,AVG,POOR,student_3354,"para medical (physiotherapy, occupational theropy, audio and speech language theropy, nursing)"
,"Para Medical (physiotherapy, occupational theropy, audio and speech language theropy, nursing)",S3356,20,6,15,13,13,16,13,6,s3356,BEST,POOR,BEST,AVG,AVG,BEST,AVG,POOR,student_3355,"para medical (physiotherapy, occupational theropy, audio and speech language theropy, nursing)"
,"Para Medical (physiotherapy, occupational theropy, audio and speech language theropy, nursing)",S3357,19,9,20,11,11,19,11,5,s3357,BEST,POOR,BEST,AVG,AVG,BEST,AVG,POOR,student_3356,"para medical (physiotherapy, occupational theropy, audio and speech language theropy, nursing)"
,"Para Medical (physiotherapy, occupational theropy, audio and speech language theropy, nursing)",S3358,18,8,19,12,13,18,12,6,s3358,BEST,POOR,BEST,AVG,AVG,BEST,AVG,POOR,student_3357,"para medical (physiotherapy, occupational theropy, audio and speech language theropy, nursing)"
,"Para Medical (physiotherapy, occupational theropy, audio and speech language theropy, nursing)",S3359,19,6,18,12,14,19,12,9,s3359,BEST,POOR,BEST,AVG,AVG,BEST,AVG,POOR,student_3358,"para medical (physiotherapy, occupational theropy, audio and speech language theropy, nursing)"
,"Para Medical (physiotherapy, occupational theropy, audio and speech language theropy, nursing)",S3360,18,5,17,11,12,18,11,8,s3360,BEST,POOR,BEST,AVG,AVG,BEST,AVG,POOR,student_3359,"para medical (physiotherapy, occupational theropy, audio and speech language theropy, nursing)"
,"Para Medical (physiotherapy, occupational theropy, audio and speech language theropy, nursing)",S3361,17,6,16,14,13,17,14,6,s3361,BEST,POOR,BEST,AVG,AVG,BEST,AVG,POOR,student_3360,"para medical (physiotherapy, occupational theropy, audio and speech language theropy, nursing)"
,"Para Medical (physiotherapy, occupational theropy, audio and speech language theropy, nursing)",S3362,16,9,15,13,11,16,13,5,s3362,BEST,POOR,BEST,AVG,AVG,BEST,AVG,POOR,student_3361,"para medical (physiotherapy, occupational theropy, audio and speech language theropy, nursing)"
,"Para Medical (physiotherapy, occupational theropy, audio and speech language theropy, nursing)",S3363,15,8,20,11,13,19,11,6,s3363,BEST,POOR,BEST,AVG,AVG,BEST,AVG,POOR,student_3362,"para medical (physiotherapy, occupational theropy, audio and speech language theropy, nursing)"
,"Para Medical (physiotherapy, occupational theropy, audio and speech language theropy, nursing)",S3364,20,6,19,12,14,18,12,9,s3364,BEST,POOR,BEST,AVG,AVG,BEST,AVG,POOR,student_3363,"para medical (physiotherapy, occupational theropy, audio and speech language theropy, nursing)"
,"Para Medical (physiotherapy, occupational theropy, audio and speech language theropy, nursing)",S3365,19,5,18,12,12,19,12,8,s3365,BEST,POOR,BEST,AVG,AVG,BEST,AVG,POOR,student_3364,"para medical (physiotherapy, occupational theropy, audio and speech language theropy, nursing)"
,"Para Medical (physiotherapy, occupational theropy, audio and speech language theropy, nursing)",S3366,18,6,17,11,13,18,11,6,s3366,BEST,POOR,BEST,AVG,AVG,BEST,AVG,POOR,student_3365,"para medical (physiotherapy, occupational theropy, audio and speech language theropy, nursing)"
,"Para Medical (physiotherapy, occupational theropy, audio and speech language theropy, nursing)",S3367,19,9,16,14,11,17,14,5,s3367,BEST,POOR,BEST,AVG,AVG,BEST,AVG,POOR,student_3366,"para medical (physiotherapy, occupational theropy, audio and speech language theropy, nursing)"
,"Para Medical (physiotherapy, occupational theropy, audio and speech language theropy, nursing)",S3368,18,8,15,13,13,16,13,6,s3368,BEST,POOR,BEST,AVG,AVG,BEST,AVG,POOR,student_3367,"para medical (physiotherapy, occupational theropy, audio and speech language theropy, nursing)"
,"Para Medical (physiotherapy, occupational theropy, audio and speech language theropy, nursing)",S3369,17,6,20,11,14,20,11,9,s3369,BEST,POOR,BEST,AVG,AVG,BEST,AVG,POOR,student_3368,"para medical (physiotherapy, occupational theropy, audio and speech language theropy, nursing)"
,"Para Medical (physiotherapy, occupational theropy, audio and speech language theropy, nursing)",S3370,16,6,19,12,12,19,12,8,s3370,BEST,POOR,BEST,AVG,AVG,BEST,AVG,POOR,student_3369,"para medical (physiotherapy, occupational theropy, audio and speech language theropy, nursing)"
,"Para Medical (physiotherapy, occupational theropy, audio and speech language theropy, nursing)",S3371,15,9,18,12,13,18,12,6,s3371,BEST,POOR,BEST,AVG,AVG,BEST,AVG,POOR,student_3370,"para medical (physiotherapy, occupational theropy, audio and speech language theropy, nursing)"
,"Para Medical (physiotherapy, occupational theropy, audio and speech language theropy, nursing)",S3372,20,8,17,11,11,19,11,5,s3372,BEST,POOR,BEST,AVG,AVG,BEST,AVG,POOR,student_3371,"para medical (physiotherapy, occupational theropy, audio and speech language theropy, nursing)"
,"Para Medical (physiotherapy, occupational theropy, audio and speech language theropy, nursing)",S3373,19,6,16,14,13,18,14,6,s3373,BEST,POOR,BEST,AVG,AVG,BEST,AVG,POOR,student_3372,"para medical (physiotherapy, occupational theropy, audio and speech language theropy, nursing)"
,"Para Medical (physiotherapy, occupational theropy, audio and speech language theropy, nursing)",S3374,18,5,15,13,12,17,13,9,s3374,BEST,POOR,BEST,AVG,AVG,BEST,AVG,POOR,student_3373,"para medical (physiotherapy, occupational theropy, audio and speech language theropy, nursing)"
,"Para Medical (physiotherapy, occupational theropy, audio and speech language theropy, nursing)",S3375,19,6,20,11,13,16,11,8,s3375,BEST,POOR,BEST,AVG,AVG,BEST,AVG,POOR,student_3374,"para medical (physiotherapy, occupational theropy, audio and speech language theropy, nursing)"
,"Para Medical (physiotherapy, occupational theropy, audio and speech language theropy, nursing)",S3376,18,9,19,12,14,19,12,7,s3376,BEST,POOR,BEST,AVG,AVG,BEST,AVG,POOR,student_3375,"para medical (physiotherapy, occupational theropy, audio and speech language theropy, nursing)"
,"Para Medical (physiotherapy, occupational theropy, audio and speech language theropy, nursing)",S3377,17,8,18,12,12,18,12,6,s3377,BEST,POOR,BEST,AVG,AVG,BEST,AVG,POOR,student_3376,"para medical (physiotherapy, occupational theropy, audio and speech language theropy, nursing)"
,"Para Medical (physiotherapy, occupational theropy, audio and speech language theropy, nursing)",S3378,16,6,17,11,13,19,11,5,s3378,BEST,POOR,BEST,AVG,AVG,BEST,AVG,POOR,student_3377,"para medical (physiotherapy, occupational theropy, audio and speech language theropy, nursing)"
,"Para Medical (physiotherapy, occupational theropy, audio and speech language theropy, nursing)",S3379,15,5,16,14,11,18,14,6,s3379,BEST,POOR,BEST,AVG,AVG,BEST,AVG,POOR,student_3378,"para medical (physiotherapy, occupational theropy, audio and speech language theropy, nursing)"
,"Para Medical (physiotherapy, occupational theropy, audio and speech language theropy, nursing)",S3380,20,6,15,13,13,17,13,9,s3380,BEST,POOR,BEST,AVG,AVG,BEST,AVG,POOR,student_3379,"para medical (physiotherapy, occupational theropy, audio and speech language theropy, nursing)"
,"Para Medical (physiotherapy, occupational theropy, audio and speech language theropy, nursing)",S3381,19,9,20,11,14,16,11,8,s3381,BEST,POOR,BEST,AVG,AVG,BEST,AVG,POOR,student_3380,"para medical (physiotherapy, occupational theropy, audio and speech language theropy, nursing)"
,"Para Medical (physiotherapy, occupational theropy, audio and speech language theropy, nursing)",S3382,18,8,19,12,12,19,12,9,s3382,BEST,POOR,BEST,AVG,AVG,BEST,AVG,POOR,student_3381,"para medical (physiotherapy, occupational theropy, audio and speech language theropy, nursing)"
,"Para Medical (physiotherapy, occupational theropy, audio and speech language theropy, nursing)",S3383,19,6,18,12,13,18,12,6,s3383,BEST,POOR,BEST,AVG,AVG,BEST,AVG,POOR,student_3382,"para medical (physiotherapy, occupational theropy, audio and speech language theropy, nursing)"
,"Para Medical (physiotherapy, occupational theropy, audio and speech language theropy, nursing)",S3384,18,5,17,11,11,19,11,5,s3384,BEST,POOR,BEST,AVG,AVG,BEST,AVG,POOR,student_3383,"para medical (physiotherapy, occupational theropy, audio and speech language theropy, nursing)"
,"Para Medical (physiotherapy, occupational theropy, audio and speech language theropy, nursing)",S3385,17,6,16,14,13,18,14,6,s3385,BEST,POOR,BEST,AVG,AVG,BEST,AVG,POOR,student_3384,"para medical (physiotherapy, occupational theropy, audio and speech language theropy, nursing)"
,"Para Medical (physiotherapy, occupational theropy, audio and speech language theropy, nursing)",S3386,16,9,15,13,14,17,13,9,s3386,BEST,POOR,BEST,AVG,AVG,BEST,AVG,POOR,student_3385,"para medical (physiotherapy, occupational theropy, audio and speech language theropy, nursing)"
,"Para Medical (physiotherapy, occupational theropy, audio and speech language theropy, nursing)",S3387,15,8,20,11,12,16,11,8,s3387,BEST,POOR,BEST,AVG,AVG,BEST,AVG,POOR,student_3386,"para medical (physiotherapy, occupational theropy, audio and speech language theropy, nursing)"
,"Para Medical (physiotherapy, occupational theropy, audio and speech language theropy, nursing)",S3388,20,6,19,12,13,19,12,9,s3388,BEST,POOR,BEST,AVG,AVG,BEST,AVG,POOR,student_3387,"para medical (physiotherapy, occupational theropy, audio and speech language theropy, nursing)"
,"Para Medical (physiotherapy, occupational theropy, audio and speech language theropy, nursing)",S3389,19,8,18,12,11,18,12,6,s3389,BEST,POOR,BEST,AVG,AVG,BEST,AVG,POOR,student_3388,"para medical (physiotherapy, occupational theropy, audio and speech language theropy, nursing)"
,"Para Medical (physiotherapy, occupational theropy, audio and speech language theropy, nursing)",S3390,18,6,17,11,13,19,11,5,s3390,BEST,POOR,BEST,AVG,AVG,BEST,AVG,POOR,student_3389,"para medical (physiotherapy, occupational theropy, audio and speech language theropy, nursing)"
,"Para Medical (physiotherapy, occupational theropy, audio and speech language theropy, nursing)",S3391,19,5,16,14,14,18,14,6,s3391,BEST,POOR,BEST,AVG,AVG,BEST,AVG,POOR,student_3390,"para medical (physiotherapy, occupational theropy, audio and speech language theropy, nursing)"
,"Para Medical (physiotherapy, occupational theropy, audio and speech language theropy, nursing)",S3392,18,6,15,13,12,17,13,9,s3392,BEST,POOR,BEST,AVG,AVG,BEST,AVG,POOR,student_3391,"para medical (physiotherapy, occupational theropy, audio and speech language theropy, nursing)"
,"Para Medical (physiotherapy, occupational theropy, audio and speech language theropy, nursing)",S3393,17,9,20,11,13,16,11,8,s3393,BEST,POOR,BEST,AVG,AVG,BEST,AVG,POOR,student_3392,"para medical (physiotherapy, occupational theropy, audio and speech language theropy, nursing)"
,"Para Medical (physiotherapy, occupational theropy, audio and speech language theropy, nursing)",S3394,16,8,19,12,11,19,12,6,s3394,BEST,POOR,BEST,AVG,AVG,BEST,AVG,POOR,student_3393,"para medical (physiotherapy, occupational theropy, audio and speech language theropy, nursing)"
,"Para Medical (physiotherapy, occupational theropy, audio and speech language theropy, nursing)",S3395,15,6,18,12,13,18,12,5,s3395,BEST,POOR,BEST,AVG,AVG,BEST,AVG,POOR,student_3394,"para medical (physiotherapy, occupational theropy, audio and speech language theropy, nursing)"
,"Para Medical (physiotherapy, occupational theropy, audio and speech language theropy, nursing)",S3396,20,8,17,11,14,19,11,6,s3396,BEST,POOR,BEST,AVG,AVG,BEST,AVG,POOR,student_3395,"para medical (physiotherapy, occupational theropy, audio and speech language theropy, nursing)"
,"Para Medical (physiotherapy, occupational theropy, audio and speech language theropy, nursing)",S3397,19,7,16,14,12,18,14,9,s3397,BEST,POOR,BEST,AVG,AVG,BEST,AVG,POOR,student_3396,"para medical (physiotherapy, occupational theropy, audio and speech language theropy, nursing)"
,"Para Medical (physiotherapy, occupational theropy, audio and speech language theropy, nursing)",S3398,16,7,15,13,13,17,13,8,s3398,BEST,POOR,BEST,AVG,AVG,BEST,AVG,POOR,student_3397,"para medical (physiotherapy, occupational theropy, audio and speech language theropy, nursing)"
,"Para Medical (physiotherapy, occupational theropy, audio and speech language theropy, nursing)",S3399,18,7,17,12,11,16,12,5,s3399,BEST,POOR,BEST,AVG,AVG,BEST,AVG,POOR,student_3398,"para medical (physiotherapy, occupational theropy, audio and speech language theropy, nursing)"
,"Para Medical (physiotherapy, occupational theropy, audio and speech language theropy, nursing)",S3400,17,7,16,13,13,15,13,6,s3400,BEST,POOR,BEST,AVG,AVG,BEST,AVG,POOR,student_3399,"para medical (physiotherapy, occupational theropy, audio and speech language theropy, nursing)"
,Militry,S3401,5,5,20,17,12,19,11,11,s3401,POOR,POOR,BEST,BEST,AVG,BEST,AVG,AVG,student_3400,militry
,Militry,S3402,6,5,19,18,11,17,12,13,s3402,POOR,POOR,BEST,BEST,AVG,BEST,AVG,AVG,student_3401,militry
,Militry,S3403,9,6,18,20,13,18,12,14,s3403,POOR,POOR,BEST,BEST,AVG,BEST,AVG,AVG,student_3402,militry
,Militry,S3404,8,9,17,19,14,20,11,11,s3404,POOR,POOR,BEST,BEST,AVG,BEST,AVG,AVG,student_3403,militry
,Militry,S3405,5,8,16,18,11,17,14,12,s3405,POOR,POOR,BEST,BEST,AVG,BEST,AVG,AVG,student_3404,militry
,Militry,S3406,6,7,15,17,12,18,13,11,s3406,POOR,POOR,BEST,BEST,AVG,BEST,AVG,AVG,student_3405,militry
,Militry,S3407,9,6,20,16,11,20,11,13,s3407,POOR,POOR,BEST,BEST,AVG,BEST,AVG,AVG,student_3406,militry
,Militry,S3408,8,5,19,15,13,19,12,14,s3408,POOR,POOR,BEST,BEST,AVG,BEST,AVG,AVG,student_3407,militry
,Militry,S3409,6,6,18,20,14,17,12,11,s3409,POOR,POOR,BEST,BEST,AVG,BEST,AVG,AVG,student_3408,militry
,Militry,S3410,5,8,17,19,11,18,11,12,s3410,POOR,POOR,BEST,BEST,AVG,BEST,AVG,AVG,student_3409,militry
,Militry,S3411,5,8,16,18,12,20,14,11,s3411,POOR,POOR,BEST,BEST,AVG,BEST,AVG,AVG,student_3410,militry
,Militry,S3412,6,8,15,17,11,17,13,13,s3412,POOR,POOR,BEST,BEST,AVG,BEST,AVG,AVG,student_3411,militry
,Militry,S3413,9,5,20,16,13,18,11,14,s3413,POOR,POOR,BEST,BEST,AVG,BEST,AVG,AVG,student_3412,militry
,Militry,S3414,8,6,19,15,14,20,12,11,s3414,POOR,POOR,BEST,BEST,AVG,BEST,AVG,AVG,student_3413,militry
,Militry,S3415,5,9,18,20,11,19,12,12,s3415,POOR,POOR,BEST,BEST,AVG,BEST,AVG,AVG,student_3414,militry
,Militry,S3416,5,8,17,19,12,17,11,13,s3416,POOR,POOR,BEST,BEST,AVG,BEST,AVG,AVG,student_3415,militry
,Militry,S3417,6,6,16,18,11,18,14,11,s3417,POOR,POOR,BEST,BEST,AVG,BEST,AVG,AVG,student_3416,militry
,Militry,S3418,9,5,15,17,13,20,13,13,s3418,POOR,POOR,BEST,BEST,AVG,BEST,AVG,AVG,student_3417,militry
,Militry,S3419,5,5,20,16,14,17,11,14,s3419,POOR,POOR,BEST,BEST,AVG,BEST,AVG,AVG,student_3418,militry
,Militry,S3420,6,6,19,15,11,18,12,11,s3420,POOR,POOR,BEST,BEST,AVG,BEST,AVG,AVG,student_3419,militry
,Militry,S3421,9,9,18,20,12,20,12,12,s3421,POOR,POOR,BEST,BEST,AVG,BEST,AVG,AVG,student_3420,militry
,Militry,S3422,8,8,17,19,11,19,11,14,s3422,POOR,POOR,BEST,BEST,AVG,BEST,AVG,AVG,student_3421,militry
,Militry,S3423,7,6,16,18,13,17,14,11,s3423,POOR,POOR,BEST,BEST,AVG,BEST,AVG,AVG,student_3422,militry
,Militry,S3424,6,5,15,17,14,18,13,13,s3424,POOR,POOR,BEST,BEST,AVG,BEST,AVG,AVG,student_3423,militry
,Militry,S3425,5,10,20,16,11,20,11,14,s3425,POOR,POOR,BEST,BEST,AVG,BEST,AVG,AVG,student_3424,militry
,Militry,S3426,6,5,19,15,12,17,12,11,s3426,POOR,POOR,BEST,BEST,AVG,BEST,AVG,AVG,student_3425,militry
,Militry,S3427,5,6,18,20,11,18,12,12,s3427,POOR,POOR,BEST,BEST,AVG,BEST,AVG,AVG,student_3426,militry
,Militry,S3428,6,9,17,19,13,20,11,14,s3428,POOR,POOR,BEST,BEST,AVG,BEST,AVG,AVG,student_3427,militry
,Militry,S3429,9,8,16,18,14,19,14,11,s3429,POOR,POOR,BEST,BEST,AVG,BEST,AVG,AVG,student_3428,militry
,Militry,S3430,8,6,15,17,11,17,13,13,s3430,POOR,POOR,BEST,BEST,AVG,BEST,AVG,AVG,student_3429,militry
,Militry,S3431,7,5,20,16,12,18,11,14,s3431,POOR,POOR,BEST,BEST,AVG,BEST,AVG,AVG,student_3430,militry
,Militry,S3432,6,5,19,15,11,20,12,11,s3432,POOR,POOR,BEST,BEST,AVG,BEST,AVG,AVG,student_3431,militry
,Militry,S3433,5,6,18,20,13,17,12,12,s3433,POOR,POOR,BEST,BEST,AVG,BEST,AVG,AVG,student_3432,militry
,Militry,S3434,6,9,17,19,14,18,11,14,s3434,POOR,POOR,BEST,BEST,AVG,BEST,AVG,AVG,student_3433,militry
,Militry,S3435,5,8,16,18,11,20,14,11,s3435,POOR,POOR,BEST,BEST,AVG,BEST,AVG,AVG,student_3434,militry
,Militry,S3436,6,6,15,17,12,19,13,13,s3436,POOR,POOR,BEST,BEST,AVG,BEST,AVG,AVG,student_3435,militry
,Militry,S3437,9,5,20,16,11,17,11,14,s3437,POOR,POOR,BEST,BEST,AVG,BEST,AVG,AVG,student_3436,militry
,Militry,S3438,8,9,19,15,13,18,12,11,s3438,POOR,POOR,BEST,BEST,AVG,BEST,AVG,AVG,student_3437,militry
,Militry,S3439,7,6,18,20,14,20,12,12,s3439,POOR,POOR,BEST,BEST,AVG,BEST,AVG,AVG,student_3438,militry
,Militry,S3440,6,9,17,19,11,17,11,11,s3440,POOR,POOR,BEST,BEST,AVG,BEST,AVG,AVG,student_3439,militry
,Militry,S3441,5,8,16,18,12,18,14,11,s3441,POOR,POOR,BEST,BEST,AVG,BEST,AVG,AVG,student_3440,militry
,Militry,S3442,6,6,15,17,11,20,13,13,s3442,POOR,POOR,BEST,BEST,AVG,BEST,AVG,AVG,student_3441,militry
,Militry,S3443,5,5,20,16,13,19,11,14,s3443,POOR,POOR,BEST,BEST,AVG,BEST,AVG,AVG,student_3442,militry
,Militry,S3444,6,9,19,15,14,17,12,11,s3444,POOR,POOR,BEST,BEST,AVG,BEST,AVG,AVG,student_3443,militry
,Militry,S3445,9,9,18,20,11,18,12,11,s3445,POOR,POOR,BEST,BEST,AVG,BEST,AVG,AVG,student_3444,militry
,Militry,S3446,8,8,17,19,12,20,11,13,s3446,POOR,POOR,BEST,BEST,AVG,BEST,AVG,AVG,student_3445,militry
,Militry,S3447,7,6,16,18,11,17,14,14,s3447,POOR,POOR,BEST,BEST,AVG,BEST,AVG,AVG,student_3446,militry
,Militry,S3448,6,5,15,17,13,18,13,11,s3448,POOR,POOR,BEST,BEST,AVG,BEST,AVG,AVG,student_3447,militry
,Militry,S3449,5,9,17,16,14,20,12,12,s3449,POOR,POOR,BEST,BEST,AVG,BEST,AVG,AVG,student_3448,militry
,Militry,S3450,6,5,16,15,11,17,13,14,s3450,POOR,POOR,BEST,BEST,AVG,BEST,AVG,AVG,student_3449,militry
,Para Militry (https://en.wikipedia.org/wiki/Paramilitary_forces_of_India),S3451,7,6,20,20,11,19,11,11,s3451,POOR,POOR,BEST,BEST,AVG,BEST,AVG,AVG,student_3450,para militry (https://en.wikipedia.org/wiki/paramilitary_forces_of_india)
,Para Militry (https://en.wikipedia.org/wiki/Paramilitary_forces_of_India),S3452,6,7,19,19,12,19,13,12,s3452,POOR,POOR,BEST,BEST,AVG,BEST,AVG,AVG,student_3451,para militry (https://en.wikipedia.org/wiki/paramilitary_forces_of_india)
,Para Militry (https://en.wikipedia.org/wiki/Paramilitary_forces_of_India),S3453,5,6,18,18,12,18,14,12,s3453,POOR,POOR,BEST,BEST,AVG,BEST,AVG,AVG,student_3452,para militry (https://en.wikipedia.org/wiki/paramilitary_forces_of_india)
,Para Militry (https://en.wikipedia.org/wiki/Paramilitary_forces_of_India),S3454,6,5,17,17,11,18,11,11,s3454,POOR,POOR,BEST,BEST,AVG,BEST,AVG,AVG,student_3453,para militry (https://en.wikipedia.org/wiki/paramilitary_forces_of_india)
,Para Militry (https://en.wikipedia.org/wiki/Paramilitary_forces_of_India),S3455,5,8,16,16,14,17,12,14,s3455,POOR,POOR,BEST,BEST,AVG,BEST,AVG,AVG,student_3454,para militry (https://en.wikipedia.org/wiki/paramilitary_forces_of_india)
,Para Militry (https://en.wikipedia.org/wiki/Paramilitary_forces_of_India),S3456,6,9,15,15,13,17,11,13,s3456,POOR,POOR,BEST,BEST,AVG,BEST,AVG,AVG,student_3455,para militry (https://en.wikipedia.org/wiki/paramilitary_forces_of_india)
,Para Militry (https://en.wikipedia.org/wiki/Paramilitary_forces_of_India),S3457,9,7,20,20,11,16,13,11,s3457,POOR,POOR,BEST,BEST,AVG,BEST,AVG,AVG,student_3456,para militry (https://en.wikipedia.org/wiki/paramilitary_forces_of_india)
,Para Militry (https://en.wikipedia.org/wiki/Paramilitary_forces_of_India),S3458,8,6,19,19,12,16,14,12,s3458,POOR,POOR,BEST,BEST,AVG,BEST,AVG,AVG,student_3457,para militry (https://en.wikipedia.org/wiki/paramilitary_forces_of_india)
,Para Militry (https://en.wikipedia.org/wiki/Paramilitary_forces_of_India),S3459,7,5,20,18,12,15,11,12,s3459,POOR,POOR,BEST,BEST,AVG,BEST,AVG,AVG,student_3458,para militry (https://en.wikipedia.org/wiki/paramilitary_forces_of_india)
,Para Militry (https://en.wikipedia.org/wiki/Paramilitary_forces_of_India),S3460,6,8,19,17,11,15,11,11,s3460,POOR,POOR,BEST,BEST,AVG,BEST,AVG,AVG,student_3459,para militry (https://en.wikipedia.org/wiki/paramilitary_forces_of_india)
,Para Militry (https://en.wikipedia.org/wiki/Paramilitary_forces_of_India),S3461,5,9,18,16,14,19,13,14,s3461,POOR,POOR,BEST,BEST,AVG,BEST,AVG,AVG,student_3460,para militry (https://en.wikipedia.org/wiki/paramilitary_forces_of_india)
,Para Militry (https://en.wikipedia.org/wiki/Paramilitary_forces_of_India),S3462,6,7,17,15,13,19,14,13,s3462,POOR,POOR,BEST,BEST,AVG,BEST,AVG,AVG,student_3461,para militry (https://en.wikipedia.org/wiki/paramilitary_forces_of_india)
,Para Militry (https://en.wikipedia.org/wiki/Paramilitary_forces_of_India),S3463,5,6,16,20,11,18,11,11,s3463,POOR,POOR,BEST,BEST,AVG,BEST,AVG,AVG,student_3462,para militry (https://en.wikipedia.org/wiki/paramilitary_forces_of_india)
,Para Militry (https://en.wikipedia.org/wiki/Paramilitary_forces_of_India),S3464,6,5,15,19,12,18,12,12,s3464,POOR,POOR,BEST,BEST,AVG,BEST,AVG,AVG,student_3463,para militry (https://en.wikipedia.org/wiki/paramilitary_forces_of_india)
,Para Militry (https://en.wikipedia.org/wiki/Paramilitary_forces_of_India),S3465,9,8,20,18,12,17,11,12,s3465,POOR,POOR,BEST,BEST,AVG,BEST,AVG,AVG,student_3464,para militry (https://en.wikipedia.org/wiki/paramilitary_forces_of_india)
,Para Militry (https://en.wikipedia.org/wiki/Paramilitary_forces_of_India),S3466,8,9,20,17,11,17,13,11,s3466,POOR,POOR,BEST,BEST,AVG,BEST,AVG,AVG,student_3465,para militry (https://en.wikipedia.org/wiki/paramilitary_forces_of_india)
,Para Militry (https://en.wikipedia.org/wiki/Paramilitary_forces_of_India),S3467,7,7,19,16,14,16,14,14,s3467,POOR,POOR,BEST,BEST,AVG,BEST,AVG,AVG,student_3466,para militry (https://en.wikipedia.org/wiki/paramilitary_forces_of_india)
,Para Militry (https://en.wikipedia.org/wiki/Paramilitary_forces_of_India),S3468,6,6,18,15,13,16,11,13,s3468,POOR,POOR,BEST,BEST,AVG,BEST,AVG,AVG,student_3467,para militry (https://en.wikipedia.org/wiki/paramilitary_forces_of_india)
,Para Militry (https://en.wikipedia.org/wiki/Paramilitary_forces_of_India),S3469,5,5,17,20,11,15,11,11,s3469,POOR,POOR,BEST,BEST,AVG,BEST,AVG,AVG,student_3468,para militry (https://en.wikipedia.org/wiki/paramilitary_forces_of_india)
,Para Militry (https://en.wikipedia.org/wiki/Paramilitary_forces_of_India),S3470,6,8,16,19,12,15,13,12,s3470,POOR,POOR,BEST,BEST,AVG,BEST,AVG,AVG,student_3469,para militry (https://en.wikipedia.org/wiki/paramilitary_forces_of_india)
,Para Militry (https://en.wikipedia.org/wiki/Paramilitary_forces_of_India),S3471,5,9,15,18,12,19,14,12,s3471,POOR,POOR,BEST,BEST,AVG,BEST,AVG,AVG,student_3470,para militry (https://en.wikipedia.org/wiki/paramilitary_forces_of_india)
,Para Militry (https://en.wikipedia.org/wiki/Paramilitary_forces_of_India),S3472,6,7,20,17,11,19,11,11,s3472,POOR,POOR,BEST,BEST,AVG,BEST,AVG,AVG,student_3471,para militry (https://en.wikipedia.org/wiki/paramilitary_forces_of_india)
,Para Militry (https://en.wikipedia.org/wiki/Paramilitary_forces_of_India),S3473,9,6,20,16,14,18,12,14,s3473,POOR,POOR,BEST,BEST,AVG,BEST,AVG,AVG,student_3472,para militry (https://en.wikipedia.org/wiki/paramilitary_forces_of_india)
,Para Militry (https://en.wikipedia.org/wiki/Paramilitary_forces_of_India),S3474,8,5,19,15,13,18,11,13,s3474,POOR,POOR,BEST,BEST,AVG,BEST,AVG,AVG,student_3473,para militry (https://en.wikipedia.org/wiki/paramilitary_forces_of_india)
,Para Militry (https://en.wikipedia.org/wiki/Paramilitary_forces_of_India),S3475,7,8,18,20,11,17,13,11,s3475,POOR,POOR,BEST,BEST,AVG,BEST,AVG,AVG,student_3474,para militry (https://en.wikipedia.org/wiki/paramilitary_forces_of_india)
,Para Militry (https://en.wikipedia.org/wiki/Paramilitary_forces_of_India),S3476,6,9,17,19,12,17,14,12,s3476,POOR,POOR,BEST,BEST,AVG,BEST,AVG,AVG,student_3475,para militry (https://en.wikipedia.org/wiki/paramilitary_forces_of_india)
,Para Militry (https://en.wikipedia.org/wiki/Paramilitary_forces_of_India),S3477,5,7,16,18,12,16,11,12,s3477,POOR,POOR,BEST,BEST,AVG,BEST,AVG,AVG,student_3476,para militry (https://en.wikipedia.org/wiki/paramilitary_forces_of_india)
,Para Militry (https://en.wikipedia.org/wiki/Paramilitary_forces_of_India),S3478,6,6,15,17,11,16,11,11,s3478,POOR,POOR,BEST,BEST,AVG,BEST,AVG,AVG,student_3477,para militry (https://en.wikipedia.org/wiki/paramilitary_forces_of_india)
,Para Militry (https://en.wikipedia.org/wiki/Paramilitary_forces_of_India),S3479,5,5,20,16,14,15,13,14,s3479,POOR,POOR,BEST,BEST,AVG,BEST,AVG,AVG,student_3478,para militry (https://en.wikipedia.org/wiki/paramilitary_forces_of_india)
,Para Militry (https://en.wikipedia.org/wiki/Paramilitary_forces_of_India),S3480,6,8,20,15,13,15,14,13,s3480,POOR,POOR,BEST,BEST,AVG,BEST,AVG,AVG,student_3479,para militry (https://en.wikipedia.org/wiki/paramilitary_forces_of_india)
,Para Militry (https://en.wikipedia.org/wiki/Paramilitary_forces_of_India),S3481,9,9,19,20,11,19,11,11,s3481,POOR,POOR,BEST,BEST,AVG,BEST,AVG,AVG,student_3480,para militry (https://en.wikipedia.org/wiki/paramilitary_forces_of_india)
,Para Militry (https://en.wikipedia.org/wiki/Paramilitary_forces_of_India),S3482,8,7,18,19,12,19,12,12,s3482,POOR,POOR,BEST,BEST,AVG,BEST,AVG,AVG,student_3481,para militry (https://en.wikipedia.org/wiki/paramilitary_forces_of_india)
,Para Militry (https://en.wikipedia.org/wiki/Paramilitary_forces_of_India),S3483,7,6,17,18,12,18,11,12,s3483,POOR,POOR,BEST,BEST,AVG,BEST,AVG,AVG,student_3482,para militry (https://en.wikipedia.org/wiki/paramilitary_forces_of_india)
,Para Militry (https://en.wikipedia.org/wiki/Paramilitary_forces_of_India),S3484,6,5,16,17,11,18,13,11,s3484,POOR,POOR,BEST,BEST,AVG,BEST,AVG,AVG,student_3483,para militry (https://en.wikipedia.org/wiki/paramilitary_forces_of_india)
,Para Militry (https://en.wikipedia.org/wiki/Paramilitary_forces_of_India),S3485,5,8,15,16,14,17,14,14,s3485,POOR,POOR,BEST,BEST,AVG,BEST,AVG,AVG,student_3484,para militry (https://en.wikipedia.org/wiki/paramilitary_forces_of_india)
,Para Militry (https://en.wikipedia.org/wiki/Paramilitary_forces_of_India),S3486,6,9,20,15,13,17,11,13,s3486,POOR,POOR,BEST,BEST,AVG,BEST,AVG,AVG,student_3485,para militry (https://en.wikipedia.org/wiki/paramilitary_forces_of_india)
,Para Militry (https://en.wikipedia.org/wiki/Paramilitary_forces_of_India),S3487,5,7,20,20,11,19,11,11,s3487,POOR,POOR,BEST,BEST,AVG,BEST,AVG,AVG,student_3486,para militry (https://en.wikipedia.org/wiki/paramilitary_forces_of_india)
,Para Militry (https://en.wikipedia.org/wiki/Paramilitary_forces_of_India),S3488,6,6,20,19,12,19,13,12,s3488,POOR,POOR,BEST,BEST,AVG,BEST,AVG,AVG,student_3487,para militry (https://en.wikipedia.org/wiki/paramilitary_forces_of_india)
,Para Militry (https://en.wikipedia.org/wiki/Paramilitary_forces_of_India),S3489,9,5,19,18,12,18,14,12,s3489,POOR,POOR,BEST,BEST,AVG,BEST,AVG,AVG,student_3488,para militry (https://en.wikipedia.org/wiki/paramilitary_forces_of_india)
,Para Militry (https://en.wikipedia.org/wiki/Paramilitary_forces_of_India),S3490,8,8,18,17,11,18,11,11,s3490,POOR,POOR,BEST,BEST,AVG,BEST,AVG,AVG,student_3489,para militry (https://en.wikipedia.org/wiki/paramilitary_forces_of_india)
,Para Militry (https://en.wikipedia.org/wiki/Paramilitary_forces_of_India),S3491,7,9,17,16,14,17,12,14,s3491,POOR,POOR,BEST,BEST,AVG,BEST,AVG,AVG,student_3490,para militry (https://en.wikipedia.org/wiki/paramilitary_forces_of_india)
,Para Militry (https://en.wikipedia.org/wiki/Paramilitary_forces_of_India),S3492,6,7,16,15,13,17,11,13,s3492,POOR,POOR,BEST,BEST,AVG,BEST,AVG,AVG,student_3491,para militry (https://en.wikipedia.org/wiki/paramilitary_forces_of_india)
,Para Militry (https://en.wikipedia.org/wiki/Paramilitary_forces_of_India),S3493,5,6,15,20,11,16,13,11,s3493,POOR,POOR,BEST,BEST,AVG,BEST,AVG,AVG,student_3492,para militry (https://en.wikipedia.org/wiki/paramilitary_forces_of_india)
,Para Militry (https://en.wikipedia.org/wiki/Paramilitary_forces_of_India),S3494,6,5,20,19,12,16,14,12,s3494,POOR,POOR,BEST,BEST,AVG,BEST,AVG,AVG,student_3493,para militry (https://en.wikipedia.org/wiki/paramilitary_forces_of_india)
,Para Militry (https://en.wikipedia.org/wiki/Paramilitary_forces_of_India),S3495,5,8,20,18,12,15,12,12,s3495,POOR,POOR,BEST,BEST,AVG,BEST,AVG,AVG,student_3494,para militry (https://en.wikipedia.org/wiki/paramilitary_forces_of_india)
,Para Militry (https://en.wikipedia.org/wiki/Paramilitary_forces_of_India),S3496,6,9,19,17,11,15,11,11,s3496,POOR,POOR,BEST,BEST,AVG,BEST,AVG,AVG,student_3495,para militry (https://en.wikipedia.org/wiki/paramilitary_forces_of_india)
,Para Militry (https://en.wikipedia.org/wiki/Paramilitary_forces_of_India),S3497,9,8,18,16,14,19,13,14,s3497,POOR,POOR,BEST,BEST,AVG,BEST,AVG,AVG,student_3496,para militry (https://en.wikipedia.org/wiki/paramilitary_forces_of_india)
,Para Militry (https://en.wikipedia.org/wiki/Paramilitary_forces_of_India),S3498,8,5,17,15,13,19,14,13,s3498,POOR,POOR,BEST,BEST,AVG,BEST,AVG,AVG,student_3497,para militry (https://en.wikipedia.org/wiki/paramilitary_forces_of_india)
,Para Militry (https://en.wikipedia.org/wiki/Paramilitary_forces_of_India),S3499,5,9,16,17,12,18,12,12,s3499,POOR,POOR,BEST,BEST,AVG,BEST,AVG,AVG,student_3498,para militry (https://en.wikipedia.org/wiki/paramilitary_forces_of_india)
,Para Militry (https://en.wikipedia.org/wiki/Paramilitary_forces_of_India),S3500,7,8,15,16,13,18,13,13,s3500,POOR,POOR,BEST,BEST,AVG,BEST,AVG,AVG,student_3499,para militry (https://en.wikipedia.org/wiki/paramilitary_forces_of_india)
,"Police Force (Spies, CBI officials, CID, Detectives)",S3501,5,9,19,20,12,17,11,12,s3501,POOR,POOR,BEST,BEST,AVG,BEST,AVG,AVG,student_3500,"police force (spies, cbi officials, cid, detectives)"
,"Police Force (Spies, CBI officials, CID, Detectives)",S3502,8,8,18,19,12,20,12,12,s3502,POOR,POOR,BEST,BEST,AVG,BEST,AVG,AVG,student_3501,"police force (spies, cbi officials, cid, detectives)"
,"Police Force (Spies, CBI officials, CID, Detectives)",S3503,9,7,17,18,12,20,12,12,s3503,POOR,POOR,BEST,BEST,AVG,BEST,AVG,AVG,student_3502,"police force (spies, cbi officials, cid, detectives)"
,"Police Force (Spies, CBI officials, CID, Detectives)",S3504,8,6,16,17,12,20,11,12,s3504,POOR,POOR,BEST,BEST,AVG,BEST,AVG,AVG,student_3503,"police force (spies, cbi officials, cid, detectives)"
,"Police Force (Spies, CBI officials, CID, Detectives)",S3505,5,5,15,16,12,20,14,12,s3505,POOR,POOR,BEST,BEST,AVG,BEST,AVG,AVG,student_3504,"police force (spies, cbi officials, cid, detectives)"
,"Police Force (Spies, CBI officials, CID, Detectives)",S3506,9,6,20,15,12,20,13,12,s3506,POOR,POOR,BEST,BEST,AVG,BEST,AVG,AVG,student_3505,"police force (spies, cbi officials, cid, detectives)"
,"Police Force (Spies, CBI officials, CID, Detectives)",S3507,8,5,19,20,12,20,11,12,s3507,POOR,POOR,BEST,BEST,AVG,BEST,AVG,AVG,student_3506,"police force (spies, cbi officials, cid, detectives)"
,"Police Force (Spies, CBI officials, CID, Detectives)",S3508,6,6,18,19,12,20,12,12,s3508,POOR,POOR,BEST,BEST,AVG,BEST,AVG,AVG,student_3507,"police force (spies, cbi officials, cid, detectives)"
,"Police Force (Spies, CBI officials, CID, Detectives)",S3509,9,8,17,18,12,20,12,12,s3509,POOR,POOR,BEST,BEST,AVG,BEST,AVG,AVG,student_3508,"police force (spies, cbi officials, cid, detectives)"
,"Police Force (Spies, CBI officials, CID, Detectives)",S3510,8,9,19,17,13,20,11,13,s3510,POOR,POOR,BEST,BEST,AVG,BEST,AVG,AVG,student_3509,"police force (spies, cbi officials, cid, detectives)"
,"Police Force (Spies, CBI officials, CID, Detectives)",S3511,7,8,19,16,13,20,14,13,s3511,POOR,POOR,BEST,BEST,AVG,BEST,AVG,AVG,student_3510,"police force (spies, cbi officials, cid, detectives)"
,"Police Force (Spies, CBI officials, CID, Detectives)",S3512,6,5,18,15,13,20,13,13,s3512,POOR,POOR,BEST,BEST,AVG,BEST,AVG,AVG,student_3511,"police force (spies, cbi officials, cid, detectives)"
,"Police Force (Spies, CBI officials, CID, Detectives)",S3513,5,9,17,20,13,20,11,13,s3513,POOR,POOR,BEST,BEST,AVG,BEST,AVG,AVG,student_3512,"police force (spies, cbi officials, cid, detectives)"
,"Police Force (Spies, CBI officials, CID, Detectives)",S3514,6,8,16,19,13,20,12,13,s3514,POOR,POOR,BEST,BEST,AVG,BEST,AVG,AVG,student_3513,"police force (spies, cbi officials, cid, detectives)"
,"Police Force (Spies, CBI officials, CID, Detectives)",S3515,5,9,15,18,13,20,12,13,s3515,POOR,POOR,BEST,BEST,AVG,BEST,AVG,AVG,student_3514,"police force (spies, cbi officials, cid, detectives)"
,"Police Force (Spies, CBI officials, CID, Detectives)",S3516,6,8,20,17,13,20,11,13,s3516,POOR,POOR,BEST,BEST,AVG,BEST,AVG,AVG,student_3515,"police force (spies, cbi officials, cid, detectives)"
,"Police Force (Spies, CBI officials, CID, Detectives)",S3517,9,7,19,16,13,20,14,13,s3517,POOR,POOR,BEST,BEST,AVG,BEST,AVG,AVG,student_3516,"police force (spies, cbi officials, cid, detectives)"
,"Police Force (Spies, CBI officials, CID, Detectives)",S3518,8,6,18,15,13,20,13,13,s3518,POOR,POOR,BEST,BEST,AVG,BEST,AVG,AVG,student_3517,"police force (spies, cbi officials, cid, detectives)"
,"Police Force (Spies, CBI officials, CID, Detectives)",S3519,5,5,17,20,13,20,11,13,s3519,POOR,POOR,BEST,BEST,AVG,BEST,AVG,AVG,student_3518,"police force (spies, cbi officials, cid, detectives)"
,"Police Force (Spies, CBI officials, CID, Detectives)",S3520,9,6,19,19,14,20,12,14,s3520,POOR,POOR,BEST,BEST,AVG,BEST,AVG,AVG,student_3519,"police force (spies, cbi officials, cid, detectives)"
,"Police Force (Spies, CBI officials, CID, Detectives)",S3521,8,5,18,18,14,18,12,14,s3521,POOR,POOR,BEST,BEST,AVG,BEST,AVG,AVG,student_3520,"police force (spies, cbi officials, cid, detectives)"
,"Police Force (Spies, CBI officials, CID, Detectives)",S3522,5,6,17,17,14,18,11,14,s3522,POOR,POOR,BEST,BEST,AVG,BEST,AVG,AVG,student_3521,"police force (spies, cbi officials, cid, detectives)"
,"Police Force (Spies, CBI officials, CID, Detectives)",S3523,5,8,16,16,14,18,14,14,s3523,POOR,POOR,BEST,BEST,AVG,BEST,AVG,AVG,student_3522,"police force (spies, cbi officials, cid, detectives)"
,"Police Force (Spies, CBI officials, CID, Detectives)",S3524,5,9,15,15,14,18,13,14,s3524,POOR,POOR,BEST,BEST,AVG,BEST,AVG,AVG,student_3523,"police force (spies, cbi officials, cid, detectives)"
,"Police Force (Spies, CBI officials, CID, Detectives)",S3525,5,8,20,20,14,18,11,14,s3525,POOR,POOR,BEST,BEST,AVG,BEST,AVG,AVG,student_3524,"police force (spies, cbi officials, cid, detectives)"
,"Police Force (Spies, CBI officials, CID, Detectives)",S3526,8,5,19,19,14,18,12,14,s3526,POOR,POOR,BEST,BEST,AVG,BEST,AVG,AVG,student_3525,"police force (spies, cbi officials, cid, detectives)"
,"Police Force (Spies, CBI officials, CID, Detectives)",S3527,8,9,18,18,14,18,12,14,s3527,POOR,POOR,BEST,BEST,AVG,BEST,AVG,AVG,student_3526,"police force (spies, cbi officials, cid, detectives)"
,"Police Force (Spies, CBI officials, CID, Detectives)",S3528,8,8,17,17,14,18,11,14,s3528,POOR,POOR,BEST,BEST,AVG,BEST,AVG,AVG,student_3527,"police force (spies, cbi officials, cid, detectives)"
,"Police Force (Spies, CBI officials, CID, Detectives)",S3529,5,9,19,16,14,18,14,14,s3529,POOR,POOR,BEST,BEST,AVG,BEST,AVG,AVG,student_3528,"police force (spies, cbi officials, cid, detectives)"
,"Police Force (Spies, CBI officials, CID, Detectives)",S3530,8,8,19,15,14,18,13,14,s3530,POOR,POOR,BEST,BEST,AVG,BEST,AVG,AVG,student_3529,"police force (spies, cbi officials, cid, detectives)"
,"Police Force (Spies, CBI officials, CID, Detectives)",S3531,9,7,18,20,14,18,11,14,s3531,POOR,POOR,BEST,BEST,AVG,BEST,AVG,AVG,student_3530,"police force (spies, cbi officials, cid, detectives)"
,"Police Force (Spies, CBI officials, CID, Detectives)",S3532,8,6,17,19,14,15,12,14,s3532,POOR,POOR,BEST,BEST,AVG,BEST,AVG,AVG,student_3531,"police force (spies, cbi officials, cid, detectives)"
,"Police Force (Spies, CBI officials, CID, Detectives)",S3533,5,5,16,18,14,15,12,14,s3533,POOR,POOR,BEST,BEST,AVG,BEST,AVG,AVG,student_3532,"police force (spies, cbi officials, cid, detectives)"
,"Police Force (Spies, CBI officials, CID, Detectives)",S3534,9,6,15,17,14,15,11,14,s3534,POOR,POOR,BEST,BEST,AVG,BEST,AVG,AVG,student_3533,"police force (spies, cbi officials, cid, detectives)"
,"Police Force (Spies, CBI officials, CID, Detectives)",S3535,8,5,20,16,11,15,14,11,s3535,POOR,POOR,BEST,BEST,AVG,BEST,AVG,AVG,student_3534,"police force (spies, cbi officials, cid, detectives)"
,"Police Force (Spies, CBI officials, CID, Detectives)",S3536,9,6,19,15,11,15,13,11,s3536,POOR,POOR,BEST,BEST,AVG,BEST,AVG,AVG,student_3535,"police force (spies, cbi officials, cid, detectives)"
,"Police Force (Spies, CBI officials, CID, Detectives)",S3537,8,8,18,20,11,15,11,11,s3537,POOR,POOR,BEST,BEST,AVG,BEST,AVG,AVG,student_3536,"police force (spies, cbi officials, cid, detectives)"
,"Police Force (Spies, CBI officials, CID, Detectives)",S3538,7,9,17,19,11,16,12,11,s3538,POOR,POOR,BEST,BEST,AVG,BEST,AVG,AVG,student_3537,"police force (spies, cbi officials, cid, detectives)"
,"Police Force (Spies, CBI officials, CID, Detectives)",S3539,6,8,19,18,11,16,12,11,s3539,POOR,POOR,BEST,BEST,AVG,BEST,AVG,AVG,student_3538,"police force (spies, cbi officials, cid, detectives)"
,"Police Force (Spies, CBI officials, CID, Detectives)",S3540,5,5,18,17,11,16,11,11,s3540,POOR,POOR,BEST,BEST,AVG,BEST,AVG,AVG,student_3539,"police force (spies, cbi officials, cid, detectives)"
,"Police Force (Spies, CBI officials, CID, Detectives)",S3541,6,9,17,16,11,16,14,11,s3541,POOR,POOR,BEST,BEST,AVG,BEST,AVG,AVG,student_3540,"police force (spies, cbi officials, cid, detectives)"
,"Police Force (Spies, CBI officials, CID, Detectives)",S3542,5,8,16,15,11,16,13,11,s3542,POOR,POOR,BEST,BEST,AVG,BEST,AVG,AVG,student_3541,"police force (spies, cbi officials, cid, detectives)"
,"Police Force (Spies, CBI officials, CID, Detectives)",S3543,6,9,15,20,11,16,11,11,s3543,POOR,POOR,BEST,BEST,AVG,BEST,AVG,AVG,student_3542,"police force (spies, cbi officials, cid, detectives)"
,"Police Force (Spies, CBI officials, CID, Detectives)",S3544,8,8,20,19,11,16,12,11,s3544,POOR,POOR,BEST,BEST,AVG,BEST,AVG,AVG,student_3543,"police force (spies, cbi officials, cid, detectives)"
,"Police Force (Spies, CBI officials, CID, Detectives)",S3545,9,7,19,18,12,16,12,12,s3545,POOR,POOR,BEST,BEST,AVG,BEST,AVG,AVG,student_3544,"police force (spies, cbi officials, cid, detectives)"
,"Police Force (Spies, CBI officials, CID, Detectives)",S3546,8,6,18,17,12,16,11,12,s3546,POOR,POOR,BEST,BEST,AVG,BEST,AVG,AVG,student_3545,"police force (spies, cbi officials, cid, detectives)"
,"Police Force (Spies, CBI officials, CID, Detectives)",S3547,5,5,17,16,12,16,14,12,s3547,POOR,POOR,BEST,BEST,AVG,BEST,AVG,AVG,student_3546,"police force (spies, cbi officials, cid, detectives)"
,"Police Force (Spies, CBI officials, CID, Detectives)",S3548,9,6,18,15,12,16,13,12,s3548,POOR,POOR,BEST,BEST,AVG,BEST,AVG,AVG,student_3547,"police force (spies, cbi officials, cid, detectives)"
,"Police Force (Spies, CBI officials, CID, Detectives)",S3549,8,5,17,17,12,16,12,12,s3549,POOR,POOR,BEST,BEST,AVG,BEST,AVG,AVG,student_3548,"police force (spies, cbi officials, cid, detectives)"
,"Police Force (Spies, CBI officials, CID, Detectives)",S3550,7,6,20,16,12,16,13,12,s3550,POOR,POOR,BEST,BEST,AVG,BEST,AVG,AVG,student_3549,"police force (spies, cbi officials, cid, detectives)"
,Technician,S3551,5,5,20,11,12,15,13,12,s3551,POOR,POOR,BEST,AVG,AVG,BEST,AVG,AVG,student_3550,technician
,Technician,S3552,6,5,19,12,14,16,11,12,s3552,POOR,POOR,BEST,AVG,AVG,BEST,AVG,AVG,student_3551,technician
,Technician,S3553,7,6,17,11,13,17,12,12,s3553,POOR,POOR,BEST,AVG,AVG,BEST,AVG,AVG,student_3552,technician
,Technician,S3554,8,6,19,12,11,18,14,12,s3554,POOR,POOR,BEST,AVG,AVG,BEST,AVG,AVG,student_3553,technician
,Technician,S3555,9,7,20,11,12,19,13,13,s3555,POOR,POOR,BEST,AVG,AVG,BEST,AVG,AVG,student_3554,technician
,Technician,S3556,10,7,19,12,14,15,13,11,s3556,POOR,POOR,BEST,AVG,AVG,BEST,AVG,AVG,student_3555,technician
,Technician,S3557,5,8,17,13,13,16,13,12,s3557,POOR,POOR,BEST,AVG,AVG,BEST,AVG,AVG,student_3556,technician
,Technician,S3558,6,8,19,14,11,17,13,14,s3558,POOR,POOR,BEST,AVG,AVG,BEST,AVG,AVG,student_3557,technician
,Technician,S3559,7,9,20,11,12,18,13,12,s3559,POOR,POOR,BEST,AVG,AVG,BEST,AVG,AVG,student_3558,technician
,Technician,S3560,8,9,19,12,14,19,11,12,s3560,POOR,POOR,BEST,AVG,AVG,BEST,AVG,AVG,student_3559,technician
,Technician,S3561,9,5,17,11,13,15,12,12,s3561,POOR,POOR,BEST,AVG,AVG,BEST,AVG,AVG,student_3560,technician
,Technician,S3562,10,5,19,12,11,16,14,12,s3562,POOR,POOR,BEST,AVG,AVG,BEST,AVG,AVG,student_3561,technician
,Technician,S3563,5,6,20,13,12,17,11,13,s3563,POOR,POOR,BEST,AVG,AVG,BEST,AVG,AVG,student_3562,technician
,Technician,S3564,6,6,19,14,14,18,11,11,s3564,POOR,POOR,BEST,AVG,AVG,BEST,AVG,AVG,student_3563,technician
,Technician,S3565,7,7,17,11,13,19,11,12,s3565,POOR,POOR,BEST,AVG,AVG,BEST,AVG,AVG,student_3564,technician
,Technician,S3566,8,7,19,12,11,15,11,14,s3566,POOR,POOR,BEST,AVG,AVG,BEST,AVG,AVG,student_3565,technician
,Technician,S3567,9,8,15,11,12,16,13,13,s3567,POOR,POOR,BEST,AVG,AVG,BEST,AVG,AVG,student_3566,technician
,Technician,S3568,10,8,16,12,14,17,11,13,s3568,POOR,POOR,BEST,AVG,AVG,BEST,AVG,AVG,student_3567,technician
,Technician,S3569,5,9,17,13,13,18,12,13,s3569,POOR,POOR,BEST,AVG,AVG,BEST,AVG,AVG,student_3568,technician
,Technician,S3570,6,9,18,14,11,19,14,13,s3570,POOR,POOR,BEST,AVG,AVG,BEST,AVG,AVG,student_3569,technician
,Technician,S3571,7,5,15,11,12,15,12,13,s3571,POOR,POOR,BEST,AVG,AVG,BEST,AVG,AVG,student_3570,technician
,Technician,S3572,8,5,16,12,14,16,12,11,s3572,POOR,POOR,BEST,AVG,AVG,BEST,AVG,AVG,student_3571,technician
,Technician,S3573,9,6,17,11,13,17,12,12,s3573,POOR,POOR,BEST,AVG,AVG,BEST,AVG,AVG,student_3572,technician
,Technician,S3574,10,6,18,12,11,18,12,14,s3574,POOR,POOR,BEST,AVG,AVG,BEST,AVG,AVG,student_3573,technician
,Technician,S3575,5,7,15,13,12,19,13,11,s3575,POOR,POOR,BEST,AVG,AVG,BEST,AVG,AVG,student_3574,technician
,Technician,S3576,6,7,16,14,14,15,11,11,s3576,POOR,POOR,BEST,AVG,AVG,BEST,AVG,AVG,student_3575,technician
,Technician,S3577,7,8,17,11,13,16,12,11,s3577,POOR,POOR,BEST,AVG,AVG,BEST,AVG,AVG,student_3576,technician
,Technician,S3578,8,8,18,12,11,17,14,11,s3578,POOR,POOR,BEST,AVG,AVG,BEST,AVG,AVG,student_3577,technician
,Technician,S3579,9,9,15,11,12,18,12,13,s3579,POOR,POOR,BEST,AVG,AVG,BEST,AVG,AVG,student_3578,technician
,Technician,S3580,10,9,16,12,14,19,12,11,s3580,POOR,POOR,BEST,AVG,AVG,BEST,AVG,AVG,student_3579,technician
,Technician,S3581,5,5,17,13,13,15,12,12,s3581,POOR,POOR,BEST,AVG,AVG,BEST,AVG,AVG,student_3580,technician
,Technician,S3582,6,5,18,14,11,16,12,14,s3582,POOR,POOR,BEST,AVG,AVG,BEST,AVG,AVG,student_3581,technician
,Technician,S3583,7,6,15,11,12,17,13,12,s3583,POOR,POOR,BEST,AVG,AVG,BEST,AVG,AVG,student_3582,technician
,Technician,S3584,8,6,16,12,14,18,11,12,s3584,POOR,POOR,BEST,AVG,AVG,BEST,AVG,AVG,student_3583,technician
,Technician,S3585,9,7,17,11,13,19,12,12,s3585,POOR,POOR,BEST,AVG,AVG,BEST,AVG,AVG,student_3584,technician
,Technician,S3586,10,7,18,12,11,15,14,12,s3586,POOR,POOR,BEST,AVG,AVG,BEST,AVG,AVG,student_3585,technician
,Technician,S3587,5,8,15,13,12,16,11,13,s3587,POOR,POOR,BEST,AVG,AVG,BEST,AVG,AVG,student_3586,technician
,Technician,S3588,6,8,16,14,14,17,11,11,s3588,POOR,POOR,BEST,AVG,AVG,BEST,AVG,AVG,student_3587,technician
,Technician,S3589,7,9,17,11,13,18,11,12,s3589,POOR,POOR,BEST,AVG,AVG,BEST,AVG,AVG,student_3588,technician
,Technician,S3590,8,9,18,12,11,19,11,14,s3590,POOR,POOR,BEST,AVG,AVG,BEST,AVG,AVG,student_3589,technician
,Technician,S3591,9,5,18,11,12,15,13,12,s3591,POOR,POOR,BEST,AVG,AVG,BEST,AVG,AVG,student_3590,technician
,Technician,S3592,10,5,15,12,14,16,11,12,s3592,POOR,POOR,BEST,AVG,AVG,BEST,AVG,AVG,student_3591,technician
,Technician,S3593,5,6,16,13,13,17,12,12,s3593,POOR,POOR,BEST,AVG,AVG,BEST,AVG,AVG,student_3592,technician
,Technician,S3594,6,6,17,14,11,18,14,12,s3594,POOR,POOR,BEST,AVG,AVG,BEST,AVG,AVG,student_3593,technician
,Technician,S3595,7,7,18,11,12,19,14,13,s3595,POOR,POOR,BEST,AVG,AVG,BEST,AVG,AVG,student_3594,technician
,Technician,S3596,8,7,15,12,14,15,14,11,s3596,POOR,POOR,BEST,AVG,AVG,BEST,AVG,AVG,student_3595,technician
,Technician,S3597,9,8,16,11,13,16,14,12,s3597,POOR,POOR,BEST,AVG,AVG,BEST,AVG,AVG,student_3596,technician
,Technician,S3598,10,8,17,12,11,17,14,14,s3598,POOR,POOR,BEST,AVG,AVG,BEST,AVG,AVG,student_3597,technician
,Technician,S3599,6,9,19,13,13,18,13,11,s3599,POOR,POOR,BEST,AVG,AVG,BEST,AVG,AVG,student_3598,technician
,Technician,S3600,8,9,18,14,14,19,14,11,s3600,POOR,POOR,BEST,AVG,AVG,BEST,AVG,AVG,student_3599,technician
